sink,node,parent,x_path,route_hops,graph_hops,cumulative_load
0,0,-1,0,0,0,29.108333333333334
0,1,9,0.32890029095524564,3,3,0.2857142857142857
0,2,51,0.9461909737810128,7,6,0.16666666666666666
0,3,9,0.42437329267783908,3,3,1.3333333333333333
0,4,85,0.66558803839473712,4,4,0.10000000000000001
0,5,20,0.66584642152140439,5,5,0.80952380952380953
0,6,60,0.47211566680019934,3,3,0.33333333333333331
0,7,66,0.39906288612300839,3,3,0.5
0,8,24,0.46578141127478356,3,3,0.25
0,9,43,0.25626485563883777,2,2,5.4162698412698411
0,10,0,0.085832060924162443,1,1,2.0194444444444444
0,11,89,0.5543047043980821,4,4,0.1111111111111111
0,12,10,0.24700232415812534,2,2,0.32500000000000001
0,13,17,0.5522234410518011,4,4,0.10000000000000001
0,14,47,0.68225291707696223,4,4,0.20000000000000001
0,15,3,0.606556351857239,4,4,0.33333333333333331
0,16,46,0.45937622563319325,4,4,0.8833333333333333
0,17,33,0.40652826655794433,3,3,1.411111111111111
0,18,85,0.65614533157786037,4,4,0.2361111111111111
0,19,47,0.61028914414760138,4,4,1.6277777777777775
0,20,31,0.55071534877596695,4,4,3.6761904761904765
0,21,0,0.14640898446064279,1,1,0.16666666666666666
0,22,9,0.42942668688199159,3,3,0.33333333333333331
0,23,82,0.41606210803788435,3,3,0.33333333333333331
0,24,94,0.31702889771868281,2,2,0.69444444444444442
0,25,63,0.72837894059856645,5,5,0.1111111111111111
0,26,9,0.30878517624994184,3,2,0.125
0,27,9,0.44918487800115736,3,3,0.33333333333333331
0,28,32,0.35685318236827168,2,2,3.7039682539682541
0,29,63,0.73184774202754055,5,5,0.45833333333333331
0,30,0,0.11036049382344043,1,1,2.9039682539682543
0,31,60,0.40584971449918544,3,3,3.961904761904762
0,32,0,0.18039804734532575,1,1,8.5325396825396833
0,33,40,0.26112281225932055,2,2,1.836111111111111
0,34,18,0.76264211838584117,5,5,0.125
0,35,16,0.57695060246328422,5,4,0.43333333333333335
0,36,10,0.23953994115377181,2,2,1.1111111111111112
0,37,99,0.74318964830864953,6,5,0.125
0,38,28,0.54662412215813683,3,3,0.33333333333333331
0,39,60,0.42591959213610542,3,3,0.16666666666666666
0,40,0,0.11435550827072982,1,1,8.0833333333333339
0,41,10,0.28154768786082807,2,2,0.33333333333333331
0,42,29,0.85146487458991726,6,6,0.33333333333333331
0,43,0,0.056490385064695066,1,1,5.9162698412698411
0,44,85,0.62081045094761722,4,4,1.1428571428571428
0,45,47,0.6890212259155184,4,4,0.20000000000000001
0,46,82,0.33858270181269973,3,3,1.8833333333333333
0,47,28,0.52585988062147715,3,3,2.5277777777777777
0,48,55,0.55438269938083529,4,4,0.20000000000000001
0,49,84,0.9199228526591644,6,6,0.5
0,50,9,0.36201285006005091,3,3,0.25
0,51,84,0.77437739998757127,6,6,1.1666666666666667
0,52,9,0.35451309170335749,3,3,0.5
0,53,91,0.36773204497677114,3,3,0.20000000000000001
0,54,96,0.87848827630422854,6,6,1
0,55,33,0.40609801508212107,3,3,0.32500000000000001
0,56,28,0.51017082092867394,3,3,0.33333333333333331
0,57,19,0.80370068306159037,5,5,0.10000000000000001
0,58,9,0.3680011776783666,3,3,0.5
0,59,28,0.42127078994053269,3,3,0.14285714285714285
0,60,32,0.28916290340079631,2,2,4.628571428571429
0,61,35,0.70729434592577356,6,5,0.10000000000000001
0,62,44,0.74067579526651206,5,5,0.14285714285714285
0,63,72,0.53943139013444785,4,4,2.0055555555555555
0,64,76,0.69519646091290044,5,4,0.20000000000000001
0,65,86,0.86712172172293578,7,6,0.33333333333333331
0,66,40,0.21669436830355446,2,2,3.2055555555555557
0,67,24,0.46556803960598681,3,3,0.1111111111111111
0,68,0,0.18964192256175935,1,1,0.66666666666666663
0,69,12,0.35899561175156058,3,2,0.125
0,70,30,0.2931600941902458,2,2,2.4039682539682543
0,71,68,0.28143848628125179,2,2,0.33333333333333331
0,72,66,0.35068971446034408,3,3,2.2055555555555557
0,73,70,0.45111776905199907,3,3,0.42500000000000004
0,74,17,0.57716183260311205,4,4,0.20000000000000001
0,75,83,0.52084398062715076,4,4,0.1111111111111111
0,76,73,0.64532499483609318,4,4,0.30000000000000004
0,77,47,0.72330573695679989,4,4,0.33333333333333331
0,78,28,0.55633755144519415,3,3,0.16666666666666666
0,79,9,0.42624157304065841,3,3,0.16666666666666666
0,80,96,0.8885082263643268,6,6,0.16666666666666666
0,81,63,0.68572722260340024,5,5,1
0,82,40,0.22941837071207061,2,2,2.4666666666666668
0,83,9,0.43286512109637504,3,3,0.27777777777777779
0,84,20,0.72058666216774103,5,5,1.7666666666666666
0,85,70,0.49040935160382809,3,3,1.8123015873015873
0,86,5,0.78105360325586504,6,6,0.47619047619047616
0,87,63,0.73238617162469266,5,5,0.125
0,88,20,0.71042593637259821,5,5,0.10000000000000001
0,89,9,0.38959794428261396,3,3,0.61111111111111116
0,90,1,0.52760437231665747,4,4,0.14285714285714285
0,91,40,0.28564422561941888,2,2,0.45000000000000001
0,92,9,0.31945707097104781,3,2,0.20000000000000001
0,93,17,0.5415183903623606,4,4,1
0,94,0,0.17849733655917535,1,1,0.81944444444444442
0,95,36,0.32324583822175035,3,2,1
0,96,19,0.80229117781563186,5,5,1.4166666666666665
0,97,63,0.71939403604557051,5,5,0.20000000000000001
0,98,31,0.52061071510756829,4,4,0.14285714285714285
0,99,16,0.60205871848722148,5,4,0.32500000000000001
1,0,43,0.32890029095524564,3,3,1
1,1,-1,0,0,0,29.965476190476188
1,2,51,0.84140457170004779,6,6,0.16666666666666666
1,3,1,0.13177683277120406,1,1,1
1,4,85,0.7826500367231275,5,5,0.20000000000000001
1,5,20,0.56106001944043937,4,4,1.9761904761904761
1,6,79,0.24885791861902762,2,2,0.33333333333333331
1,7,66,0.63696484574077483,4,4,0.5
1,8,24,0.7458230885089614,5,5,0.25
1,9,1,0.072635435316407856,1,1,11.505555555555556
1,10,43,0.38555057627284639,3,3,2.1444444444444444
1,11,89,0.22569675741387721,2,2,0.1111111111111111
1,12,10,0.54672083950680928,4,4,0.32500000000000001
1,13,17,0.79058037362916844,6,5,0.10000000000000001
1,14,78,0.71897489777604795,5,5,0.20000000000000001
1,15,83,0.29509960022244847,2,2,0.33333333333333331
1,16,46,0.6658211049802204,5,5,0.65000000000000002
1,17,33,0.64488519913531173,5,4,1.411111111111111
1,18,85,0.77320732990625074,5,5,0.2361111111111111
1,19,78,0.64516006237966439,5,5,0.3611111111111111
1,20,31,0.44592894669500194,3,3,4.9428571428571431
1,21,43,0.42354419056812154,3,3,0.86111111111111105
1,22,1,0.11057878570871749,1,1,0.44444444444444442
1,23,82,0.64966150644249521,4,4,0.33333333333333331
1,24,21,0.59707057495286064,4,4,0.69444444444444442
1,25,63,0.96628090021633284,6,6,0.1111111111111111
1,26,1,0.078704912087873571,1,1,2.1416666666666666
1,27,1,0.17461558170277081,1,1,0.33333333333333331
1,28,60,0.43110444263444692,3,3,1.4277777777777776
1,29,63,0.96974970164530694,6,6,0.45833333333333331
1,30,43,0.32714820518340876,3,3,0.5
1,31,58,0.30106331241822043,2,2,5.0857142857142863
1,32,26,0.26724673992945519,2,2,2.0166666666666666
1,33,40,0.49947974483668789,4,4,1.836111111111111
1,34,18,0.87970411671423154,6,6,0.125
1,35,73,0.72927551640419974,5,5,0.33333333333333331
1,36,10,0.53925845650245574,4,4,1.1111111111111112
1,37,99,0.94963452765567657,7,6,0.125
1,38,59,0.57836888398221076,4,4,0.53333333333333333
1,39,79,0.32031224947431036,2,2,0.16666666666666666
1,40,43,0.35271244084809722,3,3,2.2111111111111112
1,41,10,0.58126620320951194,4,4,0.33333333333333331
1,42,29,1.0893668342076837,7,7,0.33333333333333331
1,43,9,0.27240990589055059,2,2,11.005555555555556
1,44,56,0.73505739272226711,5,5,1
1,45,38,0.72377910254232647,5,5,0.20000000000000001
1,46,70,0.54502758115972683,4,4,1.6499999999999999
1,47,59,0.56622605668574655,4,4,0.16666666666666666
1,48,55,0.79273963195820263,6,5,0.20000000000000001
1,49,84,0.81513645057819939,5,5,0.5
1,50,1,0.050037473832177791,1,1,0.25
1,51,84,0.66959099790660626,5,5,1.1666666666666667
1,52,1,0.082198909301587533,1,1,0.5
1,53,66,0.60597059634066275,4,4,0.20000000000000001
1,54,86,0.83930773154854799,6,6,1
1,55,33,0.64445494765948841,5,4,0.32500000000000001
1,56,59,0.57060374333058594,4,4,1.5761904761904761
1,57,84,0.78601620352259682,5,5,0.10000000000000001
1,58,1,0.1024883893647591,1,1,5.5857142857142863
1,59,60,0.43561124944650337,3,3,3.68015873015873
1,60,92,0.28194456748071284,2,2,5.2746031746031736
1,61,4,0.83835177729629462,6,6,0.10000000000000001
1,62,76,0.85368816726909669,6,6,0.14285714285714285
1,63,72,0.77733334975221424,5,5,1.8055555555555556
1,64,78,0.78162111703352721,5,5,0.20000000000000001
1,65,86,0.76233531964197077,6,5,0.33333333333333331
1,66,43,0.45459632792132093,3,3,3.2055555555555557
1,67,24,0.74560971684016464,5,5,0.1111111111111111
1,68,71,0.24033128864703737,2,2,0.33333333333333331
1,69,12,0.65871412710024457,5,5,0.125
1,70,32,0.42810288642429156,3,3,1.8166666666666667
1,71,1,0.14853472492754494,1,1,0.66666666666666663
1,72,66,0.58859167407811053,4,4,2.0055555555555555
1,73,28,0.56722134394945778,4,4,0.45833333333333331
1,74,17,0.81551876518047939,6,5,0.20000000000000001
1,75,22,0.20216983392324148,2,2,0.1111111111111111
1,76,56,0.73821398204286115,5,5,0.24285714285714285
1,77,78,0.7629838569793348,5,5,0.33333333333333331
1,78,59,0.58985070894370761,4,4,1.2611111111111111
1,79,1,0.1496669364845232,1,1,0.80952380952380953
1,80,86,0.8258388129493146,6,6,0.16666666666666666
1,81,63,0.92362918222116663,6,6,1
1,82,43,0.46301776911668147,3,3,0.58333333333333326
1,83,1,0.11456460614848575,1,1,0.5
1,84,20,0.61580026008677602,4,4,1.8666666666666667
1,85,28,0.60747134993221841,4,4,0.76944444444444438
1,86,5,0.67626720117490002,5,5,1.6428571428571428
1,87,63,0.97028813124245905,6,6,0.125
1,88,20,0.6056395342916332,4,4,0.10000000000000001
1,89,1,0.060989997298409065,1,1,0.61111111111111116
1,90,1,0.19870408136141185,1,1,0.14285714285714285
1,91,40,0.52400115819678628,4,4,0.25
1,92,1,0.09365906164418894,1,1,5.4746031746031738
1,93,17,0.77987532293972794,6,5,1
1,94,10,0.47830668228761597,4,4,0.125
1,95,36,0.62296435357043423,5,5,1
1,96,19,0.83716209604769487,6,6,0.25
1,97,99,0.94647990469288124,7,6,0.20000000000000001
1,98,79,0.31550622309224252,2,2,0.14285714285714285
1,99,16,0.80850359783424852,6,5,0.52500000000000002
2,0,32,0.9461909737810128,7,6,1
2,1,58,0.84140457170004779,6,6,0.14285714285714285
2,2,-1,0,0,0,29.94166666666667
2,3,27,0.72929548396410826,6,5,1
2,4,18,0.52988758403906999,4,4,0.10000000000000001
2,5,86,0.28176574090644962,2,2,0.33333333333333331
2,6,39,0.62003355685376349,5,5,0.69841269841269837
2,7,16,0.83980519274724541,5,5,0.59999999999999998
2,8,55,1.0371575009091316,7,6,0.3611111111111111
2,9,58,0.85065250437481743,6,6,1.1666666666666665
2,10,40,0.97833780867251108,7,6,1.3611111111111112
2,11,75,0.96111084572112715,7,7,0.1111111111111111
2,12,94,1.1010848002959142,7,7,0.20000000000000001
2,13,7,1.0247148740418039,6,6,0.10000000000000001
2,14,96,0.29869281249125756,2,2,0.20000000000000001
2,15,98,0.73557864943733642,5,5,0.33333333333333331
2,16,85,0.65449629985704905,4,4,3.1666666666666665
2,17,23,0.88568216108772979,6,5,0.1111111111111111
2,18,77,0.50450413325656707,3,3,0.21111111111111111
2,19,57,0.33827328690844038,2,2,10.515079365079366
2,20,84,0.39547562500504585,3,3,10.235317460317461
2,21,66,0.96437599141701469,6,6,0.5
2,22,27,0.80241463127310397,6,6,0.33333333333333331
2,23,16,0.7571934032698745,5,5,2.4416666666666664
2,24,21,1.1379023758017539,7,7,0.33333333333333331
2,25,97,0.99081237185133797,6,6,0.1111111111111111
2,26,58,0.80047360891704467,6,6,0.125
2,27,39,0.6730674657931327,5,5,1.8333333333333333
2,28,47,0.5917092486877702,4,4,1.8527777777777779
2,29,97,0.87882417348379183,6,6,0.125
2,30,60,0.85466165984301434,6,5,0.5
2,31,20,0.5403412592818273,4,4,5.144047619047619
2,32,60,0.76579292643568708,6,5,1.7
2,33,46,0.83794128909407106,5,5,0.10000000000000001
2,34,62,0.55550711330063607,4,4,0.125
2,35,44,0.58756193719368799,4,4,0.33333333333333331
2,36,10,1.1320456889021204,8,7,1.1111111111111112
2,37,61,0.7013883751533575,5,5,0.45833333333333331
2,38,19,0.40542371918869557,3,3,0.33333333333333331
2,39,20,0.5249003425189368,4,4,3.6150793650793647
2,40,70,0.87117833501206943,6,5,1.4861111111111112
2,41,94,1.1430464482333162,7,7,0.33333333333333331
2,42,37,0.89600639215412892,6,6,0.33333333333333331
2,43,32,0.89264022952561106,7,6,0.5
2,44,45,0.4807841342142507,3,3,3.0944444444444446
2,45,96,0.2853030974226527,2,2,3.3944444444444448
2,46,73,0.70111855189572958,4,4,3.7833333333333337
2,47,19,0.42270255043456462,3,3,2.0194444444444444
2,48,93,0.96521342247180197,7,6,0.20000000000000001
2,49,2,0.027498491458102143,1,1,0.5
2,50,79,0.88977818657852648,6,6,0.25
2,51,2,0.17181357379344148,1,1,11.43531746031746
2,52,58,0.75931048615222241,6,6,0.5
2,53,46,0.80994542739987208,5,5,0.20000000000000001
2,54,2,0.07305350046294283,1,1,1
2,55,23,0.86698657698602666,6,5,0.68611111111111112
2,56,19,0.45850565225143014,3,3,0.33333333333333331
2,57,2,0.1448617479944514,1,1,10.615079365079366
2,58,31,0.73891618233528866,5,5,2.6345238095238095
2,59,78,0.54782209984160146,4,4,0.14285714285714285
2,60,31,0.65702807038021649,5,5,2.3666666666666667
2,61,64,0.56444655445252856,4,4,0.55833333333333335
2,62,77,0.49722498287022415,3,3,0.26785714285714285
2,63,23,0.91211049040368808,6,6,0.1111111111111111
2,64,77,0.39156670231152252,3,3,0.7583333333333333
2,65,2,0.091595975039579725,1,1,0.33333333333333331
2,66,46,0.84027904183319002,5,5,1.7833333333333332
2,67,8,1.0919481738583925,8,7,0.1111111111111111
2,68,9,1.0492748822891649,7,7,0.33333333333333331
2,69,94,1.209554994931233,7,7,0.125
2,70,28,0.6745282440551319,5,4,1.6527777777777779
2,71,9,0.97609319176462273,7,7,0.33333333333333331
2,72,46,0.8183938271659198,5,5,0.20000000000000001
2,73,19,0.52047333220964132,3,3,3.9083333333333337
2,74,55,1.0485229355300243,7,6,0.20000000000000001
2,75,6,0.81667275777200299,6,6,0.36507936507936506
2,76,45,0.42809777114836345,3,3,0.10000000000000001
2,77,96,0.30681317887614518,2,2,1.5706349206349206
2,78,19,0.39358264034439716,3,3,0.30952380952380953
2,79,39,0.69554565550872394,5,5,0.91666666666666663
2,80,2,0.061134144940793292,1,1,0.16666666666666666
2,81,97,0.97406886389808922,6,6,1
2,82,46,0.81028288299635876,5,5,0.25
2,83,27,0.80069472381222728,6,6,0.16666666666666666
2,84,51,0.22560431161327174,2,2,10.33531746031746
2,85,19,0.50574499819020391,3,3,3.5
2,86,2,0.16655855917198895,1,1,0.47619047619047616
2,87,97,0.94752992321711949,6,6,0.125
2,88,51,0.34262344805536926,2,2,0.10000000000000001
2,89,79,0.86144308260066893,6,6,0.5
2,90,75,0.8812304034529167,7,6,0.14285714285714285
2,91,46,0.79870228151653755,5,5,0.25
2,92,58,0.79827184003044294,6,6,0.20000000000000001
2,93,23,0.9515468614017859,6,6,1.2
2,94,66,1.0262652088429178,6,6,0.78333333333333321
2,95,36,1.2157515859700989,9,7,1
2,96,2,0.14730884998648824,1,1,5.4150793650793654
2,97,99,0.81269591339645941,5,5,1.5611111111111111
2,98,20,0.5630259532465085,4,4,0.47619047619047616
2,99,44,0.6747196065378267,4,4,1.7611111111111111
3,0,43,0.42437329267783908,3,3,1
3,1,3,0.13177683277120406,1,1,0.47619047619047616
3,2,51,0.72929548396410815,6,5,0.16666666666666666
3,3,-1,0,0,0,29.108333333333334
3,4,85,0.72486688131789023,5,4,0.32500000000000001
3,5,20,0.44895093170449979,4,3,1.9761904761904761
3,6,3,0.12288213855597414,1,1,0.33333333333333331
3,7,82,0.68079751923009435,4,4,0.69999999999999996
3,8,24,0.84129609023155494,5,5,0.25
3,9,3,0.16810843703900127,1,1,5.4638888888888886
3,10,43,0.48102357799543982,3,3,2.1444444444444444
3,11,83,0.23663953299158888,2,2,0.1111111111111111
3,12,10,0.64219384122940271,4,4,0.32500000000000001
3,13,17,0.84611326386432462,6,5,0.10000000000000001
3,14,78,0.66119174237081069,5,4,0.20000000000000001
3,15,3,0.18218305917939995,1,1,0.33333333333333331
3,16,46,0.64848053536653605,5,4,0.125
3,17,91,0.7004180893704679,5,4,0.41111111111111109
3,18,85,0.71542417450101348,5,4,0.2361111111111111
3,19,78,0.58737690697442713,5,4,0.1111111111111111
3,20,39,0.33381985895906235,3,2,5.1928571428571431
3,21,43,0.51901719229071497,3,3,0.86111111111111105
3,22,3,0.07353747678823716,1,1,0.33333333333333331
3,23,46,0.63739166249456281,5,4,1.6805555555555556
3,24,21,0.69254357667545419,4,4,0.69444444444444442
3,25,63,0.98125630009249487,7,6,0.1111111111111111
3,26,3,0.12392558102885863,1,1,0.125
3,27,3,0.056228018170975509,1,1,5.6928571428571431
3,28,60,0.37332128722920965,3,3,2.411111111111111
3,29,97,0.97546503623060099,8,6,0.125
3,30,32,0.38870572885980448,3,3,0.5
3,31,3,0.19703292066809466,1,1,0.14285714285714285
3,32,92,0.29960953101786869,2,2,3.2361111111111112
3,33,82,0.56607754272498723,4,4,0.10000000000000001
3,34,18,0.82192096130899428,6,5,0.125
3,35,73,0.67149236099896248,5,4,1.1916666666666667
3,36,10,0.63473145822504917,4,4,1.1111111111111112
3,37,4,0.90771996991575521,6,5,0.125
3,38,59,0.52058572857697349,4,3,0.53333333333333333
3,39,27,0.2043951414451714,2,2,5.35952380952381
3,40,43,0.44818544257069065,3,3,0.125
3,41,10,0.67673920493210549,4,4,0.33333333333333331
3,42,97,1.0674803786102633,8,6,0.33333333333333331
3,43,9,0.36788290761314402,2,2,4.6305555555555555
3,44,56,0.67727423731702974,5,4,1
3,45,38,0.66599594713708921,5,4,0.20000000000000001
3,46,70,0.52768701154604247,4,4,4.0055555555555555
3,47,59,0.50844290128050929,4,3,0.16666666666666666
3,48,7,0.84248812805902029,5,5,0.20000000000000001
3,49,84,0.70302736284225986,5,4,0.5
3,50,3,0.17086955907230769,1,1,0.25
3,51,84,0.55748191017066673,5,4,1.1666666666666667
3,52,3,0.071380759142226594,1,1,0.5
3,53,46,0.63651388705018497,5,4,1.2
3,54,86,0.72719864381260846,6,5,1
3,55,82,0.69448425776321732,4,4,0.125
3,56,59,0.51282058792534857,4,3,1.5761904761904761
3,57,84,0.6739071157866573,5,4,0.34999999999999998
3,58,3,0.066652869661918787,1,1,0.5
3,59,60,0.37782809404126605,3,2,3.43015873015873
3,60,79,0.22416141207547552,2,2,10.18015873015873
3,61,4,0.78056862189105736,6,5,0.10000000000000001
3,62,76,0.79590501186385931,6,5,0.14285714285714285
3,63,23,0.79230874962837627,6,5,1.3472222222222223
3,64,78,0.72383796162828995,5,4,0.20000000000000001
3,65,86,0.65022623190603124,6,4,0.33333333333333331
3,66,82,0.53453661845660705,4,3,0.5
3,67,24,0.84108271856275818,5,5,0.1111111111111111
3,68,9,0.3667308149533488,2,2,0.33333333333333331
3,69,12,0.754187128822838,5,5,0.125
3,70,60,0.41076231681060721,3,3,4.1722222222222225
3,71,1,0.28031155769874899,2,2,0.33333333333333331
3,72,82,0.63096714537392906,4,4,0.20000000000000001
3,73,28,0.50943818854422052,4,3,1.3166666666666667
3,74,17,0.87105165541563556,6,5,0.20000000000000001
3,75,3,0.12792984017709316,1,1,0.1111111111111111
3,76,56,0.68043082663762378,5,4,0.24285714285714285
3,77,78,0.70520070157409753,5,4,0.33333333333333331
3,78,59,0.53206755353847035,4,3,1.0111111111111111
3,79,3,0.038330567460843332,1,1,10.346825396825396
3,80,86,0.71372972521337519,6,5,0.16666666666666666
3,81,63,0.93860458209732867,7,6,1
3,82,32,0.49896393004026812,3,3,2.536111111111111
3,83,3,0.072146368715661324,1,1,0.27777777777777779
3,84,20,0.50369117235083649,4,3,2.1166666666666667
3,85,28,0.54968819452698114,4,3,0.89444444444444438
3,86,5,0.5641581134389605,5,4,1.6428571428571428
3,87,63,0.98526353111862108,7,6,0.125
3,88,20,0.49353044655569356,4,3,0.10000000000000001
3,89,3,0.13580511415831978,1,1,0.5
3,90,3,0.16834729404467683,1,1,0.14285714285714285
3,91,82,0.56468935474298665,4,4,0.66111111111111109
3,92,3,0.12487727233687379,1,1,3.4361111111111113
3,93,53,0.82973648962843738,6,5,1
3,94,10,0.5737796840102094,4,4,0.125
3,95,36,0.71843735529302766,5,5,1
3,96,57,0.73363932058837278,6,5,0.25
3,97,99,0.90933677614326858,7,6,0.65833333333333333
3,98,3,0.18438315347118611,1,1,0.14285714285714285
3,99,35,0.77136046928463586,6,5,0.85833333333333339
4,0,30,0.66558803839473724,4,4,1.3333333333333333
4,1,92,0.78265003672312738,5,5,0.14285714285714285
4,2,96,0.52988758403906999,4,4,0.16666666666666666
4,3,79,0.72486688131789001,5,4,1.1428571428571428
4,4,-1,0,0,0,30.008333333333336
4,5,86,0.63651797190392134,5,5,0.33333333333333331
4,6,31,0.64464244382671732,4,4,0.77777777777777768
4,7,16,0.3989523795261673,3,3,0.59999999999999998
4,8,55,0.59630468768805334,5,4,0.69444444444444442
4,9,92,0.75218319041114856,5,5,0.5
4,10,66,0.65078958284925603,5,4,0.25
4,11,83,0.96118987826761915,6,6,0.1111111111111111
4,12,94,0.73440325885664892,6,5,0.20000000000000001
4,13,7,0.58386206082072589,4,4,0.10000000000000001
4,14,76,0.23413276852601705,2,2,2.3095238095238098
4,15,6,0.82108572037768646,5,5,0.33333333333333331
4,16,35,0.21364348663597096,2,2,8.4361111111111118
4,17,23,0.44482934786665174,4,3,0.1111111111111111
4,18,4,0.025383450782502912,1,1,2.5277777777777777
4,19,44,0.2416294819719623,2,2,0.1111111111111111
4,20,31,0.69194241947522794,4,4,1
4,21,66,0.59769444997774956,5,4,0.27777777777777779
4,22,79,0.79782507158311411,5,5,0.33333333333333331
4,23,16,0.31634059004879644,3,2,2.7749999999999999
4,24,8,0.74505720124415409,6,5,0.33333333333333331
4,25,97,0.47192986497588885,3,3,0.1111111111111111
4,26,92,0.70424022494772887,5,4,0.125
4,27,60,0.67899604116920909,4,4,0.33333333333333331
4,28,85,0.35154559408868047,2,2,5.8718253968253968
4,29,97,0.35994166660834276,3,2,0.125
4,30,70,0.55522754457129675,3,3,2.333333333333333
4,31,59,0.54707678519844649,3,3,2.2301587301587298
4,32,28,0.52800072911162643,3,3,0.20000000000000001
4,33,46,0.47125974765480599,4,3,0.10000000000000001
4,34,4,0.098251216541855174,1,1,0.125
4,35,4,0.096069109805880001,1,1,8.7694444444444457
4,36,21,0.76974693315041853,6,5,0.1111111111111111
4,37,4,0.18285308859786492,1,1,0.45833333333333331
4,38,78,0.27183647687601953,3,2,0.33333333333333331
4,39,31,0.5676799489809029,4,4,0.16666666666666666
4,40,82,0.55866420399843442,5,3,0.125
4,41,94,0.77636490679405101,6,5,0.33333333333333331
4,42,37,0.37747110559863634,2,2,0.33333333333333331
4,43,30,0.60996584386415487,4,4,0.5
4,44,4,0.060545689005479776,1,1,2.1111111111111112
4,45,76,0.24715287623085735,2,2,0.20000000000000001
4,46,16,0.33443701045646451,3,3,4.5361111111111114
4,47,44,0.25125425773368842,2,2,0.16666666666666666
4,48,93,0.52436060925072392,5,4,0.20000000000000001
4,49,96,0.51345002974186249,4,4,0.5
4,50,92,0.83075972173734702,5,5,0.25
4,51,57,0.55270498123076262,4,4,1
4,52,58,0.70890104492415285,5,5,0.5
4,53,16,0.37146611721806477,3,3,0.20000000000000001
4,54,96,0.45877583254117837,4,4,1
4,55,23,0.42613376376494855,4,3,1.0194444444444444
4,56,44,0.22499933839716094,2,2,0.33333333333333331
4,57,14,0.40914826053019149,3,3,2.1095238095238096
4,58,60,0.6885067411072191,4,4,1.5
4,59,85,0.3555418878181319,2,2,2.3730158730158726
4,60,28,0.50070546924241455,3,3,5.4718253968253965
4,61,4,0.05570174057316709,1,1,0.10000000000000001
4,62,4,0.096868684581298423,1,1,0.14285714285714285
4,63,23,0.47125767718260997,4,3,0.1111111111111111
4,64,4,0.13946522737736006,1,1,0.20000000000000001
4,65,57,0.47793226620776225,4,4,0.33333333333333331
4,66,46,0.4735975003939249,4,3,2.8111111111111109
4,67,8,0.6510953606373141,6,5,0.1111111111111111
4,68,0,0.85522996095649662,5,5,0.33333333333333331
4,69,94,0.84287345349196785,6,5,0.125
4,70,85,0.37242794420449132,2,2,2.4999999999999996
4,71,92,0.87762361430567248,5,5,0.33333333333333331
4,72,16,0.39395881242651298,3,3,0.20000000000000001
4,73,85,0.21621584115204223,2,2,0.125
4,74,55,0.60767012230894613,5,4,0.20000000000000001
4,75,6,0.8412816447449567,5,5,0.1111111111111111
4,76,4,0.10435820250514656,1,1,2.60952380952381
4,77,18,0.22307440516292476,2,2,2.4166666666666665
4,78,44,0.25922741691416068,2,2,0.5
4,79,60,0.68653631385704672,4,4,1.9206349206349205
4,80,96,0.46879578260127669,4,4,0.16666666666666666
4,81,97,0.4551863570226401,3,3,1
4,82,46,0.44360134155709363,4,3,0.375
4,83,79,0.79669671399169162,5,5,0.27777777777777779
4,84,57,0.57936420396601229,4,4,0.20000000000000001
4,85,4,0.17517868679090903,1,1,11.203174603174602
4,86,57,0.52131079016946069,4,4,0.47619047619047616
4,87,97,0.42864741634167036,3,3,0.125
4,88,84,0.70375269669085971,5,5,0.10000000000000001
4,89,58,0.82481674622492429,5,5,0.5
4,90,3,0.89321417536256686,6,5,0.14285714285714285
4,91,46,0.43202074007727254,4,3,0.25
4,92,60,0.68899097507893847,4,4,1.5511904761904762
4,93,23,0.51069404818070785,4,3,1.2
4,94,66,0.6595836674036526,5,4,1.7833333333333332
4,95,94,0.85081850472395715,6,5,1
4,96,77,0.38257873405258169,3,3,2.083333333333333
4,97,99,0.29381340652101029,2,2,1.5611111111111111
4,98,31,0.66183778580682928,4,4,0.14285714285714285
4,99,4,0.15583709966237755,1,1,1.7611111111111111
5,0,32,0.66584642152140439,5,5,1
5,1,58,0.56106001944043937,4,4,0.14285714285714285
5,2,86,0.28176574090644962,2,2,0.16666666666666666
5,3,27,0.44895093170449979,4,3,1
5,4,76,0.63651797190392145,5,5,0.10000000000000001
5,5,-1,0,0,0,29.775000000000006
5,6,39,0.33968900459415508,3,3,0.69841269841269837
5,7,46,0.83401606677509377,6,6,0.69999999999999996
5,8,17,1.0249026663008802,7,7,0.25
5,9,58,0.57030795211520902,4,4,1.1666666666666665
5,10,30,0.72139524956335754,5,5,1.6944444444444444
5,11,75,0.68076629346151873,5,5,0.1111111111111111
5,12,94,0.87628907961551961,7,6,0.20000000000000001
5,13,55,1.0180626754825237,7,7,0.10000000000000001
5,14,57,0.40238520337790434,3,3,4.1638888888888896
5,15,98,0.455234097177728,3,3,0.33333333333333331
5,16,85,0.73700426323632762,5,5,0.125
5,17,46,0.87318292364642458,6,6,0.3611111111111111
5,18,76,0.61116887387461161,5,4,0.1111111111111111
5,19,57,0.4207812502877189,3,3,1.5694444444444444
5,20,5,0.11513107274543745,1,1,19.18095238095238
5,21,30,0.73621297136046637,5,5,0.61111111111111105
5,22,27,0.52207007901349556,4,4,0.33333333333333331
5,23,46,0.78991376853969542,6,6,0.44444444444444442
5,24,21,0.90973935574520559,6,6,0.44444444444444442
5,25,97,1.0945515018132836,7,7,0.1111111111111111
5,26,58,0.52012905665743625,4,4,0.125
5,27,39,0.39272291353352429,3,3,1.8333333333333333
5,28,59,0.51594921197479449,4,4,0.20000000000000001
5,29,97,0.9825633034457375,7,7,0.125
5,30,60,0.57431710758340593,4,4,2.8055555555555554
5,31,20,0.25999670702221894,2,2,14.08968253968254
5,32,60,0.48544837417607861,4,4,3.125
5,33,82,0.75191638588319709,6,5,0.10000000000000001
5,34,62,0.67264614460489225,5,5,0.125
5,35,44,0.69130106715563366,5,5,0.33333333333333331
5,36,10,0.87510312979296689,6,6,1.1111111111111112
5,37,61,0.81816988671584889,6,6,0.45833333333333331
5,38,19,0.48793168256797415,4,4,0.33333333333333331
5,39,20,0.24455579025932839,2,2,3.6150793650793647
5,40,32,0.63558671260971167,5,5,0.57499999999999996
5,41,10,0.9171108765000231,6,6,0.33333333333333331
5,42,37,1.0127879037166203,7,7,0.33333333333333331
5,43,32,0.61229567726600254,5,5,0.5
5,44,14,0.58452326417619638,4,4,3.0944444444444446
5,45,57,0.389519216905863,3,3,0.40000000000000002
5,46,70,0.68020911759117508,5,5,4.3305555555555557
5,47,19,0.50521051381384308,4,4,0.16666666666666666
5,48,7,0.99570667560401971,7,7,0.20000000000000001
5,49,86,0.25556804479615042,2,2,0.5
5,50,79,0.60943363431891806,4,4,0.25
5,51,5,0.11317519265161881,1,1,1
5,52,58,0.47896593389261399,4,4,0.5
5,53,46,0.78903599309531769,6,6,1.2
5,54,86,0.27824771210810867,2,2,1
5,55,46,0.85912579115485388,6,6,0.42500000000000004
5,56,19,0.5410136156307086,4,4,0.33333333333333331
5,57,86,0.22736971137372994,2,2,6.8345238095238106
5,58,31,0.45857163007568025,3,3,2.6345238095238095
5,59,31,0.45153160440253348,3,3,0.46785714285714286
5,60,31,0.37668351812060807,3,3,10.844444444444445
5,61,76,0.68122806601501995,5,5,0.55833333333333335
5,62,77,0.61436401417448028,4,4,0.26785714285714285
5,63,23,0.944830855673509,7,7,0.1111111111111111
5,64,45,0.50869360014947473,4,4,0.20000000000000001
5,65,86,0.20127530020153145,2,2,0.33333333333333331
5,66,82,0.72037546161481691,6,5,0.5
5,67,24,1.0582784976325095,7,7,0.1111111111111111
5,68,9,0.76893033002955646,5,5,0.33333333333333331
5,69,94,0.98475927425083853,7,7,0.125
5,70,60,0.56328442285573976,4,4,4.7472222222222227
5,71,9,0.69574863950501431,5,5,0.33333333333333331
5,72,46,0.7974843928613653,6,6,0.20000000000000001
5,73,59,0.59807993453820962,4,4,0.125
5,74,55,1.0406621496988515,7,7,0.20000000000000001
5,75,6,0.53632820551239457,4,4,0.36507936507936506
5,76,14,0.53215976939877485,4,4,0.86944444444444446
5,77,57,0.4239522101804013,3,3,0.60119047619047616
5,78,19,0.47609060372367562,4,4,0.16666666666666666
5,79,39,0.41520110324911552,3,3,0.91666666666666663
5,80,86,0.26477879350887534,2,2,0.16666666666666666
5,81,97,1.0778079938600349,7,7,1
5,82,32,0.68480277319847804,5,5,0.84999999999999998
5,83,27,0.52035017155261887,4,4,0.16666666666666666
5,84,5,0.059685086681624096,1,1,0.10000000000000001
5,85,19,0.58825296156948248,4,4,0.45833333333333331
5,86,5,0.11520718173446069,1,1,9.3940476190476208
5,87,97,1.0512690531790652,7,7,0.125
5,88,5,0.091864648151695108,1,1,0.10000000000000001
5,89,79,0.58109853034106052,4,4,0.5
5,90,75,0.60088585119330828,5,4,0.14285714285714285
5,91,70,0.74100378335351502,5,5,0.25
5,92,58,0.51792728777083452,4,4,0.20000000000000001
5,93,53,0.9822585956735701,7,7,1
5,94,40,0.80146948816252328,6,6,0.45000000000000001
5,95,36,0.95880902686094538,7,7,1
5,96,86,0.28477911432702624,2,2,0.25
5,97,99,0.91643504335840509,6,6,1.5611111111111111
5,98,20,0.28268140098690003,2,2,0.47619047619047616
5,99,44,0.77845873649977237,5,5,1.7611111111111111
6,0,32,0.47211566680019934,3,3,1
6,1,79,0.24885791861902762,2,2,0.14285714285714285
6,2,51,0.62003355685376338,5,5,0.16666666666666666
6,3,6,0.12288213855597414,1,1,1.5
6,4,85,0.64464244382671732,4,4,0.32500000000000001
6,5,20,0.33968900459415508,3,3,1.9761904761904761
6,6,-1,0,0,0,29.775000000000002
6,7,46,0.64028531205388861,4,4,0.69999999999999996
6,8,17,0.83117191157967507,5,5,0.25
6,9,58,0.26606145375907714,2,2,1.1666666666666665
6,10,30,0.52766449484215261,3,3,1.6944444444444444
6,11,75,0.3410772888673636,2,2,0.1111111111111111
6,12,94,0.68255832489431456,5,4,0.20000000000000001
6,13,55,0.82433192076131867,5,5,0.10000000000000001
6,14,78,0.57246420433812994,4,4,0.20000000000000001
6,15,6,0.17644327655096917,1,1,0.33333333333333331
6,16,73,0.58597135140506396,4,4,0.125
6,17,46,0.67945216892521942,4,4,0.3611111111111111
6,18,44,0.62885733810437594,5,4,0.1111111111111111
6,19,78,0.49864936894174638,4,4,0.1111111111111111
6,20,39,0.22455793184871761,2,2,5.1928571428571431
6,21,30,0.54248221663926133,3,3,0.61111111111111105
6,22,6,0.18925236369198023,1,1,0.33333333333333331
6,23,46,0.59618301381849037,4,4,1.6805555555555556
6,24,21,0.71600860102400055,4,4,0.44444444444444442
6,25,63,0.94004765141642255,6,6,0.1111111111111111
6,26,58,0.21588255830130432,2,2,0.125
6,27,6,0.074326708983200734,1,1,0.53333333333333333
6,28,60,0.33211263855313711,2,2,0.20000000000000001
6,29,97,0.90167573383064192,7,6,0.125
6,30,60,0.38058635286220094,2,2,2.8055555555555554
6,31,6,0.09756565862827081,1,1,5.9091269841269849
6,32,60,0.29171761945487357,2,2,3.125
6,33,82,0.55818563116199205,4,3,0.10000000000000001
6,34,44,0.73399856142315711,5,5,0.125
6,35,73,0.59770305859900341,4,4,1.1916666666666667
6,36,10,0.68137237507176196,4,4,1.1111111111111112
6,37,4,0.82749553242458229,5,5,0.125
6,38,59,0.43185819054429275,3,3,0.53333333333333333
6,39,6,0.09513321433482666,1,1,5.35952380952381
6,40,32,0.44185595788850657,3,3,0.57499999999999996
6,41,10,0.72338012177881827,4,4,0.33333333333333331
6,42,97,0.99369107621030439,7,6,0.33333333333333331
6,43,32,0.41856492254479749,3,3,0.5
6,44,56,0.58854669928434911,4,4,1.2361111111111112
6,45,38,0.57726840910440846,4,4,0.20000000000000001
6,46,70,0.48647836286996998,3,3,5.5666666666666673
6,47,59,0.41971536324782854,3,3,0.16666666666666666
6,48,7,0.80197592088281455,5,5,0.20000000000000001
6,49,84,0.59376543573191509,4,4,0.5
6,50,79,0.29342351320430698,2,2,0.25
6,51,84,0.44821998306032196,4,4,1.1666666666666667
6,52,6,0.17147283498494423,1,1,0.5
6,53,46,0.59530523837411253,4,4,1.2
6,54,86,0.6179367167022638,5,5,1
6,55,46,0.66539503643364872,4,4,0.42500000000000004
6,56,59,0.42409304989266794,3,3,1.8123015873015873
6,57,84,0.56464518867631253,4,4,0.34999999999999998
6,58,6,0.15432513171954834,1,1,1.7916666666666665
6,59,31,0.28910055600858536,2,2,5.7662698412698417
6,60,6,0.18295276339940303,1,1,12.280555555555555
6,61,4,0.70034418439988444,5,5,0.10000000000000001
6,62,76,0.70717747383117868,5,5,0.14285714285714285
6,63,23,0.75110010095230395,5,5,1.3472222222222223
6,64,78,0.63511042359560921,4,4,0.20000000000000001
6,65,86,0.54096430479568647,5,4,0.33333333333333331
6,66,82,0.52664470689361187,4,3,0.5
6,67,24,0.86454774291130454,5,5,0.1111111111111111
6,68,9,0.46468383167342464,3,3,0.33333333333333331
6,69,94,0.79102851952963349,5,5,0.125
6,70,60,0.36955366813453472,2,2,5.9833333333333343
6,71,9,0.39150214114888249,3,3,0.33333333333333331
6,72,46,0.60375363814016014,4,4,0.20000000000000001
6,73,59,0.4356488861442615,3,3,1.4416666666666667
6,74,55,0.84693139497764636,5,5,0.20000000000000001
6,75,6,0.19663920091823944,1,1,0.36507936507936506
6,76,56,0.59170328860494315,4,4,0.24285714285714285
6,77,78,0.61647316354141679,4,4,0.33333333333333331
6,78,59,0.44334001550578961,3,3,1.0111111111111111
6,79,6,0.099190982134504405,1,1,0.55952380952380953
6,80,86,0.60446779810303042,5,5,0.16666666666666666
6,81,63,0.89739593342125634,6,6,1
6,82,32,0.491072018477273,3,3,0.84999999999999998
6,83,6,0.1864899719951939,1,1,0.16666666666666666
6,84,20,0.39442924524049172,3,3,2.1166666666666667
6,85,59,0.46946375703580823,3,3,0.65833333333333333
6,86,5,0.45489618632861578,4,4,1.6428571428571428
6,87,63,0.94405488244254876,6,6,0.125
6,88,20,0.38426851944534884,3,3,0.10000000000000001
6,89,3,0.25868725271429394,2,2,0.5
6,90,75,0.2611968465991531,2,2,0.14285714285714285
6,91,70,0.54727302863230998,3,3,0.25
6,92,27,0.21087582798937862,2,2,0.20000000000000001
6,93,53,0.78852784095236494,5,5,1
6,94,40,0.60773873344131824,4,4,0.45000000000000001
6,95,36,0.76507827213974045,5,5,1
6,96,57,0.62437739347802801,5,5,0.25
6,97,99,0.83554747374330951,6,6,0.65833333333333333
6,98,6,0.068278560692138335,1,1,0.14285714285714285
6,99,35,0.6975711668846768,5,5,0.85833333333333339
7,0,40,0.39906288612300839,3,3,1.6666666666666665
7,1,9,0.63696484574077483,4,4,0.14285714285714285
7,2,57,0.83980519274724541,5,5,0.16666666666666666
7,3,92,0.68079751923009435,4,4,1
7,4,35,0.3989523795261673,3,3,0.10000000000000001
7,5,20,0.83401606677509366,6,6,0.33333333333333331
7,6,60,0.64028531205388861,4,4,0.66666666666666663
7,7,-1,0,0,0,29.608333333333331
7,8,7,0.1976498801501633,1,1,0.81944444444444442
7,9,43,0.56432941042436702,3,3,1.503968253968254
7,10,21,0.35176700996213123,3,2,0.25
7,11,89,0.8623692591836114,5,5,0.1111111111111111
7,12,94,0.40583356835511636,3,3,0.20000000000000001
7,13,7,0.18490968129455862,1,1,0.10000000000000001
7,14,19,0.57534794580549287,4,4,0.20000000000000001
7,15,6,0.81672858860485775,5,5,0.33333333333333331
7,16,7,0.18530889289019634,1,1,7.2162698412698418
7,17,7,0.045932097565393314,1,1,0.1111111111111111
7,18,35,0.41095965409322843,3,3,0.1111111111111111
7,19,85,0.50153190583880503,3,3,4.2706349206349206
7,20,31,0.71888499402965622,5,5,1.4333333333333333
7,21,33,0.28020678143593036,2,2,0.41666666666666663
7,22,92,0.7111885344223059,4,4,0.47619047619047616
7,23,7,0.08282951495267199,1,1,0.8833333333333333
7,24,8,0.34640239370626402,2,2,0.45833333333333331
7,25,63,0.32943233504164565,2,2,0.1111111111111111
7,26,32,0.56972981605380735,3,3,0.125
7,27,60,0.63562312058128012,4,4,0.33333333333333331
7,28,46,0.34196005684422587,2,2,0.34285714285714286
7,29,63,0.3329011364706197,2,2,0.45833333333333331
7,30,82,0.33325528191960385,2,2,0.5
7,31,60,0.57401935975287477,4,4,1.7190476190476189
7,32,82,0.38118798821222571,2,2,3.2789682539682543
7,33,7,0.13889796715647826,1,1,2.286111111111111
7,34,61,0.48654038471707989,4,3,0.125
7,35,16,0.30288326972028728,2,2,2.3206349206349208
7,36,94,0.44137646789396989,3,3,0.1111111111111111
7,37,99,0.41626620509271628,3,3,0.125
7,38,73,0.48071227302574915,3,3,0.33333333333333331
7,39,60,0.59408923738979469,4,4,0.16666666666666666
7,40,66,0.28470737785227856,2,2,1.7916666666666665
7,41,94,0.44779521629251851,3,3,0.33333333333333331
7,42,29,0.45251826903299641,3,3,0.33333333333333331
7,43,66,0.36455493985022425,2,2,2.003968253968254
7,44,35,0.40966107269972457,3,3,1.2
7,45,19,0.58069842251616199,4,4,0.20000000000000001
7,46,7,0.15380694918391866,1,1,5.6869047619047617
7,47,73,0.44810872004050351,3,3,0.16666666666666666
7,48,7,0.16169060882892597,1,1,0.20000000000000001
7,49,57,0.81551763967709734,5,5,0.5
7,50,9,0.67007740484558009,4,4,0.25
7,51,57,0.83850016545336514,5,5,1
7,52,92,0.61155873419367912,4,4,0.61111111111111116
7,53,7,0.045394118894833524,1,1,0.20000000000000001
7,54,96,0.7697310379954323,5,5,1
7,55,7,0.027777773118177251,1,1,0.32500000000000001
7,56,73,0.39835650645540854,3,3,0.33333333333333331
7,57,19,0.69494344475279402,4,4,2.342857142857143
7,58,92,0.61527590458837489,4,4,0.5
7,59,28,0.40637766441648687,3,3,0.14285714285714285
7,60,70,0.45733254865448558,3,3,3.2190476190476192
7,61,99,0.42898147905536527,3,3,0.22500000000000001
7,62,35,0.49581480408998291,3,3,0.14285714285714285
7,63,7,0.14048478457752703,1,1,2.0055555555555555
7,64,44,0.51381636145585197,4,4,0.20000000000000001
7,65,57,0.76372745043036472,5,5,0.33333333333333331
7,66,7,0.18236851781945393,1,1,4.2956349206349209
7,67,8,0.25244055309942409,2,2,0.1111111111111111
7,68,0,0.58870480868476771,4,4,0.66666666666666663
7,69,24,0.46172613700368897,3,3,0.125
7,70,46,0.27073164391935389,2,2,3.3857142857142857
7,71,68,0.68050137240426012,5,4,0.33333333333333331
7,72,7,0.049835151184660184,1,1,0.20000000000000001
7,73,46,0.33445216887000689,2,2,0.95833333333333326
7,74,55,0.20931413166217486,2,2,0.20000000000000001
7,75,52,0.79702595614698235,5,5,0.1111111111111111
7,76,35,0.46627914336536513,3,3,0.43333333333333335
7,77,76,0.58865305660850675,4,4,0.33333333333333331
7,78,85,0.47875013917822862,3,3,0.16666666666666666
7,79,60,0.64316339326911776,4,4,0.16666666666666666
7,80,96,0.77975098805553056,5,5,0.16666666666666666
7,81,63,0.28678061704647939,2,2,1
7,82,7,0.18183358918982628,1,1,4.0289682539682543
7,83,92,0.71348581106635445,4,4,0.16666666666666666
7,84,57,0.86515938818861482,5,5,0.10000000000000001
7,85,16,0.3340601945570415,2,2,4.7706349206349206
7,86,57,0.80710597439206322,5,5,0.14285714285714285
7,87,63,0.33343956606777181,2,2,0.125
7,88,20,0.87859558162628748,6,6,0.10000000000000001
7,89,9,0.69766249906814326,4,4,0.61111111111111116
7,90,22,0.81744587729582163,5,5,0.14285714285714285
7,91,7,0.11643794981460966,1,1,0.25
7,92,32,0.55592024689322062,3,3,2.9539682539682541
7,93,7,0.14998127666573288,1,1,1
7,94,33,0.33101397690212009,2,2,1.7694444444444444
7,95,94,0.52224881422242464,3,3,1
7,96,19,0.69353393950683562,4,4,1.4166666666666665
7,97,63,0.32044743048864965,2,2,0.20000000000000001
7,98,31,0.68878036036125756,5,5,0.14285714285714285
7,99,23,0.27513527527128823,2,2,0.55000000000000004
8,0,94,0.46578141127478356,3,3,1.6666666666666665
8,1,9,0.7458230885089614,5,5,0.2857142857142857
8,2,57,1.0371575009091316,7,6,0.16666666666666666
8,3,9,0.84129609023155483,5,5,1
8,4,35,0.59630468768805334,5,4,0.10000000000000001
8,5,20,1.0249026663008802,7,7,0.33333333333333331
8,6,60,0.83117191157967518,5,5,0.66666666666666663
8,7,8,0.1976498801501633,1,1,0.5
8,8,-1,0,0,0,29.858333333333334
8,9,43,0.67318765319255358,4,4,4.3829365079365079
8,10,94,0.38004018073037782,3,3,0.25
8,11,89,0.97122750195179797,6,6,0.1111111111111111
8,12,24,0.25923782856279393,2,2,1.2
8,13,8,0.090114284153445023,1,1,0.10000000000000001
8,14,19,0.77270025396737896,6,5,0.20000000000000001
8,15,6,1.0076151881306443,6,6,0.33333333333333331
8,16,23,0.3826612010520824,3,2,7.049603174603174
8,17,8,0.15171974265445567,1,1,7.8646825396825397
8,18,35,0.60831196225511452,5,4,0.1111111111111111
8,19,85,0.69888421400069112,5,4,4.2706349206349206
8,20,31,0.90977159355544279,6,6,1.4333333333333333
8,21,24,0.32227889794083991,2,2,5.6746031746031749
8,22,9,0.84634948443570734,5,5,0.33333333333333331
8,23,55,0.27996409763925695,2,2,7.8079365079365068
8,24,8,0.14875251355610075,1,1,9.8190476190476197
8,25,48,0.37495823133523248,2,2,0.1111111111111111
8,26,9,0.7257079738036577,5,4,0.125
8,27,60,0.8265097201070668,5,5,0.33333333333333331
8,28,46,0.53284665637001238,3,3,0.34285714285714286
8,29,63,0.44243341588018342,3,3,0.125
8,30,21,0.4841747617179003,3,3,0.5
8,31,60,0.76490595927866134,5,5,1.7190476190476189
8,32,82,0.55252830100705475,4,3,0.40000000000000002
8,33,17,0.29712519695307948,2,2,0.10000000000000001
8,34,61,0.68367496740366496,5,4,0.125
8,35,16,0.50023557788217332,4,3,2.3206349206349208
8,36,24,0.34389499646457544,2,2,0.1111111111111111
8,37,97,0.56943971149419981,4,4,0.125
8,38,73,0.67159887255153572,4,4,0.33333333333333331
8,39,60,0.78497583691558126,5,5,0.16666666666666666
8,40,21,0.42293830667455767,3,3,0.125
8,41,24,0.28306463658701808,2,2,0.33333333333333331
8,42,87,0.55003656315801019,4,3,0.33333333333333331
8,43,21,0.47341318261841092,3,3,4.8829365079365079
8,44,35,0.60701338086161061,5,4,1.2
8,45,19,0.77805073067804809,6,5,0.20000000000000001
8,46,17,0.34469354870970514,2,2,5.8535714285714286
8,47,73,0.63899531956629008,4,4,0.16666666666666666
8,48,8,0.19423982046388139,1,1,1.7694444444444444
8,49,57,1.0128699478389835,7,6,0.5
8,50,9,0.77893564761376666,5,5,0.25
8,51,57,1.0358524736152512,7,6,1
8,52,9,0.77143588925707329,5,5,0.5
8,53,17,0.23691784466615332,2,2,0.20000000000000001
8,54,96,0.96708334615731828,7,6,1
8,55,8,0.17017092392310484,1,1,7.9329365079365068
8,56,73,0.589243105981195,4,4,0.33333333333333331
8,57,19,0.89229575291468011,6,5,2.342857142857143
8,58,9,0.78492397523208235,5,5,0.5
8,59,28,0.59726426394227339,4,4,0.14285714285714285
8,60,70,0.64821914818027215,4,4,3.2190476190476192
8,61,99,0.62611606174195034,4,4,0.22500000000000001
8,62,35,0.693167112251869,5,4,0.14285714285714285
8,63,93,0.25001706398709073,2,2,0.56111111111111112
8,64,44,0.71116866961773795,6,5,0.20000000000000001
8,65,57,0.96107975859225081,7,6,0.33333333333333331
8,66,17,0.34461274122445362,2,2,0.5
8,67,8,0.05479067294926078,1,1,0.1111111111111111
8,68,0,0.65542333383654294,4,4,0.66666666666666663
8,69,24,0.2640762568535257,2,2,0.125
8,70,46,0.46161824344514041,3,3,3.3857142857142857
8,71,68,0.74721989755603535,5,5,0.33333333333333331
8,72,17,0.22932380355509435,2,2,0.20000000000000001
8,73,46,0.52533876839579341,3,3,1.125
8,74,8,0.12313243038463316,1,1,0.20000000000000001
8,75,83,0.93776677818086662,6,6,0.1111111111111111
8,76,35,0.66363145152725123,5,4,0.43333333333333335
8,77,76,0.78600536477039284,6,5,0.33333333333333331
8,78,73,0.67293707685375737,4,4,0.16666666666666666
8,79,60,0.83404999279490433,5,5,0.16666666666666666
8,80,96,0.97710329621741654,7,6,0.16666666666666666
8,81,48,0.335101416902646,2,2,1.4583333333333333
8,82,91,0.35317390198465537,3,2,0.65000000000000002
8,83,9,0.84978791865009085,5,5,0.27777777777777779
8,84,57,1.062511696350501,7,6,0.10000000000000001
8,85,16,0.53141250271892759,4,3,4.6039682539682536
8,86,57,1.0044582825539494,7,6,0.14285714285714285
8,87,81,0.40113467313578011,3,3,0.45833333333333331
8,88,20,1.0694821811520741,7,7,0.10000000000000001
8,89,9,0.80652074183632982,5,5,0.61111111111111116
8,90,1,0.94452716987037322,6,6,0.14285714285714285
8,91,17,0.2874484772819369,2,2,0.90000000000000002
8,92,32,0.7272605596880497,5,4,0.20000000000000001
8,93,8,0.1835047324220673,1,1,1.5611111111111111
8,94,24,0.28728407471560824,2,2,2.0416666666666665
8,95,12,0.42430326107187766,3,3,1
8,96,19,0.8908862476687216,6,5,1.4166666666666665
8,97,63,0.42997970989821338,3,3,0.32500000000000001
8,98,31,0.87966695988704413,6,6,0.14285714285714285
8,99,23,0.47226985795787324,3,3,0.42500000000000004
9,0,43,0.25626485563883777,2,2,1
9,1,9,0.072635435316407856,1,1,0.2857142857142857
9,2,51,0.85065250437481743,6,6,0.16666666666666666
9,3,9,0.16810843703900127,1,1,1.3333333333333333
9,4,85,0.75218319041114867,5,5,0.20000000000000001
9,5,20,0.57030795211520902,4,4,1.9761904761904761
9,6,58,0.26606145375907714,2,2,0.33333333333333331
9,7,66,0.56432941042436702,3,3,0.5
9,8,24,0.67318765319255358,4,4,0.25
9,9,-1,0,0,0,29.608333333333334
9,10,43,0.31291514095643852,2,2,2.1444444444444444
9,11,89,0.29803984875924433,2,2,0.1111111111111111
9,12,10,0.47408540419040146,3,3,0.32500000000000001
9,13,17,0.71794493831276063,5,4,0.10000000000000001
9,14,78,0.68850805146406913,5,5,0.20000000000000001
9,15,3,0.35029149621840122,2,2,0.33333333333333331
9,16,46,0.62034018872139629,4,4,0.45000000000000001
9,17,33,0.57224976381890391,4,3,1.411111111111111
9,18,85,0.74274048359427192,5,5,0.2361111111111111
9,19,78,0.61469321606768557,5,5,0.3611111111111111
9,20,31,0.45517687936977158,3,3,4.9428571428571431
9,21,43,0.35090875525171372,2,2,0.86111111111111105
9,22,9,0.17316183124315379,1,1,0.33333333333333331
9,23,82,0.57702607112608739,3,3,0.33333333333333331
9,24,21,0.52443513963645283,3,3,0.69444444444444442
9,25,63,0.89364546489992502,5,5,0.1111111111111111
9,26,9,0.052520320611104072,1,1,0.125
9,27,9,0.19292002236231959,1,1,0.47619047619047616
9,28,60,0.40063759632246809,3,3,1.4277777777777776
9,29,63,0.89711426632889912,5,5,0.45833333333333331
9,30,43,0.25451276986700089,2,2,0.5
9,31,58,0.31031124509299013,2,2,5.2523809523809533
9,32,92,0.23792447401320496,2,2,0.3666666666666667
9,33,40,0.42684430952028007,3,3,1.836111111111111
9,34,18,0.84923727040225272,6,6,0.125
9,35,73,0.69880867009222092,5,5,0.33333333333333331
9,36,10,0.46662302118604787,3,3,1.1111111111111112
9,37,99,0.90415361139685246,6,5,0.125
9,38,59,0.54790203767023193,4,4,0.53333333333333333
9,39,31,0.33091440887544654,3,2,0.16666666666666666
9,40,43,0.28007700553168935,2,2,2.2111111111111112
9,41,10,0.50863076789310413,3,3,0.33333333333333331
9,42,29,1.0167313988912758,6,6,0.33333333333333331
9,43,9,0.19977447057414272,1,1,12.655555555555555
9,44,56,0.70459054641028818,5,5,1
9,45,38,0.69331225623034765,5,5,0.20000000000000001
9,46,82,0.49954666490090277,3,3,1.45
9,47,59,0.53575921037376772,4,4,0.16666666666666666
9,48,55,0.72010419664179481,5,4,0.20000000000000001
9,49,84,0.82438438325296903,5,5,0.5
9,50,9,0.1057479944212131,1,1,0.25
9,51,84,0.6788389305813759,5,5,1.1666666666666667
9,52,9,0.098248236064519698,1,1,0.5
9,53,66,0.53333516102425493,3,3,0.20000000000000001
9,54,86,0.84855566422331763,6,6,1
9,55,33,0.57181951234308059,4,3,0.32500000000000001
9,56,59,0.54013689701860701,4,4,1.5761904761904761
9,57,84,0.79526413619736647,5,5,0.10000000000000001
9,58,9,0.11173632203952881,1,1,6.0857142857142863
9,59,60,0.40514440313452449,3,3,3.68015873015873
9,60,92,0.25147772116873396,2,2,5.2746031746031736
9,61,4,0.8078849309843158,6,5,0.10000000000000001
9,62,76,0.82322132095711775,6,6,0.14285714285714285
9,63,72,0.70469791443580643,4,4,2.0055555555555555
9,64,78,0.75115427072154839,5,5,0.20000000000000001
9,65,86,0.77158325231674041,6,5,0.33333333333333331
9,66,43,0.38196089260491306,2,2,3.4055555555555559
9,67,24,0.67297428152375682,4,4,0.1111111111111111
9,68,9,0.1986223779143475,1,1,0.33333333333333331
9,69,12,0.58607869178383676,4,4,0.125
9,70,32,0.39878062050804131,3,3,0.16666666666666666
9,71,9,0.12544068738980535,1,1,0.33333333333333331
9,72,66,0.51595623876170271,3,3,2.2055555555555557
9,73,28,0.53675449763747896,4,4,0.45833333333333331
9,74,17,0.74288332986407157,5,4,0.20000000000000001
9,75,83,0.26457912498831304,2,2,0.1111111111111111
9,76,56,0.70774713573088222,5,5,0.24285714285714285
9,77,78,0.73251701066735597,5,5,0.33333333333333331
9,78,59,0.55938386263172879,4,4,1.2611111111111111
9,79,9,0.16997671740182063,1,1,0.16666666666666666
9,80,86,0.83508674562408425,6,6,0.16666666666666666
9,81,63,0.85099374690475882,5,5,1
9,82,43,0.39038233380027365,2,2,2.0333333333333332
9,83,9,0.17660026545753726,1,1,0.27777777777777779
9,84,20,0.62504819276154566,4,4,1.8666666666666667
9,85,28,0.57700450362023958,4,4,0.76944444444444438
9,86,5,0.68551513384966967,5,5,1.6428571428571428
9,87,63,0.89765269592605124,5,5,0.125
9,88,20,0.61488746696640284,4,4,0.10000000000000001
9,89,9,0.13333308864377619,1,1,0.61111111111111116
9,90,1,0.27133951667781969,2,2,0.14285714285714285
9,91,40,0.45136572288037841,3,3,0.25
9,92,9,0.063192215332210061,1,1,5.8412698412698401
9,93,17,0.70723988762332013,5,4,1
9,94,10,0.40567124697120804,3,3,0.125
9,95,36,0.55032891825402641,4,4,1
9,96,19,0.80669524973571605,6,6,0.25
9,97,63,0.88466056034692908,5,5,0.20000000000000001
9,98,27,0.33432224817848555,2,2,0.14285714285714285
9,99,16,0.76302268157542441,5,4,0.32500000000000001
10,0,10,0.085832060924162443,1,1,1.6666666666666665
10,1,9,0.38555057627284639,3,3,0.2857142857142857
10,2,57,0.97833780867251108,7,6,0.16666666666666666
10,3,9,0.48102357799543982,3,3,1.3333333333333333
10,4,35,0.65078958284925603,5,4,0.10000000000000001
10,5,20,0.72139524956335765,5,5,0.47619047619047616
10,6,60,0.52766449484215261,3,3,0.33333333333333331
10,7,33,0.35176700996213128,3,2,2.5055555555555555
10,8,24,0.38004018073037782,3,3,0.55000000000000004
10,9,43,0.31291514095643852,2,2,5.4162698412698411
10,10,-1,0,0,0,29.858333333333334
10,11,89,0.61095498971568285,4,4,0.1111111111111111
10,12,10,0.16117026323396291,1,1,0.32500000000000001
10,13,8,0.47015446488382284,4,3,0.10000000000000001
10,14,56,0.70947435179480567,5,5,0.20000000000000001
10,15,3,0.66320663717483974,4,4,0.33333333333333331
10,16,46,0.4371460962132851,3,3,1.0373015873015872
10,17,33,0.35827449710427678,3,2,1.1111111111111112
10,18,35,0.66279685741631722,5,4,0.1111111111111111
10,19,47,0.64006452176407069,5,4,2.6277777777777773
10,20,31,0.60626417681792022,4,4,2.6761904761904765
10,21,10,0.07156022852620085,1,1,4.6083333333333343
10,22,9,0.48607697219959234,3,3,0.33333333333333331
10,23,91,0.38091316252254115,3,3,0.65833333333333333
10,24,94,0.23128766717427704,2,2,0.99444444444444446
10,25,63,0.68119934500377688,5,4,0.1111111111111111
10,26,9,0.36543546156754259,3,3,0.125
10,27,9,0.50583516331875811,3,3,0.33333333333333331
10,28,70,0.38662855998474088,3,3,4.0277777777777777
10,29,63,0.68466814643275098,5,4,0.45833333333333331
10,30,10,0.14707814197995164,1,1,4.3285714285714283
10,31,60,0.46139854254113871,3,3,2.961904761904762
10,32,30,0.23617433982188743,2,2,0.20000000000000001
10,33,21,0.212869042805653,2,2,4.4416666666666673
10,34,35,0.74063673433938348,5,5,0.125
10,35,16,0.55472047304337602,4,4,0.91230158730158728
10,36,10,0.15370788022960935,1,1,1.1111111111111112
10,37,99,0.71434985266258544,5,5,0.125
10,38,28,0.57639949977460603,4,4,0.33333333333333331
10,39,60,0.48146842017805869,3,3,0.16666666666666666
10,40,10,0.10715947366044165,1,1,6.753968253968254
10,41,10,0.19571562693666561,1,1,0.33333333333333331
10,42,29,0.80428527899512769,6,5,0.33333333333333331
10,43,10,0.1131406703822958,1,1,5.9162698412698411
10,44,85,0.6314599213747506,4,4,1
10,45,47,0.71879660353198771,5,5,0.20000000000000001
10,46,66,0.31635257239279158,2,2,2.0373015873015872
10,47,28,0.55563525823794646,4,4,3.3277777777777775
10,48,55,0.50612892992716774,4,3,0.20000000000000001
10,49,57,0.95405025560236301,7,6,0.5
10,50,9,0.41866313537765165,3,3,0.25
10,51,84,0.82992622802952465,6,6,1
10,52,9,0.41116337702095823,3,3,0.5
10,53,33,0.32719970353442807,3,2,0.20000000000000001
10,54,96,0.90826365392069786,7,6,1
10,55,33,0.35784424562845352,3,2,0.32500000000000001
10,56,73,0.52567157706453393,4,4,0.53333333333333333
10,57,19,0.83347606067805968,6,5,1.0999999999999999
10,58,9,0.42465146299596734,3,3,0.5
10,59,70,0.45090625191677908,3,3,0.14285714285714285
10,60,30,0.34471173144274958,2,2,3.6285714285714286
10,61,35,0.68506421650586535,5,5,0.10000000000000001
10,62,35,0.7476520074130717,5,5,0.14285714285714285
10,63,7,0.49225179453965828,4,3,2.0055555555555555
10,64,76,0.70584593134003371,5,5,0.20000000000000001
10,65,57,0.90226006635563039,7,6,0.33333333333333331
10,66,10,0.17719208245533119,1,1,3.6956349206349204
10,67,24,0.37982680906158106,3,3,0.1111111111111111
10,68,0,0.27547398348592178,2,2,0.66666666666666663
10,69,12,0.27316355082739818,2,2,0.125
10,70,40,0.30380956461737912,2,2,6.628968253968254
10,71,68,0.36727054720541419,3,3,0.33333333333333331
10,72,33,0.30622129595153286,3,2,0.20000000000000001
10,73,70,0.46176723947913234,3,3,0.95833333333333337
10,74,8,0.50317261111501099,4,3,0.20000000000000001
10,75,83,0.57749426594475151,4,4,0.1111111111111111
10,76,73,0.65597446526322645,4,4,0.30000000000000004
10,77,47,0.75308111457326921,5,5,0.33333333333333331
10,78,28,0.58611292906166335,4,4,0.16666666666666666
10,79,9,0.48289185835825915,3,3,0.16666666666666666
10,80,96,0.91828360398079611,7,6,0.16666666666666666
10,81,63,0.63854762700861067,5,4,1
10,82,66,0.21276477087167009,2,2,0.25
10,83,9,0.48951540641397578,3,3,0.27777777777777779
10,84,20,0.77613549020969441,5,5,1.1000000000000001
10,85,70,0.50105882203096141,3,3,1.3333333333333333
10,86,5,0.83660243129781831,6,6,0.14285714285714285
10,87,63,0.68520657602990309,5,4,0.125
10,88,20,0.76597476441455148,5,5,0.10000000000000001
10,89,9,0.44624822960021471,3,3,0.61111111111111116
10,90,1,0.58425465763425821,4,4,0.14285714285714285
10,91,66,0.24666521346489681,2,2,0.90833333333333333
10,92,9,0.37610735628864855,3,3,0.20000000000000001
10,93,17,0.49326462090869305,4,3,1
10,94,10,0.092756106014769552,1,1,1.1194444444444445
10,95,36,0.23741377729758786,2,2,1
10,96,19,0.83206655543210117,6,5,1.4166666666666665
10,97,63,0.67221444045078094,5,4,0.20000000000000001
10,98,31,0.57615954314952156,4,4,0.14285714285714285
10,99,23,0.57321892284115739,4,4,0.32500000000000001
11,0,43,0.5543047043980821,4,4,1
11,1,89,0.22569675741387721,2,2,0.14285714285714285
11,2,51,0.96111084572112704,7,7,0.16666666666666666
11,3,83,0.23663953299158888,2,2,1
11,4,85,0.96118987826761915,6,6,0.32500000000000001
11,5,20,0.68076629346151862,5,5,1.9761904761904761
11,6,75,0.3410772888673636,2,2,5.8357142857142863
11,7,66,0.86236925918361129,5,5,0.5
11,8,24,0.97122750195179797,6,6,0.25
11,9,89,0.29803984875924433,2,2,10.388888888888889
11,10,43,0.61095498971568285,4,4,2.1444444444444444
11,11,-1,0,0,0,29.997222222222216
11,12,10,0.77212525294964574,5,5,0.32500000000000001
11,13,17,1.0159847870720049,7,6,0.10000000000000001
11,14,78,0.89751473932053971,6,6,0.20000000000000001
11,15,90,0.24364440357797795,2,2,0.33333333333333331
11,16,46,0.88480353231626507,6,6,0.125
11,17,33,0.87028961257814808,6,5,1.411111111111111
11,18,85,0.9517471714507425,6,6,0.2361111111111111
11,19,78,0.82369990392415615,6,6,0.1111111111111111
11,20,39,0.56563522071608119,4,4,5.1928571428571431
11,21,43,0.648948604010958,4,4,0.86111111111111105
11,22,11,0.16423172440491529,1,1,1.3333333333333333
11,23,82,0.87335406073664956,5,5,0.33333333333333331
11,24,21,0.82247498839569722,5,5,0.69444444444444442
11,25,63,1.1916853136591694,7,7,0.1111111111111111
11,26,89,0.29882771311398965,2,2,0.125
11,27,83,0.29212042229502222,2,2,0.47619047619047616
11,28,60,0.60964428417893868,4,4,2.286111111111111
11,29,63,1.1951541150881435,7,7,0.125
11,30,43,0.55255261862624516,4,4,0.5
11,31,27,0.43293107375556866,3,3,0.14285714285714285
11,32,92,0.48735592438843645,3,3,0.98333333333333317
11,33,40,0.72488415827952435,5,5,1.836111111111111
11,34,18,1.0582439582587233,7,7,0.125
11,35,73,0.90781535794869139,6,6,1.0666666666666667
11,36,10,0.7646628699452922,5,5,1.1111111111111112
11,37,4,1.1440429668654841,7,7,0.125
11,38,59,0.75690872552670252,5,5,0.53333333333333333
11,39,6,0.43621050320219024,3,3,5.35952380952381
11,40,43,0.57811685429093362,4,4,2.2111111111111112
11,41,10,0.80667061665234852,5,5,0.33333333333333331
11,42,97,1.3038033755599925,9,8,0.33333333333333331
11,43,9,0.49781431933338705,3,3,9.8888888888888893
11,44,56,0.91359723426675876,6,6,1
11,45,38,0.90231894408681823,6,6,0.20000000000000001
11,46,70,0.7640100084957715,5,5,1.125
11,47,59,0.74476589823023831,5,5,0.16666666666666666
11,48,55,1.0181440454010391,7,6,0.20000000000000001
11,49,84,0.93484272459927864,6,6,0.5
11,50,89,0.21644670962462981,2,2,0.25
11,51,84,0.78929727192768551,6,6,1.1666666666666667
11,52,22,0.26711550138249252,2,2,0.5
11,53,82,0.83116179993048178,5,5,0.20000000000000001
11,54,86,0.95901400556962724,7,7,1
11,55,33,0.86985936110232487,6,5,0.32500000000000001
11,56,59,0.74914358487507759,5,5,1.5761904761904761
11,57,84,0.90572247754367607,6,6,0.34999999999999998
11,58,22,0.27698790718630484,2,2,0.5
11,59,60,0.61415109099099507,4,4,3.43015873015873
11,60,79,0.4604844090252046,3,3,7.174603174603174
11,61,4,1.0168916188407862,7,7,0.10000000000000001
11,62,76,1.0322280088135882,7,7,0.14285714285714285
11,63,72,1.0027377631950507,6,6,1.4722222222222223
11,64,78,0.96016095857801897,6,6,0.20000000000000001
11,65,86,0.88204159366305002,7,6,0.33333333333333331
11,66,43,0.68000074136415734,4,4,2.6722222222222225
11,67,24,0.97101413028300121,6,6,0.1111111111111111
11,68,71,0.43930450100308371,3,3,0.33333333333333331
11,69,12,0.88411854054308103,6,6,0.125
11,70,60,0.64708531376033629,4,4,1.2916666666666667
11,71,89,0.34750793728359131,2,2,0.66666666666666663
11,72,66,0.81399608752094699,5,5,1.6722222222222223
11,73,28,0.74576118549394954,5,5,1.1916666666666667
11,74,17,1.0409231786233157,7,6,0.20000000000000001
11,75,11,0.14443808794912416,1,1,5.946825396825397
11,76,56,0.9167538235873528,6,6,0.24285714285714285
11,77,78,0.94152369852382656,6,6,0.33333333333333331
11,78,59,0.76839055048819938,5,5,1.0111111111111111
11,79,83,0.27465356441057243,2,2,7.3412698412698409
11,80,86,0.94554508697039386,7,7,0.16666666666666666
11,81,63,1.1490335956640032,7,7,1
11,82,32,0.68671032341083582,4,4,0.78333333333333321
11,83,11,0.16449316427592756,1,1,8.9841269841269842
11,84,20,0.73550653410785527,5,5,2.1166666666666667
11,85,28,0.78601119147671017,5,5,0.89444444444444438
11,86,5,0.79597347519597927,6,6,1.6428571428571428
11,87,63,1.1956925446852955,7,7,0.125
11,88,20,0.72534580831271245,5,5,0.10000000000000001
11,89,11,0.16470676011546814,1,1,13.256746031746031
11,90,11,0.079906196560404305,1,1,0.47619047619047616
11,91,40,0.74940557163962263,5,5,0.25
11,92,89,0.31262366570744154,2,2,1.1833333333333331
11,93,17,1.0052797363825643,7,6,1
11,94,10,0.70371109573045243,5,5,0.125
11,95,36,0.84836876701327069,6,6,1
11,96,57,0.96545468234539156,7,7,0.25
11,97,99,1.1456597730929976,8,7,0.53333333333333333
11,98,6,0.40935584955950194,3,3,0.14285714285714285
11,99,35,1.0076834662343648,7,6,0.73333333333333339
12,0,10,0.24700232415812534,2,2,1.6666666666666665
12,1,9,0.54672083950680928,4,4,0.2857142857142857
12,2,57,1.1010848002959142,7,7,0.16666666666666666
12,3,9,0.64219384122940271,4,4,1.3333333333333333
12,4,35,0.73440325885664903,6,5,0.10000000000000001
12,5,20,0.8762890796155195,7,6,0.47619047619047616
12,6,60,0.68255832489431445,5,4,0.33333333333333331
12,7,33,0.40583356835511641,3,3,0.5
12,8,24,0.25923782856279393,2,2,3.8666666666666671
12,9,43,0.4740854041904014,3,3,5.4162698412698411
12,10,12,0.16117026323396291,1,1,7.8329365079365072
12,11,89,0.77212525294964574,5,5,0.1111111111111111
12,12,-1,0,0,0,29.908333333333328
12,13,8,0.34935211271623895,3,3,0.10000000000000001
12,14,56,0.82831858040194606,6,6,0.53333333333333333
12,15,3,0.82437690040880263,5,5,0.33333333333333331
12,16,46,0.52075977222067804,4,4,2.0373015873015872
12,17,8,0.41095757121724963,3,3,0.1111111111111111
12,18,35,0.74641053342371022,6,5,0.1111111111111111
12,19,73,0.76281151338747377,5,5,2.6277777777777773
12,20,31,0.76115800687008206,6,5,2.6761904761904765
12,21,12,0.1412881806161094,1,1,0.66666666666666663
12,22,9,0.64724723543355522,4,4,0.33333333333333331
12,23,33,0.43937347746157518,3,3,0.65833333333333333
12,24,12,0.11048531500669316,1,1,4.3111111111111109
12,25,48,0.63419605989802641,4,4,0.1111111111111111
12,26,9,0.52660572480150547,4,4,0.125
12,27,9,0.66700542655272099,4,4,0.33333333333333331
12,28,70,0.51567424524550198,4,4,0.86666666666666659
12,29,63,0.70167124444297735,5,5,0.125
12,30,21,0.30318404439316982,2,2,0.5
12,31,60,0.61629237259330061,5,4,2.961904761904762
12,32,40,0.39084070543944088,3,3,3.8285714285714287
12,33,94,0.26693560119863813,2,2,2.0333333333333332
12,34,35,0.82425041034677649,6,6,0.125
12,35,16,0.63833414905076902,5,5,1.9123015873015874
12,36,12,0.084690542357718196,1,1,0.1111111111111111
12,37,99,0.77281016760161947,5,5,0.125
12,38,28,0.70544518503536713,5,5,0.33333333333333331
12,39,60,0.63636225023022053,5,4,0.16666666666666666
12,40,94,0.24070236700580788,2,2,3.9535714285714287
12,41,12,0.045115225587835102,1,1,0.33333333333333331
12,42,87,0.80927439172080406,6,5,0.33333333333333331
12,43,10,0.27431093361625869,2,2,5.9162698412698411
12,44,35,0.7451119520302063,6,5,1
12,45,56,0.83769768309659509,6,6,0.20000000000000001
12,46,66,0.39996624840018447,3,3,7.4900793650793638
12,47,28,0.68468094349870756,5,5,0.16666666666666666
12,48,8,0.45347764902667531,3,3,1.7694444444444444
12,49,57,1.0767972472257661,7,7,0.5
12,50,9,0.57983339861161454,4,4,0.25
12,51,84,0.98482005808168649,8,7,1
12,52,9,0.57233364025492106,4,4,0.5
12,53,33,0.3812662619274132,3,3,0.20000000000000001
12,54,96,1.031010645544101,7,7,1
12,55,33,0.41191080402143865,3,3,0.125
12,56,73,0.64451580567167432,5,5,1.0666666666666667
12,57,19,0.95622305230146276,6,6,1.0999999999999999
12,58,9,0.58582172622993023,4,4,0.5
12,59,70,0.57995193717754012,4,4,0.14285714285714285
12,60,32,0.49960556149491142,4,3,3.6285714285714286
12,61,35,0.76867789251325835,6,5,0.10000000000000001
12,62,35,0.8312656834204647,6,6,0.14285714285714285
12,63,93,0.50925489254988465,4,4,0.43611111111111112
12,64,76,0.8246901599471741,6,6,0.20000000000000001
12,65,57,1.0250070579790336,7,7,0.33333333333333331
12,66,94,0.26080575846272402,2,2,9.4162698412698393
12,67,24,0.25902445689399717,2,2,0.1111111111111111
12,68,0,0.43664424671988467,3,3,0.66666666666666663
12,69,12,0.11199328759343526,1,1,0.125
12,70,66,0.43285524987814022,3,3,1.176190476190476
12,71,68,0.52844081043937707,4,4,0.33333333333333331
12,72,33,0.36028785434451799,3,3,0.20000000000000001
12,73,46,0.58061146808627273,4,4,4.4527777777777766
12,74,8,0.3823702589474271,3,3,0.20000000000000001
12,75,83,0.73866452917871439,5,5,0.1111111111111111
12,76,73,0.77481869387036684,5,5,0.30000000000000004
12,77,14,0.8752928125208721,7,6,0.33333333333333331
12,78,28,0.71515861432242445,5,5,0.16666666666666666
12,79,9,0.64406212159222198,4,4,0.16666666666666666
12,80,96,1.0410305956041994,7,7,0.16666666666666666
12,81,48,0.59433924546543992,4,4,1.4583333333333333
12,82,66,0.2963784468790629,3,2,0.25
12,83,9,0.65068566964793861,4,4,0.27777777777777779
12,84,20,0.93102932026185625,7,6,1.1000000000000001
12,85,73,0.62164862244740593,5,4,0.33333333333333331
12,86,5,0.99149626134998015,8,7,0.14285714285714285
12,87,81,0.66037250169857398,5,5,0.45833333333333331
12,88,20,0.92086859446671332,7,6,0.10000000000000001
12,89,9,0.60741849283417759,4,4,0.61111111111111116
12,90,1,0.7454249208682211,5,5,0.14285714285714285
12,91,33,0.309025041962181,3,2,0.25
12,92,9,0.53727761952261144,4,4,0.20000000000000001
12,93,8,0.4427425609848612,3,3,1.4361111111111111
12,94,12,0.07481959145299627,1,1,15.528174603174602
12,95,12,0.16506543250908376,1,1,1
12,96,19,0.95481354705550436,6,6,1.4166666666666665
12,97,63,0.68921753846100731,5,5,0.20000000000000001
12,98,31,0.7310533732016834,6,5,0.14285714285714285
12,99,23,0.63167923778019142,4,4,0.32500000000000001
13,0,40,0.5522234410518011,4,4,1.6666666666666665
13,1,9,0.79058037362916833,6,5,0.14285714285714285
13,2,57,1.0247148740418042,6,6,0.16666666666666666
13,3,92,0.84611326386432473,6,5,1
13,4,35,0.58386206082072589,4,4,0.10000000000000001
13,5,20,1.0180626754825237,7,7,0.33333333333333331
13,6,60,0.82433192076131867,5,5,0.66666666666666663
13,7,13,0.18490968129455862,1,1,8.3496031746031747
13,8,13,0.090114284153445023,1,1,2.8944444444444444
13,9,43,0.71794493831276052,5,4,1.503968253968254
13,10,94,0.47015446488382284,4,3,0.25
13,11,89,1.0159847870720049,7,6,0.1111111111111111
13,12,24,0.34935211271623895,3,3,1.2
13,13,-1,0,0,0,30.008333333333333
13,14,19,0.76025762710005151,5,5,0.20000000000000001
13,15,6,1.0007751973122878,6,6,0.33333333333333331
13,16,7,0.37021857418475496,2,2,7.2162698412698418
13,17,13,0.14569517449385674,1,1,8.985714285714284
13,18,35,0.59586933538778708,4,4,0.1111111111111111
13,19,85,0.68644158713336367,4,4,4.2706349206349206
13,20,31,0.90293160273708628,6,6,1.4333333333333333
13,21,24,0.41239318209428494,3,3,0.16666666666666666
13,22,92,0.87650427905653605,6,5,0.47619047619047616
13,23,7,0.26773919624723064,2,2,0.6333333333333333
13,24,8,0.23886679770954578,2,2,2.6444444444444444
13,25,48,0.29442090045514718,2,2,0.1111111111111111
13,26,32,0.7350455606880375,5,4,0.125
13,27,60,0.81966972928871029,5,5,0.33333333333333331
13,28,46,0.52600666555165598,3,3,0.34285714285714286
13,29,63,0.36234341308598639,2,2,0.125
13,30,66,0.4904459774156894,3,3,0.5
13,31,60,0.75806596846030483,5,5,1.7190476190476189
13,32,82,0.54650373284645593,4,3,3.2789682539682543
13,33,17,0.29110062879248055,2,2,3.8956349206349206
13,34,37,0.6470960730798504,4,4,0.125
13,35,16,0.48779295101484593,3,3,2.3206349206349208
13,36,24,0.43400928061802047,3,3,0.1111111111111111
13,37,97,0.48934970870000272,3,3,0.25
13,38,73,0.66475888173317932,4,4,0.33333333333333331
13,39,60,0.77813584609722475,5,5,0.16666666666666666
13,40,33,0.43786793278107128,3,3,3.7956349206349205
13,41,24,0.3731789207404631,3,3,0.33333333333333331
13,42,87,0.46949923227792489,4,3,0.33333333333333331
13,43,40,0.51817046773861786,4,3,2.003968253968254
13,44,35,0.59457075399428316,4,4,1.2
13,45,19,0.76560810381072064,5,5,0.20000000000000001
13,46,55,0.33785355789134874,2,2,5.6869047619047617
13,47,73,0.63215532874793368,4,4,0.16666666666666666
13,48,13,0.11370248958379608,1,1,1.7694444444444444
13,49,57,1.0004273209716561,6,6,0.5
13,50,9,0.82369293273397359,6,5,0.25
13,51,57,1.0234098467479238,6,6,1
13,52,92,0.77687447882790939,6,5,0.61111111111111116
13,53,55,0.22910890100137088,2,2,0.20000000000000001
13,54,96,0.95464071928999084,6,6,1
13,55,13,0.15893688432766995,1,1,6.0119047619047619
13,56,73,0.5824031151628386,4,4,0.33333333333333331
13,57,19,0.87985312604735266,5,5,2.342857142857143
13,58,92,0.78059164922260504,6,5,0.5
13,59,28,0.59042427312391699,4,4,0.14285714285714285
13,60,70,0.64137915736191564,4,4,3.2190476190476192
13,61,99,0.61389116034992397,4,4,0.10000000000000001
13,62,35,0.68072448538454156,4,4,0.14285714285714285
13,63,13,0.16992706119289369,1,1,0.68611111111111112
13,64,44,0.6987260427504105,5,5,0.20000000000000001
13,65,57,0.94863713172492337,6,6,0.33333333333333331
13,66,17,0.33858817306385469,2,2,1
13,67,13,0.12595739902205377,1,1,0.1111111111111111
13,68,0,0.74186536361356048,5,5,0.66666666666666663
13,69,24,0.35419054100697073,3,3,0.125
13,70,46,0.45477825262678401,3,3,3.3857142857142857
13,71,68,0.83366192733305289,6,5,0.33333333333333331
13,72,17,0.22329923539449542,2,2,0.20000000000000001
13,73,46,0.51849877757743701,3,3,0.95833333333333326
13,74,13,0.035578668169703016,1,1,0.20000000000000001
13,75,52,0.96234170078121262,7,6,0.1111111111111111
13,76,35,0.65118882465992378,4,4,0.43333333333333335
13,77,76,0.7735627379030654,5,5,0.33333333333333331
13,78,85,0.66365982047278727,4,4,0.16666666666666666
13,79,60,0.82721000197654782,5,5,0.16666666666666666
13,80,96,0.96466066935008909,6,6,0.16666666666666666
13,81,48,0.2545640860225607,2,2,1.4583333333333333
13,82,91,0.34714933382405644,3,2,3.5289682539682543
13,83,92,0.87880155570058471,6,5,0.16666666666666666
13,84,57,1.0500690694831736,6,6,0.10000000000000001
13,85,16,0.51896987585160015,3,3,4.7706349206349206
13,86,57,0.99201565568662187,6,6,0.14285714285714285
13,87,81,0.32059734225569481,3,2,0.45833333333333331
13,88,20,1.0626421903337175,7,7,0.10000000000000001
13,89,9,0.85127802695653676,6,5,0.61111111111111116
13,90,22,0.98276162193005179,7,6,0.14285714285714285
13,91,17,0.28142390912133797,2,2,3.7789682539682543
13,92,32,0.72123599152745088,5,4,2.9539682539682541
13,93,13,0.10595991125552745,1,1,1
13,94,24,0.37739835886905326,3,3,0.375
13,95,12,0.51441754522532268,4,4,1
13,96,19,0.87844362080139415,5,5,1.4166666666666665
13,97,63,0.34988970710401635,2,2,0.45000000000000001
13,98,31,0.87282696906868762,6,6,0.14285714285714285
13,99,23,0.46004495656584687,3,3,0.30000000000000004
14,0,32,0.68225291707696223,4,4,1.3333333333333333
14,1,92,0.71897489777604795,5,5,0.14285714285714285
14,2,96,0.29869281249125756,2,2,0.16666666666666666
14,3,79,0.66119174237081058,5,4,1.1428571428571428
14,4,76,0.23413276852601705,2,2,0.10000000000000001
14,5,86,0.40238520337790434,3,3,0.33333333333333331
14,6,31,0.57246420433813006,4,4,0.77777777777777768
14,7,16,0.57534794580549298,4,4,0.59999999999999998
14,8,55,0.77270025396737907,6,5,0.3611111111111111
14,9,92,0.68850805146406913,5,5,0.5
14,10,40,0.70947435179480578,5,5,0.3611111111111111
14,11,83,0.89751473932053971,6,6,0.1111111111111111
14,12,94,0.82831858040194617,6,6,0.20000000000000001
14,13,7,0.76025762710005163,5,5,0.10000000000000001
14,14,-1,0,0,0,29.908333333333328
14,15,6,0.7489074808890992,5,5,0.33333333333333331
14,16,85,0.39003905291529661,3,3,3.1666666666666665
14,17,23,0.62122491414597736,5,4,0.1111111111111111
14,18,76,0.20878367049670724,2,2,0.1111111111111111
14,19,14,0.073816039966687855,1,1,3.6111111111111112
14,20,84,0.51510274883176943,3,3,1
14,21,66,0.6916097715230467,5,5,0.5
14,22,79,0.73414993263603456,5,5,0.33333333333333331
14,23,16,0.49273615632812207,4,3,2.4416666666666664
14,24,21,0.86513615590778592,6,6,0.33333333333333331
14,25,97,0.69216629843537936,4,4,0.1111111111111111
14,26,92,0.64056508600064943,5,4,0.125
14,27,60,0.61532090222212976,4,4,0.33333333333333331
14,28,47,0.3253997347086906,2,2,2.2333333333333334
14,29,97,0.58017810006783321,4,4,0.125
14,30,70,0.58846438754423203,4,4,0.5
14,31,59,0.47489854570985923,3,3,1.23015873015873
14,32,28,0.50185486973163651,3,3,2.0333333333333332
14,33,46,0.56517506920010308,4,4,0.10000000000000001
14,34,64,0.2756011611901435,2,2,0.125
14,35,44,0.28891586377772932,2,2,0.33333333333333331
14,36,10,0.86318223202441513,6,6,0.1111111111111111
14,37,61,0.41578468333794449,3,3,0.45833333333333331
14,38,14,0.14089804256833849,1,1,0.33333333333333331
14,39,31,0.49550170949231565,4,4,0.16666666666666666
14,40,70,0.60231487813436413,4,4,0.4861111111111111
14,41,94,0.87028022833934826,6,6,0.33333333333333331
14,42,37,0.61040270033871591,4,4,0.33333333333333331
14,43,32,0.62870217282156049,4,4,0.5
14,44,14,0.18213806079829203,1,1,3.0944444444444446
14,45,14,0.013417924809328642,1,1,0.20000000000000001
14,46,73,0.42835233200176159,3,3,4.7833333333333332
14,47,14,0.15639303645548508,1,1,2.3999999999999999
14,48,93,0.70075617553004954,6,5,0.20000000000000001
14,49,96,0.28225525819405017,2,2,0.5
14,50,92,0.76708458279026759,5,5,0.25
14,51,57,0.31857221270474556,2,2,1
14,52,58,0.64522590597707341,5,5,0.5
14,53,46,0.53717920750590409,4,4,0.20000000000000001
14,54,96,0.22758106099336603,2,2,1
14,55,23,0.60252933004427423,5,4,0.68611111111111112
14,56,14,0.18380277473027173,1,1,6.3944444444444439
14,57,14,0.17501549200417441,1,1,3.10952380952381
14,58,60,0.62483160216013967,4,4,1.5
14,59,78,0.28336364832954464,2,2,6.8448412698412691
14,60,59,0.43703033029533517,3,3,5.4718253968253965
14,61,76,0.27884286263711555,2,2,0.55833333333333335
14,62,64,0.22032711640380018,2,2,0.14285714285714285
14,63,23,0.64765324346193553,5,4,0.1111111111111111
14,64,14,0.10812693598849689,1,1,0.46785714285714286
14,65,57,0.24379949768174514,2,2,0.33333333333333331
14,66,46,0.56751282193922203,4,4,2.7833333333333332
14,67,8,0.82749092691663984,7,6,0.1111111111111111
14,68,0,0.87189483963872161,5,5,0.33333333333333331
14,69,94,0.9367887750372651,6,6,0.125
14,70,73,0.4056647871774266,3,3,1.1527777777777777
14,71,92,0.81394847535859305,5,5,0.33333333333333331
14,72,46,0.54562760727195181,4,4,0.20000000000000001
14,73,56,0.24770711231567336,2,2,6.0611111111111109
14,74,55,0.78406568858827186,6,5,0.20000000000000001
14,75,6,0.76910340525636944,5,5,0.1111111111111111
14,76,14,0.12977456602087048,1,1,0.86944444444444446
14,77,14,0.046974232118926047,1,1,0.33333333333333331
14,78,14,0.12912418883234036,1,1,7.011507936507936
14,79,60,0.62286117490996729,4,4,1.9206349206349205
14,80,96,0.23760101105346432,2,2,0.16666666666666666
14,81,97,0.67542279048213061,4,4,1
14,82,46,0.53751666310239077,4,4,0.25
14,83,79,0.73302157504461218,5,5,0.27777777777777779
14,84,57,0.34523143543999524,2,2,1.2000000000000002
14,85,19,0.24128775124845142,2,2,3.5
14,86,57,0.28717802164344364,2,2,0.47619047619047616
14,87,97,0.64888384980116087,4,4,0.125
14,88,84,0.46961992816484271,3,3,0.10000000000000001
14,89,58,0.76114160727784486,5,5,0.5
14,90,3,0.82953903641548743,6,5,0.14285714285714285
14,91,46,0.52593606162256956,4,4,0.25
14,92,60,0.62531583613185904,4,4,1.5511904761904762
14,93,23,0.68708961446003347,5,4,1.2
14,94,66,0.75349898894894984,5,5,1.7833333333333332
14,95,94,0.9447338262692544,6,6,1
14,96,14,0.15138396250476935,1,1,2.083333333333333
14,97,99,0.5140498399805008,3,3,1.5611111111111111
14,98,31,0.58965954631824202,4,4,0.14285714285714285
14,99,44,0.37607353312186809,2,2,1.7611111111111111
15,0,43,0.606556351857239,4,4,1
15,1,83,0.29509960022244847,2,2,0.80952380952380953
15,2,51,0.73557864943733642,5,5,0.16666666666666666
15,3,15,0.18218305917939995,1,1,7.0805555555555557
15,4,85,0.82108572037768646,5,5,0.32500000000000001
15,5,20,0.455234097177728,3,3,1.9761904761904761
15,6,15,0.17644327655096917,1,1,14.434126984126987
15,7,46,0.81672858860485786,5,5,0.69999999999999996
15,8,17,1.0076151881306443,6,6,0.25
15,9,3,0.35029149621840122,2,2,4.7555555555555555
15,10,43,0.66320663717483974,4,4,2.1444444444444444
15,11,90,0.24364440357797795,2,2,0.1111111111111111
15,12,10,0.82437690040880263,5,5,0.32500000000000001
15,13,55,1.0007751973122878,6,6,0.10000000000000001
15,14,78,0.7489074808890992,5,5,0.20000000000000001
15,15,-1,0,0,0,29.775000000000002
15,16,73,0.76241462795603321,5,5,0.125
15,17,46,0.85589544547618868,5,5,0.3611111111111111
15,18,44,0.80530061465534508,6,5,0.1111111111111111
15,19,78,0.67509264549271564,5,5,0.1111111111111111
15,20,98,0.34010302443229057,2,2,5.1928571428571431
15,21,43,0.70120025147011489,4,4,0.61111111111111105
15,22,15,0.18477525545741635,1,1,0.58333333333333326
15,23,46,0.77262629036945951,5,5,1.6805555555555556
15,24,21,0.874726635854854,5,5,0.44444444444444442
15,25,63,1.1164909279673918,7,7,0.1111111111111111
15,26,3,0.30610864020825856,2,2,0.125
15,27,15,0.19093175532406453,1,1,0.33333333333333331
15,28,60,0.50855591510410625,3,3,0.20000000000000001
15,29,97,1.0781190103816114,8,7,0.125
15,30,60,0.55702962941317002,3,3,0.5
15,31,6,0.27400893517923997,2,2,5.9091269841269849
15,32,60,0.46816089600584271,3,3,1.175
15,33,82,0.73462890771296119,5,4,0.10000000000000001
15,34,44,0.91044183797412626,6,6,0.125
15,35,73,0.77414633514997266,5,5,1.1916666666666667
15,36,10,0.81691451740444909,5,5,1.1111111111111112
15,37,4,1.0039388089755514,6,6,0.125
15,38,59,0.60830146709526201,4,4,0.53333333333333333
15,39,6,0.27157649088579583,2,2,0.16666666666666666
15,40,32,0.61829923443947576,4,4,0.125
15,41,10,0.8589222641115053,5,5,0.33333333333333331
15,42,97,1.1701343527612738,8,7,0.33333333333333331
15,43,9,0.55006596679254394,3,3,4.2555555555555555
15,44,56,0.76498997583531825,5,5,1.2361111111111112
15,45,38,0.75371168565537772,5,5,0.20000000000000001
15,46,70,0.66292163942093918,4,4,5.5666666666666673
15,47,59,0.5961586397987978,4,4,0.16666666666666666
15,48,7,0.9784191974337838,6,6,0.20000000000000001
15,49,84,0.70931052831548802,4,4,0.5
15,50,22,0.31462862812850934,2,2,0.25
15,51,84,0.56376507564389489,4,4,1.1666666666666667
15,52,3,0.25356381832162656,2,2,0.5
15,53,46,0.77174851492508179,5,5,1.2
15,54,86,0.73348180928583662,5,5,1
15,55,46,0.84183831298461798,5,5,0.42500000000000004
15,56,59,0.60053632644363708,4,4,1.8123015873015873
15,57,84,0.68019028125988545,4,4,0.34999999999999998
15,58,3,0.24883592884131872,2,2,0.5
15,59,31,0.46554383255955456,3,3,5.7662698412698417
15,60,6,0.35939603995037217,2,2,8.0250000000000021
15,61,4,0.87678746095085358,6,6,0.10000000000000001
15,62,76,0.88362075038214782,6,6,0.14285714285714285
15,63,23,0.92754337750327309,6,6,1.3472222222222223
15,64,78,0.81155370014657846,5,5,0.20000000000000001
15,65,86,0.6565093973792594,5,4,0.33333333333333331
15,66,82,0.70308798344458101,5,4,0.5
15,67,24,1.0232657777421581,6,6,0.1111111111111111
15,68,71,0.53543088886948587,4,3,0.33333333333333331
15,69,12,0.93637018800223792,6,6,0.125
15,70,60,0.54599694468550386,3,3,5.9833333333333343
15,71,1,0.4436343251499934,3,3,0.66666666666666663
15,72,46,0.7801969146911294,5,5,0.20000000000000001
15,73,59,0.6120921626952307,4,4,1.4416666666666667
15,74,55,1.0233746715286156,6,6,0.20000000000000001
15,75,15,0.10834102313881126,1,1,0.1111111111111111
15,76,56,0.76814656515591229,5,5,0.24285714285714285
15,77,78,0.79291644009238604,5,5,0.33333333333333331
15,78,59,0.61978329205675886,4,4,1.0111111111111111
15,79,15,0.19965439198403578,1,1,0.16666666666666666
15,80,86,0.72001289068660324,5,5,0.16666666666666666
15,81,63,1.0738392099722254,7,7,1
15,82,32,0.66751529502824214,4,4,0.84999999999999998
15,83,15,0.18053499407396273,1,1,1.4761904761904763
15,84,20,0.50997433782406465,3,3,2.1166666666666667
15,85,59,0.64590703358677748,4,4,0.65833333333333333
15,86,5,0.57044127891218865,4,4,1.6428571428571428
15,87,63,1.1204981589935179,7,7,0.125
15,88,20,0.49981361202892183,3,3,0.10000000000000001
15,89,83,0.26648502000277552,2,2,0.5
15,90,15,0.16373820701757366,1,1,0.25396825396825395
15,91,70,0.72371630518327912,4,4,0.25
15,92,3,0.30706033151627377,2,2,0.20000000000000001
15,93,53,0.9649711175033342,6,6,1
15,94,10,0.75596274318960932,5,5,0.125
15,95,36,0.90062041447242758,6,6,1
15,96,57,0.73992248606160094,5,5,0.25
15,97,99,1.0119907502942789,7,7,0.65833333333333333
15,98,15,0.17255269619082797,1,1,5.3357142857142863
15,99,35,0.87401444343564605,6,6,0.85833333333333339
16,0,40,0.45937622563319325,4,4,1.6666666666666665
16,1,26,0.66582110498022029,5,5,0.14285714285714285
16,2,57,0.65449629985704905,4,4,0.16666666666666666
16,3,79,0.64848053536653594,5,4,1.1428571428571428
16,4,35,0.21364348663597096,2,2,0.10000000000000001
16,5,86,0.73700426323632751,5,5,0.33333333333333331
16,6,31,0.58597135140506407,4,4,0.66666666666666663
16,7,16,0.18530889289019634,1,1,0.59999999999999998
16,8,55,0.38266120105208246,3,2,0.69444444444444442
16,9,43,0.62034018872139629,4,4,0.5
16,10,66,0.43714609621328515,3,3,0.25
16,11,83,0.88480353231626507,6,6,0.1111111111111111
16,12,94,0.52075977222067804,4,4,0.20000000000000001
16,13,7,0.37021857418475496,2,2,0.10000000000000001
16,14,19,0.39003905291529656,3,3,0.20000000000000001
16,15,6,0.76241462795603321,5,5,0.33333333333333331
16,16,-1,0,0,0,29.983333333333334
16,17,23,0.2311858612306808,2,2,0.1111111111111111
16,18,35,0.22565076120303212,2,2,0.1111111111111111
16,19,85,0.31622301294860872,2,2,4.6039682539682545
16,20,31,0.6332713270535747,4,4,1.1000000000000001
16,21,66,0.38405096334177863,3,3,0.27777777777777779
16,22,79,0.72143872563176004,5,5,0.33333333333333331
16,23,16,0.10269710341282547,1,1,3.8861111111111111
16,24,8,0.53141371460818321,4,3,0.33333333333333331
16,25,63,0.44656174101075763,3,3,0.1111111111111111
16,26,32,0.58711619289234673,4,4,0.51785714285714279
16,27,60,0.60260969521785501,4,4,0.44444444444444442
16,28,73,0.28643936657581337,2,2,0.20000000000000001
16,29,97,0.34678705979999341,3,3,0.125
16,30,82,0.38137954765090021,3,3,0.5
16,31,59,0.48840569277679324,3,3,2.2190476190476187
16,32,70,0.39857436505076516,3,3,1.9178571428571427
16,33,46,0.257616261018835,2,2,0.10000000000000001
16,34,35,0.30349063812609839,2,2,0.125
16,35,16,0.11757437683009096,1,1,2.5456349206349205
16,36,21,0.55610344651444754,4,4,0.1111111111111111
16,37,99,0.28381342267545617,2,2,0.125
16,38,85,0.29563506405694012,2,2,0.33333333333333331
16,39,31,0.50900885655924966,4,4,0.16666666666666666
16,40,82,0.34502071736246342,3,3,1.7916666666666665
16,41,94,0.56272142015808013,4,4,0.33333333333333331
16,42,97,0.43880240217965583,3,3,0.33333333333333331
16,43,82,0.42056571814725358,3,3,1
16,44,35,0.22435217980952823,2,2,1.2
16,45,19,0.39538952962596574,3,3,0.20000000000000001
16,46,16,0.12079352382049353,1,1,12.819047619047618
16,47,73,0.26397901643129912,2,2,0.16666666666666666
16,48,93,0.31071712261475293,3,2,0.20000000000000001
16,49,57,0.63020874678690098,4,4,0.5
16,50,26,0.71366744181662711,5,5,0.25
16,51,57,0.65319127256316878,4,4,1
16,52,92,0.62894511103221862,5,5,0.5
16,53,16,0.15782263058209381,1,1,0.20000000000000001
16,54,96,0.58442214510523594,4,4,1
16,55,23,0.21249027712897758,2,2,1.0194444444444444
16,56,73,0.2142268028462041,2,2,0.33333333333333331
16,57,19,0.50963455186259765,3,3,2.6761904761904765
16,58,60,0.61212039515586503,4,4,0.5
16,59,73,0.29687079539647865,2,2,2.3619047619047615
16,60,70,0.42431912329106047,3,3,3.0317460317460316
16,61,35,0.24791812029258031,2,2,0.10000000000000001
16,62,35,0.3105059111997866,2,2,0.14285714285714285
16,63,23,0.25761419054663898,2,2,1.2222222222222223
16,64,44,0.3285074685656556,3,3,0.20000000000000001
16,65,57,0.57841855754016835,4,4,0.33333333333333331
16,66,46,0.25995401375795396,2,2,2.8111111111111109
16,67,8,0.43745187400134322,4,3,0.1111111111111111
16,68,0,0.64901814819495263,5,5,0.66666666666666663
16,69,94,0.62922996685599697,4,4,0.125
16,70,46,0.23771821855592878,2,2,5.1162698412698404
16,71,68,0.74081471191444503,6,5,0.33333333333333331
16,72,16,0.18031532579054205,1,1,0.20000000000000001
16,73,16,0.15032246526080248,1,1,3.1869047619047617
16,74,55,0.39402663567297519,3,3,0.20000000000000001
16,75,27,0.7699301268138492,5,5,0.1111111111111111
16,76,35,0.28097025047516883,2,2,0.43333333333333335
16,77,76,0.4033441637183105,3,3,0.33333333333333331
16,78,85,0.29344124628803231,2,2,0.16666666666666666
16,79,60,0.61014996790569265,4,4,1.9206349206349205
16,80,96,0.59444209516533419,4,4,0.16666666666666666
16,81,63,0.40391002301559137,3,3,1
16,82,46,0.22995785492112267,2,2,3.5416666666666665
16,83,79,0.72031036804033755,5,5,0.27777777777777779
16,84,57,0.67985049529841846,4,4,0.10000000000000001
16,85,16,0.14875130166684516,1,1,5.4373015873015875
16,86,57,0.62179708150186686,4,4,0.47619047619047616
16,87,97,0.41549280953332102,3,3,0.125
16,88,20,0.79298191465020595,5,5,0.10000000000000001
16,89,92,0.72122352932373346,5,5,0.5
16,90,3,0.81682782941121279,6,5,0.14285714285714285
16,91,46,0.21837725344130154,2,2,0.25
16,92,32,0.57330662373176011,4,4,1.2
16,93,23,0.29705056154473686,2,2,1.2
16,94,66,0.44594018076768172,3,3,1.7833333333333332
16,95,94,0.63717501808798627,4,4,1
16,96,19,0.50822504661663925,3,3,1.4166666666666665
16,97,99,0.28065879971266094,2,2,0.78333333333333333
16,98,31,0.60316669338517603,4,4,0.14285714285714285
16,99,16,0.14268249285402818,1,1,1.1083333333333334
17,0,40,0.40652826655794427,3,3,1.6666666666666665
17,1,9,0.64488519913531162,5,4,0.14285714285714285
17,2,57,0.8856821610877299,6,5,0.16666666666666666
17,3,92,0.7004180893704679,5,4,1
17,4,35,0.44482934786665179,4,3,0.10000000000000001
17,5,20,0.87318292364642447,6,6,0.33333333333333331
17,6,60,0.67945216892521942,4,4,0.66666666666666663
17,7,17,0.045932097565393314,1,1,0.5
17,8,17,0.15171974265445567,1,1,1.3527777777777779
17,9,43,0.5722497638189038,4,3,1.503968253968254
17,10,21,0.35827449710427678,3,2,0.25
17,11,89,0.87028961257814808,6,5,0.1111111111111111
17,12,24,0.41095757121724957,3,3,0.20000000000000001
17,13,17,0.14569517449385674,1,1,0.10000000000000001
17,14,19,0.62122491414597736,5,4,0.20000000000000001
17,15,6,0.85589544547618857,5,5,0.33333333333333331
17,16,23,0.2311858612306808,2,2,7.049603174603174
17,17,-1,0,0,0,29.99722222222222
17,18,35,0.45683662243371292,4,3,0.1111111111111111
17,19,85,0.54740887417928952,4,3,4.2706349206349206
17,20,31,0.75805185090098703,5,5,1.4333333333333333
17,21,33,0.28671426857807591,2,2,0.41666666666666663
17,22,92,0.73080910456267922,5,4,0.47619047619047616
17,23,17,0.12848875781785532,1,1,7.9329365079365068
17,24,8,0.3004722562105564,2,2,0.9916666666666667
17,25,48,0.32896213889509318,2,2,0.1111111111111111
17,26,32,0.58935038619418079,4,4,0.125
17,27,60,0.67478997745261093,4,4,0.33333333333333331
17,28,46,0.38112691371555663,2,2,0.34285714285714286
17,29,63,0.3391638530114397,2,2,0.45833333333333331
17,30,66,0.34475080292183269,2,2,0.5
17,31,60,0.61318621662420558,4,4,1.7190476190476189
17,32,82,0.40080855835259921,3,3,3.2789682539682543
17,33,17,0.14540545429862378,1,1,5.5484126984126982
17,34,61,0.53219962758226325,4,4,0.125
17,35,16,0.34876023806077178,3,3,2.3206349206349208
17,36,94,0.44788395503611544,3,3,0.1111111111111111
17,37,99,0.46192544795789958,3,3,0.125
17,38,73,0.51987912989707996,3,3,0.33333333333333331
17,39,60,0.6332560942611255,4,4,0.16666666666666666
17,40,33,0.29217275828721445,2,2,3.7956349206349205
17,41,24,0.43478437924147373,3,3,0.33333333333333331
17,42,29,0.45878098557381641,3,3,0.33333333333333331
17,43,40,0.37247529324476109,3,2,2.003968253968254
17,44,35,0.45553804104020906,4,3,1.2
17,45,19,0.62657539085664649,5,4,0.20000000000000001
17,46,17,0.19297380605524944,1,1,5.8535714285714286
17,47,73,0.48727557691183426,3,3,0.16666666666666666
17,48,17,0.14824372802374208,1,1,1.3111111111111111
17,49,57,0.86139460801758183,6,5,0.5
17,50,9,0.67799775824011688,5,4,0.25
17,51,57,0.88437713379384963,6,5,1
17,52,92,0.63117930433405256,5,4,0.61111111111111116
17,53,17,0.085198102011697641,1,1,0.20000000000000001
17,54,96,0.81560800633591679,6,5,1
17,55,17,0.018870056238045278,1,1,0.125
17,56,73,0.43752336332673925,3,3,0.33333333333333331
17,57,19,0.74082041309327851,5,4,2.342857142857143
17,58,92,0.63489647472874822,5,4,0.5
17,59,28,0.44554452128781763,3,3,0.14285714285714285
17,60,70,0.4964994055258164,3,3,3.2190476190476192
17,61,99,0.47464072192054862,3,3,0.22500000000000001
17,62,35,0.5416917724304674,4,4,0.14285714285714285
17,63,17,0.14674750111834703,1,1,0.89444444444444438
17,64,44,0.55969332979633646,5,4,0.20000000000000001
17,65,57,0.80960441877084921,6,5,0.33333333333333331
17,66,17,0.19289299856999792,1,1,1
17,67,8,0.20651041560371647,2,2,0.1111111111111111
17,68,0,0.59617018911970365,4,4,0.66666666666666663
17,69,24,0.41579599950798135,3,3,0.125
17,70,46,0.30989850079068471,2,2,3.3857142857142857
17,71,68,0.68796675283919606,5,4,0.33333333333333331
17,72,17,0.077604060900638691,1,1,0.20000000000000001
17,73,46,0.37361902574133765,2,2,1.125
17,74,17,0.17063356604516769,1,1,0.20000000000000001
17,75,52,0.81664652628735579,6,5,0.1111111111111111
17,76,35,0.51215611170584963,4,3,0.43333333333333335
17,77,76,0.63453002494899124,5,4,0.33333333333333331
17,78,73,0.52121733419930161,3,3,0.16666666666666666
17,79,60,0.68233025014044857,4,4,0.16666666666666666
17,80,96,0.82562795639601505,6,5,0.16666666666666666
17,81,48,0.2891053244625067,2,2,1
17,82,91,0.20145415933019975,2,2,3.5289682539682543
17,83,92,0.73310638120672789,5,4,0.16666666666666666
17,84,57,0.91103635652909931,6,5,0.10000000000000001
17,85,16,0.37993716289752599,3,3,4.6039682539682536
17,86,57,0.85298294273254771,6,5,0.14285714285714285
17,87,63,0.33970228260859181,2,2,0.125
17,88,20,0.91776243849761829,6,6,0.10000000000000001
17,89,9,0.70558285246267993,5,4,0.61111111111111116
17,90,22,0.83706644743619496,6,5,0.14285714285714285
17,91,17,0.13572873462748125,1,1,3.7789682539682543
17,92,32,0.57554081703359405,4,4,2.9539682539682541
17,93,17,0.13499012380441625,1,1,1
17,94,33,0.33752146404426564,2,2,1.2361111111111112
17,95,94,0.52875630136457019,3,3,1
17,96,19,0.73941090784732011,5,4,1.4166666666666665
17,97,63,0.32671014702946966,2,2,0.20000000000000001
17,98,31,0.72794721723258837,5,5,0.14285714285714285
17,99,23,0.32079451813647158,2,2,0.55000000000000004
18,0,30,0.65614533157786048,4,4,1.3333333333333333
18,1,92,0.77320732990625074,5,5,0.14285714285714285
18,2,96,0.50450413325656696,3,3,0.16666666666666666
18,3,79,0.71542417450101337,5,4,1.1428571428571428
18,4,18,0.025383450782502912,1,1,0.55833333333333335
18,5,86,0.61116887387461161,5,4,0.33333333333333331
18,6,31,0.62885733810437594,5,4,0.77777777777777768
18,7,16,0.41095965409322843,3,3,0.59999999999999998
18,8,55,0.60831196225511452,5,4,0.69444444444444442
18,9,92,0.74274048359427192,5,5,0.5
18,10,66,0.66279685741631722,5,4,0.25
18,11,83,0.9517471714507425,6,6,0.1111111111111111
18,12,94,0.74641053342371011,6,5,0.20000000000000001
18,13,7,0.59586933538778708,4,4,0.10000000000000001
18,14,76,0.20878367049670724,2,2,2.3095238095238098
18,15,6,0.80530061465534508,6,5,0.33333333333333331
18,16,35,0.22565076120303212,2,2,8.3111111111111118
18,17,23,0.45683662243371292,4,3,0.1111111111111111
18,18,-1,0,0,0,29.997222222222224
18,19,44,0.2213944317865093,2,2,0.1111111111111111
18,20,31,0.67615731375288657,5,4,1
18,21,66,0.60970172454481075,5,4,0.27777777777777779
18,22,79,0.78838236476623735,5,5,0.33333333333333331
18,23,16,0.32834786461585758,3,2,2.7749999999999999
18,24,8,0.75706447581121528,6,5,0.33333333333333331
18,25,97,0.49434808628666327,3,3,0.1111111111111111
18,26,92,0.69479751813085222,5,4,0.125
18,27,60,0.66955333435233255,4,4,0.33333333333333331
18,28,85,0.34210288727180377,2,2,5.8718253968253968
18,29,97,0.38235988791911718,3,3,0.125
18,30,70,0.54578483775441999,3,3,2.333333333333333
18,31,59,0.53129167947610512,4,3,2.2301587301587298
18,32,28,0.51855802229474968,3,3,0.20000000000000001
18,33,46,0.48326702222186713,4,3,0.10000000000000001
18,34,18,0.10649678680798083,1,1,0.125
18,35,18,0.10807638437294116,1,1,8.6444444444444457
18,36,21,0.78175420771747972,6,5,0.1111111111111111
18,37,4,0.20823653938036785,2,2,0.45833333333333331
18,38,78,0.25160142669056651,3,2,0.33333333333333331
18,39,31,0.55189484325856153,5,4,0.16666666666666666
18,40,70,0.5596353283445521,3,3,0.125
18,41,94,0.7883721813611122,6,5,0.33333333333333331
18,42,37,0.40285455638113926,3,3,0.33333333333333331
18,43,30,0.60052313704727811,4,4,0.5
18,44,18,0.040310638820026792,1,1,4.4841269841269842
18,45,76,0.22180377820154754,2,2,0.20000000000000001
18,46,16,0.34644428502352564,3,3,4.4111111111111114
18,47,44,0.23101920754823546,2,2,0.16666666666666666
18,48,93,0.53636788381778511,5,4,0.20000000000000001
18,49,96,0.48806657895935962,3,3,0.5
18,50,92,0.82131701492047038,5,5,0.25
18,51,57,0.52735588320145277,4,3,1
18,52,58,0.6994583381072762,5,5,0.5
18,53,16,0.38347339178512596,3,3,0.20000000000000001
18,54,96,0.43339238175867545,3,3,1
18,55,23,0.43814103833200968,4,3,1.0194444444444444
18,56,44,0.20476428821170795,2,2,2.7063492063492061
18,57,14,0.38379916250088164,3,2,2.1095238095238096
18,58,60,0.67906403429034246,4,4,1.5
18,59,56,0.33975678209579052,3,2,2.3730158730158726
18,60,28,0.4912627624255379,3,3,5.4718253968253965
18,61,18,0.075205635894639397,1,1,0.10000000000000001
18,62,18,0.090180700127420424,1,1,0.14285714285714285
18,63,23,0.4832649517496711,4,3,0.1111111111111111
18,64,18,0.11503789450845026,1,1,0.20000000000000001
18,65,57,0.4525831681784524,4,3,0.33333333333333331
18,66,46,0.48560477496098609,4,3,2.8111111111111109
18,67,8,0.66310263520437529,6,5,0.1111111111111111
18,68,0,0.84578725413961986,5,5,0.33333333333333331
18,69,94,0.85488072805902904,6,5,0.125
18,70,85,0.36298523738761457,2,2,2.6249999999999996
18,71,92,0.86818090748879584,5,5,0.33333333333333331
18,72,16,0.40596608699357417,3,3,0.20000000000000001
18,73,85,0.2067731343351655,2,2,0.125
18,74,55,0.61967739687600731,5,4,0.20000000000000001
18,75,6,0.82549653902261544,6,5,0.1111111111111111
18,76,18,0.079009104475836756,1,1,2.60952380952381
18,77,18,0.19769095438042186,1,1,2.4166666666666665
18,78,44,0.23899236672870772,2,2,0.5
18,79,60,0.67709360704017008,4,4,1.9206349206349205
18,80,96,0.44341233181877376,3,3,0.16666666666666666
18,81,97,0.47760457833341452,3,3,1
18,82,46,0.45560861612415476,4,3,0.25
18,83,79,0.78725400717481497,5,5,0.27777777777777779
18,84,57,0.55401510593670245,4,3,0.20000000000000001
18,85,18,0.1657359799740323,1,1,8.955158730158729
18,86,57,0.4959616921401509,4,3,0.47619047619047616
18,87,97,0.45106563765244478,3,3,0.125
18,88,84,0.67840359866154987,5,4,0.10000000000000001
18,89,58,0.81537403940804765,5,5,0.5
18,90,3,0.88377146854569022,6,5,0.14285714285714285
18,91,46,0.44402801464433361,4,3,0.25
18,92,60,0.67954826826206183,4,4,1.5511904761904762
18,93,23,0.52270132274776904,4,3,1.2
18,94,66,0.67159094197071378,5,4,1.7833333333333332
18,95,94,0.86282577929101834,6,5,1
18,96,77,0.35719528327007877,2,2,2.083333333333333
18,97,99,0.31623162783178471,2,2,1.5611111111111111
18,98,31,0.64605268008448791,5,4,0.14285714285714285
18,99,18,0.17825532097315194,1,1,1.7611111111111111
19,0,32,0.61028914414760138,4,4,1.3333333333333333
19,1,92,0.64516006237966439,5,5,0.14285714285714285
19,2,57,0.33827328690844038,2,2,0.16666666666666666
19,3,79,0.58737690697442702,5,4,1.1428571428571428
19,4,44,0.2416294819719623,2,2,0.55833333333333335
19,5,86,0.4207812502877189,3,3,0.33333333333333331
19,6,31,0.49864936894174638,4,4,0.77777777777777768
19,7,16,0.50153190583880503,3,3,0.59999999999999998
19,8,55,0.69888421400069112,5,4,0.3611111111111111
19,9,92,0.61469321606768557,5,5,0.5
19,10,40,0.64006452176407047,5,4,1.3611111111111112
19,11,83,0.82369990392415615,6,6,0.1111111111111111
19,12,94,0.76281151338747377,5,5,0.20000000000000001
19,13,7,0.68644158713336367,4,4,0.10000000000000001
19,14,19,0.073816039966687855,1,1,0.20000000000000001
19,15,6,0.67509264549271553,5,5,0.33333333333333331
19,16,85,0.31622301294860872,2,2,3.1666666666666665
19,17,23,0.54740887417928952,4,3,0.1111111111111111
19,18,44,0.2213944317865093,2,2,0.1111111111111111
19,19,-1,0,0,0,29.997222222222216
19,20,84,0.53349879574158399,3,3,1
19,21,66,0.6261027045085743,4,4,0.5
19,22,79,0.66033509723965111,5,5,0.33333333333333331
19,23,16,0.41892011636143417,3,3,2.4416666666666664
19,24,21,0.79962908889331352,5,5,0.33333333333333331
19,25,97,0.69111203060356985,4,4,0.1111111111111111
19,26,92,0.56675025060426587,5,4,0.125
19,27,60,0.54150606682574609,4,4,0.33333333333333331
19,28,47,0.2534359617793297,2,2,4.3861111111111111
19,29,97,0.57912383223602371,4,4,0.125
19,30,32,0.51898729464421134,4,3,0.5
19,31,59,0.40108371031347556,3,3,1.23015873015873
19,32,28,0.42989109680227561,3,3,2.5333333333333332
19,33,46,0.49966800218563068,3,3,0.10000000000000001
19,34,76,0.30505194603670338,2,2,0.125
19,35,44,0.28786159594591981,2,2,0.33333333333333331
19,36,10,0.79377240199367982,6,5,1.1111111111111112
19,37,4,0.42448257056982719,3,3,0.45833333333333331
19,38,19,0.067150432280255218,1,1,0.33333333333333331
19,39,31,0.42168687409593197,4,4,0.16666666666666666
19,40,70,0.53290504810362882,4,3,1.4861111111111112
19,41,94,0.80477316132487586,5,5,0.33333333333333331
19,42,37,0.6191005875705986,4,4,0.33333333333333331
19,43,32,0.55673839989219953,4,4,0.5
19,44,19,0.18108379296648253,1,1,3.7638888888888888
19,45,19,0.079166516677356996,1,1,0.20000000000000001
19,46,73,0.3628452649872892,2,2,3.7833333333333337
19,47,19,0.084429263526124204,1,1,4.552777777777778
19,48,93,0.62694013556336159,5,4,0.20000000000000001
19,49,57,0.31398573383829231,2,2,0.5
19,50,92,0.69326974739388403,5,5,0.25
19,51,57,0.33696825961456012,2,2,1
19,52,58,0.57141107058068985,5,5,0.5
19,53,46,0.47167214049143175,3,3,0.20000000000000001
19,54,96,0.26819913215662722,2,2,1
19,55,23,0.52871329007758627,4,3,0.68611111111111112
19,56,19,0.12023236534298973,1,1,0.33333333333333331
19,57,19,0.19341153891398896,1,1,3.7761904761904765
19,58,60,0.55101676676375611,4,4,1.5
19,59,78,0.20954881293316102,2,2,6.8448412698412691
19,60,59,0.36321549489895155,3,3,5.4718253968253965
19,61,76,0.29368679988510432,2,2,0.10000000000000001
19,62,76,0.26009268849509476,2,2,0.14285714285714285
19,63,23,0.57383720349524769,4,4,0.1111111111111111
19,64,19,0.14834298171329685,1,1,0.20000000000000001
19,65,57,0.26219554459155969,2,2,0.33333333333333331
19,66,46,0.50200575492474964,3,3,1.7833333333333332
19,67,8,0.75367488694995188,6,5,0.1111111111111111
19,68,0,0.79993106670936076,5,5,0.33333333333333331
19,69,94,0.8712817080227927,5,5,0.125
19,70,28,0.3362549571466914,3,2,1.6527777777777779
19,71,92,0.74013363996220949,5,5,0.33333333333333331
19,72,46,0.48012054025747936,3,3,0.20000000000000001
19,73,19,0.18220004530120099,1,1,3.9083333333333337
19,74,55,0.71024964862158391,5,4,0.20000000000000001
19,75,6,0.69528856985998577,5,5,0.1111111111111111
19,76,19,0.14461850326885922,1,1,0.46785714285714286
19,77,19,0.11835847546975467,1,1,0.33333333333333331
19,78,19,0.055309353435956748,1,1,7.011507936507936
19,79,60,0.54904633951358373,4,4,1.9206349206349205
19,80,96,0.27821908221672553,2,2,0.16666666666666666
19,81,97,0.6743685226503211,4,4,1
19,82,46,0.47200959608791832,3,3,0.25
19,83,79,0.65920673964822862,5,5,0.27777777777777779
19,84,57,0.36362748234980979,2,2,1.2000000000000002
19,85,19,0.16747171128176355,1,1,3.5
19,86,57,0.30557406855325819,2,2,0.47619047619047616
19,87,97,0.64782958196935136,4,4,0.125
19,88,84,0.48801597507465727,3,3,0.10000000000000001
19,89,58,0.6873267718814613,5,5,0.5
19,90,3,0.75572420101910387,6,5,0.14285714285714285
19,91,46,0.46042899460809716,3,3,0.25
19,92,60,0.55150100073547548,4,4,1.5511904761904762
19,93,23,0.61327357449334552,4,4,1.2
19,94,66,0.68799192193447745,4,4,0.78333333333333321
19,95,36,0.87747829906165831,7,5,1
19,96,19,0.19200203366803054,1,1,1.4166666666666665
19,97,99,0.51299557214869129,3,3,1.5611111111111111
19,98,31,0.51584471092185835,4,4,0.14285714285714285
19,99,44,0.37501926529005858,2,2,1.7611111111111111
20,0,32,0.55071534877596695,4,4,1
20,1,58,0.44592894669500194,3,3,0.14285714285714285
20,2,51,0.39547562500504585,3,3,0.16666666666666666
20,3,27,0.33381985895906235,3,2,1
20,4,85,0.69194241947522794,4,4,0.32500000000000001
20,5,20,0.11513107274543745,1,1,1.9761904761904761
20,6,39,0.22455793184871761,2,2,0.69841269841269837
20,7,46,0.71888499402965622,5,5,0.69999999999999996
20,8,17,0.90977159355544268,6,6,0.25
20,9,58,0.45517687936977164,3,3,1.1666666666666665
20,10,30,0.60626417681792022,4,4,1.6944444444444444
20,11,75,0.56563522071608119,4,4,0.1111111111111111
20,12,94,0.76115800687008206,6,5,0.20000000000000001
20,13,55,0.90293160273708628,6,6,0.10000000000000001
20,14,57,0.51510274883176943,3,3,0.20000000000000001
20,15,98,0.34010302443229057,2,2,0.33333333333333331
20,16,73,0.6332713270535747,4,4,0.125
20,17,46,0.75805185090098703,5,5,0.3611111111111111
20,18,44,0.67615731375288657,5,4,0.1111111111111111
20,19,57,0.53349879574158399,3,3,0.1111111111111111
20,20,-1,0,0,0,29.108333333333331
20,21,30,0.62108189861502894,4,4,0.61111111111111105
20,22,27,0.40693900626805818,3,3,0.33333333333333331
20,23,46,0.67478269579425787,5,5,1.5555555555555556
20,24,21,0.79460828299976805,5,5,0.44444444444444442
20,25,63,1.0186473333921902,7,7,0.1111111111111111
20,26,58,0.40499798391199876,3,3,0.125
20,27,39,0.27759184078808685,2,2,1.8333333333333333
20,28,59,0.40081813922935705,3,3,0.20000000000000001
20,29,97,0.94897570947915266,7,6,0.125
20,30,60,0.45918603483796855,3,3,2.8055555555555554
20,31,20,0.14486563427678148,1,1,19.636904761904763
20,32,60,0.37031730143064118,3,3,3.125
20,33,82,0.63678531313775966,5,4,0.10000000000000001
20,34,44,0.78129853707166774,5,5,0.125
20,35,73,0.64500303424751415,4,4,1.3166666666666667
20,36,10,0.75997205704752957,5,5,1.1111111111111112
20,37,4,0.87479550807309292,5,5,0.125
20,38,59,0.47915816619280349,3,3,0.33333333333333331
20,39,20,0.12942471751389095,1,1,3.6150793650793647
20,40,32,0.52045563986427412,4,4,0.57499999999999996
20,41,10,0.80197980375458577,5,5,0.33333333333333331
20,42,97,1.040991051858815,7,6,0.33333333333333331
20,43,32,0.4971646045205651,4,4,0.5
20,44,56,0.63584667493285973,4,4,1.2361111111111112
20,45,57,0.50223676235972803,3,3,0.40000000000000002
20,46,70,0.56507804484573754,4,4,5.4416666666666673
20,47,59,0.46701533889633928,3,3,0.16666666666666666
20,48,7,0.88057560285858216,6,6,0.20000000000000001
20,49,84,0.36920750388319756,2,2,0.5
20,50,79,0.49430256157348063,3,3,0.25
20,51,84,0.2236620512116044,2,2,1.1666666666666667
20,52,58,0.36383486114717656,3,3,0.5
20,53,46,0.67390492034988014,5,5,1.2
20,54,86,0.39337878485354616,3,3,1
20,55,46,0.74399471840941633,5,5,0.42500000000000004
20,56,59,0.47139302554117857,3,3,1.6694444444444445
20,57,84,0.340087256827595,2,2,1.5373015873015872
20,58,31,0.34344055733024281,2,2,2.6345238095238095
20,59,31,0.33640053165709605,2,2,4.9039682539682543
20,60,31,0.26155244537517064,2,2,11.955555555555556
20,61,4,0.74764416004839507,5,5,0.10000000000000001
20,62,77,0.72708155962834531,4,4,0.14285714285714285
20,63,23,0.82969978292807145,6,6,1.2222222222222223
20,64,45,0.62141114560333977,4,4,0.20000000000000001
20,65,86,0.31640637294696888,3,2,0.33333333333333331
20,66,82,0.60524438886937948,5,4,0.5
20,67,24,0.94314742488707204,6,6,0.1111111111111111
20,68,9,0.65379925728411914,4,4,0.33333333333333331
20,69,94,0.86962820150540099,6,6,0.125
20,70,60,0.44815335011030233,3,3,5.8583333333333343
20,71,9,0.58061756675957699,4,4,0.33333333333333331
20,72,46,0.68235332011592775,5,5,0.20000000000000001
20,73,59,0.48294886179277219,3,3,1.5666666666666667
20,74,55,0.92553107695341397,6,6,0.20000000000000001
20,75,6,0.42119713276695703,3,3,0.36507936507936506
20,76,56,0.63900326425345377,4,4,0.10000000000000001
20,77,57,0.53666975563426633,3,3,0.47619047619047616
20,78,59,0.49063999115430035,3,3,0.16666666666666666
20,79,39,0.30007003050367809,2,2,0.91666666666666663
20,80,86,0.37990986625431278,3,3,0.16666666666666666
20,81,63,0.97599561539702384,7,7,1
20,82,32,0.56967170045304061,4,4,0.84999999999999998
20,83,27,0.40521909880718149,3,3,0.16666666666666666
20,84,20,0.16987131339177414,1,1,3.3039682539682538
20,85,59,0.51676373268431897,3,3,0.65833333333333333
20,86,5,0.23033825447989814,2,2,1.6428571428571428
20,87,97,1.0176814592124803,7,7,0.125
20,88,20,0.15971058759663123,1,1,0.10000000000000001
20,89,79,0.46596745759562308,3,3,0.5
20,90,75,0.48575477844787074,4,3,0.14285714285714285
20,91,70,0.62587271060807759,4,4,0.25
20,92,58,0.40279621502539703,3,3,0.20000000000000001
20,93,53,0.86712752292813255,6,6,1
20,94,40,0.68633841541708573,5,5,0.45000000000000001
20,95,36,0.84367795411550806,6,6,1
20,96,57,0.39981946162931048,3,3,0.25
20,97,99,0.88284744939182025,6,6,0.78333333333333333
20,98,20,0.1675503282414626,1,1,0.47619047619047616
20,99,35,0.74487114253318754,5,5,0.98333333333333339
21,0,21,0.14640898446064279,1,1,1.6666666666666665
21,1,9,0.42354419056812159,3,3,0.2857142857142857
21,2,57,0.96437599141701469,6,6,0.16666666666666666
21,3,9,0.51901719229071497,3,3,1.3333333333333333
21,4,35,0.59769444997774956,5,4,0.10000000000000001
21,5,20,0.73621297136046637,5,5,0.47619047619047616
21,6,60,0.54248221663926133,3,3,0.33333333333333331
21,7,33,0.28020678143593036,2,2,2.5055555555555555
21,8,24,0.32227889794083991,2,2,0.55000000000000004
21,9,43,0.35090875525171372,2,2,5.0829365079365081
21,10,21,0.07156022852620085,1,1,0.25
21,11,89,0.648948604010958,4,4,0.1111111111111111
21,12,21,0.1412881806161094,1,1,0.20000000000000001
21,13,8,0.41239318209428494,3,3,0.10000000000000001
21,14,56,0.6916097715230467,5,5,0.53333333333333333
21,15,3,0.70120025147011489,4,4,0.33333333333333331
21,16,46,0.38405096334177863,3,3,2.0373015873015872
21,17,33,0.28671426857807591,2,2,1.1111111111111112
21,18,35,0.60970172454481075,5,4,0.1111111111111111
21,19,73,0.6261027045085743,4,4,2.6277777777777773
21,20,31,0.62108189861502894,4,4,2.6761904761904765
21,21,-1,0,0,0,29.941666666666663
21,22,9,0.52407058649486749,3,3,0.33333333333333331
21,23,33,0.31374669054238913,2,2,0.65833333333333333
21,24,21,0.17352638438473916,1,1,0.99444444444444446
21,25,63,0.60963911647757596,4,4,0.1111111111111111
21,26,9,0.40342907586281779,3,3,0.125
21,27,60,0.53782002516665295,3,3,0.33333333333333331
21,28,70,0.37741487217517777,3,3,0.86666666666666659
21,29,63,0.61310791790655006,4,4,0.45833333333333331
21,30,21,0.16189586377706039,1,1,4.461904761904762
21,31,60,0.47621626433824743,3,3,2.961904761904762
21,32,40,0.25079774716735082,2,2,0.20000000000000001
21,33,21,0.14130881427945213,1,1,5.1000000000000005
21,34,35,0.68754160146787702,5,5,0.125
21,35,16,0.50162534017186955,4,4,1.9123015873015874
21,36,21,0.17205248317266891,1,1,1.1111111111111112
21,37,99,0.64718338068243342,4,4,0.125
21,38,28,0.56718581196504292,4,4,0.33333333333333331
21,39,60,0.49628614197516741,3,3,0.16666666666666666
21,40,21,0.10065940873371779,1,1,0.32500000000000001
21,41,21,0.18460660491454492,1,1,0.33333333333333331
21,42,29,0.73272505046892678,5,5,0.33333333333333331
21,43,21,0.15113428467757098,1,1,5.5829365079365081
21,44,35,0.60840314315130684,5,4,1
21,45,56,0.70098887421769573,5,5,0.20000000000000001
21,46,66,0.26325743952128511,2,2,7.4900793650793638
21,47,28,0.54642157042838324,4,4,0.16666666666666666
21,48,55,0.43456870140096682,3,3,0.20000000000000001
21,49,57,0.94008843834686662,6,6,0.5
21,50,9,0.4566567496729268,3,3,0.25
21,51,84,0.84474394982663326,6,6,1
21,52,9,0.44915699131623343,3,3,0.5
21,53,33,0.25563947500822715,2,2,0.20000000000000001
21,54,96,0.89430183666520158,6,6,1
21,55,33,0.2862840171022526,2,2,0.32500000000000001
21,56,73,0.50780699679277497,4,4,1.0666666666666667
21,57,19,0.81951424342256329,5,5,1.0999999999999999
21,58,9,0.46264507729124255,3,3,0.5
21,59,70,0.44169256410721597,3,3,0.14285714285714285
21,60,30,0.3595294532398583,2,2,3.961904761904762
21,61,35,0.63196908363435889,5,4,0.10000000000000001
21,62,35,0.69455687454156523,5,5,0.14285714285714285
21,63,7,0.42069156601345736,3,3,2.0055555555555555
21,64,76,0.68798135106827474,5,5,0.20000000000000001
21,65,57,0.888298249100134,6,6,0.33333333333333331
21,66,21,0.12409694958382468,1,1,7.9900793650793638
21,67,24,0.32206552627204316,2,2,0.1111111111111111
21,68,0,0.33605090702240215,2,2,0.66666666666666663
21,69,94,0.25151845548986068,2,2,0.125
21,70,82,0.29459587680781602,2,2,1.176190476190476
21,71,68,0.42784747074189455,3,3,0.33333333333333331
21,72,33,0.23466106742533199,2,2,0.20000000000000001
21,73,46,0.44390265920737337,3,3,4.4527777777777766
21,74,8,0.44541132832547309,3,3,0.20000000000000001
21,75,83,0.61548788024002676,4,4,0.1111111111111111
21,76,73,0.63810988499146748,4,4,0.30000000000000004
21,77,14,0.73858400364197274,6,5,0.33333333333333331
21,78,28,0.57689924125210024,4,4,0.16666666666666666
21,79,9,0.52088547265353435,3,3,0.16666666666666666
21,80,96,0.90432178672529984,6,6,0.16666666666666666
21,81,63,0.56698739848240975,4,4,1
21,82,21,0.15675967909218777,1,1,1.426190476190476
21,83,9,0.52750902070925099,3,3,0.27777777777777779
21,84,20,0.79095321200680302,5,5,1.1000000000000001
21,85,73,0.48493981356850657,4,3,0.33333333333333331
21,86,5,0.85142015309492702,6,6,0.14285714285714285
21,87,63,0.61364634750370217,4,4,0.125
21,88,20,0.7807924862116602,5,5,0.10000000000000001
21,89,9,0.48424184389548991,3,3,0.61111111111111116
21,90,1,0.62224827192953347,4,4,0.14285714285714285
21,91,21,0.18144171701090966,1,1,0.25
21,92,9,0.41410097058392381,3,3,0.20000000000000001
21,93,17,0.42170439238249213,3,3,1
21,94,21,0.068228669401545441,1,1,0.25
21,95,36,0.25575838024064745,2,2,1
21,96,19,0.8181047381766049,5,5,1.4166666666666665
21,97,63,0.60065421192458002,4,4,0.20000000000000001
21,98,31,0.59097726494663028,4,4,0.14285714285714285
21,99,23,0.50605245086100537,3,3,0.32500000000000001
22,0,43,0.42942668688199159,3,3,1
22,1,22,0.11057878570871749,1,1,0.80952380952380953
22,2,51,0.80241463127310397,6,6,0.16666666666666666
22,3,22,0.07353747678823716,1,1,1
22,4,85,0.79782507158311411,5,5,0.32500000000000001
22,5,20,0.52207007901349567,4,4,1.9761904761904761
22,6,22,0.18925236369198023,1,1,0.47619047619047616
22,7,82,0.71118853442230578,4,4,0.69999999999999996
22,8,24,0.84634948443570734,5,5,0.25
22,9,22,0.17316183124315379,1,1,5.6305555555555555
22,10,43,0.48607697219959234,3,3,2.1444444444444444
22,11,22,0.16423172440491529,1,1,0.1111111111111111
22,12,10,0.64724723543355522,4,4,0.32500000000000001
22,13,17,0.87650427905653594,6,5,0.10000000000000001
22,14,78,0.73414993263603467,5,5,0.20000000000000001
22,15,22,0.18477525545741635,1,1,0.33333333333333331
22,16,46,0.72143872563176004,5,5,0.125
22,17,91,0.73080910456267922,5,4,0.41111111111111109
22,18,85,0.78838236476623746,5,5,0.2361111111111111
22,19,78,0.66033509723965111,5,5,0.1111111111111111
22,20,39,0.40693900626805818,3,3,5.1928571428571431
22,21,43,0.52407058649486749,3,3,0.86111111111111105
22,22,-1,0,0,0,29.775000000000002
22,23,46,0.71034985275978679,5,4,0.33333333333333331
22,24,21,0.69759697087960659,4,4,0.69444444444444442
22,25,63,1.0376597943766268,6,6,0.1111111111111111
22,26,22,0.14707511140567828,1,1,0.125
22,27,22,0.12934716547997133,1,1,5.8357142857142863
22,28,60,0.44627947749443364,3,3,2.286111111111111
22,29,63,1.0411285958056009,6,6,0.125
22,30,32,0.41909674405201591,3,3,0.5
22,31,27,0.27015781694051777,2,2,0.14285714285714285
22,32,92,0.33000054621008013,2,2,5.4083333333333341
22,33,82,0.59646855791719855,4,4,0.10000000000000001
22,34,18,0.89487915157421827,6,6,0.125
22,35,73,0.74445055126418636,5,5,1.0666666666666667
22,36,10,0.63978485242920169,4,4,1.1111111111111112
22,37,4,0.98067816018097909,6,6,0.125
22,38,59,0.59354391884219748,4,4,0.53333333333333333
22,39,27,0.27751428875416723,2,2,5.35952380952381
22,40,43,0.45323883677484317,3,3,0.125
22,41,10,0.68179259913625789,4,4,0.33333333333333331
22,42,97,1.1404385688754872,8,7,0.33333333333333331
22,43,9,0.37293630181729653,2,2,5.1305555555555555
22,44,56,0.75023242758225372,5,5,1
22,45,38,0.73895413740231319,5,5,0.20000000000000001
22,46,70,0.60064520181126646,4,4,1.4583333333333333
22,47,59,0.58140109154573327,4,4,0.16666666666666666
22,48,7,0.87287914325123173,5,5,0.20000000000000001
22,49,84,0.77614651015125569,5,5,0.5
22,50,22,0.12985337267109298,1,1,0.25
22,51,84,0.63060105747966255,5,5,1.1666666666666667
22,52,22,0.10288377697757725,1,1,0.5
22,53,82,0.67380642175212546,4,4,1.6722222222222223
22,54,86,0.80031779112160428,6,6,1
22,55,82,0.72487527295542875,4,4,1.125
22,56,59,0.58577877819057256,4,4,1.5761904761904761
22,57,84,0.74702626309565312,5,5,0.34999999999999998
22,58,22,0.11275618278138953,1,1,0.5
22,59,60,0.45078628430649004,3,3,3.43015873015873
22,60,79,0.29711960234069951,2,2,7.5079365079365079
22,61,4,0.85352681215628123,6,6,0.10000000000000001
22,62,76,0.8688632021290833,6,6,0.14285714285714285
22,63,53,0.84871224391250821,5,5,1.4722222222222223
22,64,78,0.79679615189351394,5,5,0.20000000000000001
22,65,86,0.72334537921502706,6,5,0.33333333333333331
22,66,43,0.55512272384806693,3,3,0.5
22,67,24,0.84613611276691059,5,5,0.1111111111111111
22,68,71,0.35091007435575483,3,2,0.33333333333333331
22,69,12,0.75924052302699052,5,5,0.125
22,70,60,0.4837205070758312,3,3,1.625
22,71,1,0.25911351063626242,2,2,0.66666666666666663
22,72,82,0.6613581605661405,4,4,0.20000000000000001
22,73,28,0.5823963788094445,4,4,1.1916666666666667
22,74,17,0.90144267060784689,6,5,0.20000000000000001
22,75,22,0.09159104821452399,1,1,0.1111111111111111
22,76,56,0.75338901690284776,5,5,0.24285714285714285
22,77,78,0.77815889183932152,5,5,0.33333333333333331
22,78,59,0.60502574380369434,4,4,1.0111111111111111
22,79,22,0.11128875772606733,1,1,7.6746031746031749
22,80,86,0.78684887252237101,6,6,0.16666666666666666
22,81,63,0.9950080763814606,6,6,1
22,82,32,0.5293549452324795,3,3,4.7083333333333339
22,83,22,0.0042733073641428058,1,1,0.16666666666666666
22,84,20,0.57681031965983232,4,4,2.1166666666666667
22,85,28,0.62264638479220513,4,4,0.89444444444444438
22,86,5,0.63727726074795632,5,5,1.6428571428571428
22,87,63,1.0416670254027529,6,6,0.125
22,88,20,0.56664959386468938,4,4,0.10000000000000001
22,89,22,0.081755546798987402,1,1,0.5
22,90,22,0.10625734287351574,1,1,0.14285714285714285
22,91,82,0.59508036993519797,4,4,0.66111111111111109
22,92,22,0.15526828752908522,1,1,5.6083333333333343
22,93,55,0.86046714299258198,5,5,1
22,94,10,0.57883307821436192,4,4,0.125
22,95,36,0.72349074949718017,5,5,1
22,96,57,0.8067584678973686,6,6,0.25
22,97,99,0.98229496640849245,7,6,0.53333333333333333
22,98,6,0.25753092438411856,2,2,0.14285714285714285
22,99,35,0.84431865954985974,6,5,0.73333333333333339
23,0,40,0.41606210803788429,3,3,1.6666666666666665
23,1,9,0.6496615064424951,4,4,0.14285714285714285
23,2,57,0.75719340326987461,5,5,0.16666666666666666
23,3,79,0.63739166249456281,5,4,1.1428571428571428
23,4,35,0.31634059004879644,3,2,0.10000000000000001
23,5,20,0.78991376853969542,6,6,0.33333333333333331
23,6,60,0.59618301381849037,4,4,0.66666666666666663
23,7,23,0.08282951495267199,1,1,0.59999999999999998
23,8,55,0.27996409763925695,2,2,0.81944444444444442
23,9,43,0.57702607112608728,3,3,0.89285714285714279
23,10,66,0.38091316252254115,3,3,0.25
23,11,89,0.87335406073664945,5,5,0.1111111111111111
23,12,94,0.43937347746157512,3,3,0.20000000000000001
23,13,7,0.26773919624723064,2,2,0.10000000000000001
23,14,19,0.49273615632812207,4,3,0.20000000000000001
23,15,6,0.77262629036945951,5,5,0.33333333333333331
23,16,23,0.10269710341282547,1,1,8.174603174603174
23,17,23,0.12848875781785532,1,1,0.1111111111111111
23,18,35,0.32834786461585758,3,2,0.1111111111111111
23,19,85,0.41892011636143422,3,3,4.2706349206349206
23,20,31,0.67478269579425798,5,5,1.4333333333333333
23,21,33,0.31374669054238913,2,2,0.16666666666666666
23,22,79,0.7103498527597869,5,4,0.33333333333333331
23,23,-1,0,0,0,29.774999999999999
23,24,8,0.4287166111953577,3,3,0.45833333333333331
23,25,63,0.34386463759793218,2,2,0.1111111111111111
23,26,32,0.57453996418979469,3,3,0.125
23,27,60,0.59152082234588188,4,4,0.44444444444444442
23,28,46,0.29785775860882757,2,2,0.34285714285714286
23,29,63,0.34733343902690622,2,2,0.45833333333333331
23,30,82,0.33806543005559131,2,2,0.5
23,31,60,0.52991706151747653,4,4,1.7190476190476189
23,32,82,0.38599813634821312,2,2,1.6361111111111111
23,33,23,0.17243787626293702,1,1,2.036111111111111
23,34,61,0.40371086976440795,3,3,0.125
23,35,16,0.22027148024291643,2,2,2.3206349206349208
23,36,94,0.47491637700042866,3,3,0.1111111111111111
23,37,99,0.33343669014004429,2,2,0.125
23,38,85,0.39833216746976563,3,3,0.33333333333333331
23,39,60,0.54998693915439645,4,4,0.16666666666666666
23,40,82,0.30170659976715447,2,2,1.7916666666666665
23,41,94,0.48133512539897727,3,3,0.33333333333333331
23,42,29,0.46695057158928299,3,3,0.33333333333333331
23,43,82,0.37725160055194462,2,2,1.3928571428571428
23,44,35,0.32704928322235371,3,2,1.2
23,45,19,0.49808663303879119,4,3,0.20000000000000001
23,46,23,0.10970465094852036,1,1,6.9825396825396826
23,47,73,0.36667611984412457,3,3,0.16666666666666666
23,48,93,0.20802001920192748,2,2,0.20000000000000001
23,49,57,0.73290585019972654,5,5,0.5
23,50,9,0.68277406554730036,4,4,0.25
23,51,57,0.75588837597599434,5,5,1
23,52,92,0.61636888232966647,4,4,0.5
23,53,23,0.063939797955185521,1,1,0.20000000000000001
23,54,96,0.6871192485180615,5,5,1
23,55,23,0.10979317371615212,1,1,1.1444444444444444
23,56,73,0.31692390625902955,3,3,0.33333333333333331
23,57,19,0.61233165527542321,4,4,2.342857142857143
23,58,60,0.60103152228389189,4,4,0.5
23,59,28,0.36227536618108858,3,3,0.14285714285714285
23,60,70,0.41323025041908734,3,3,5.4730158730158722
23,61,99,0.34615196410269333,2,2,0.22500000000000001
23,62,35,0.41320301461261211,3,3,0.14285714285714285
23,63,23,0.15491708713381352,1,1,1.8055555555555556
23,64,44,0.43120457197848105,4,3,0.20000000000000001
23,65,57,0.68111566095299392,5,5,0.33333333333333331
23,66,91,0.20372108006720999,2,2,0.75
23,67,8,0.33475477058851771,3,3,0.1111111111111111
23,68,0,0.60570403059964362,4,4,0.66666666666666663
23,69,24,0.54404035449278265,4,3,0.125
23,70,46,0.22662934568395562,2,2,5.6396825396825392
23,71,68,0.69750059431913602,5,4,0.33333333333333331
23,72,23,0.088621795512426743,1,1,0.20000000000000001
23,73,16,0.25301956867362796,2,2,0.625
23,74,55,0.29132953226014974,2,2,0.20000000000000001
23,75,27,0.75884125394187607,5,5,0.1111111111111111
23,76,35,0.38366735388799433,3,3,0.43333333333333335
23,77,76,0.50604126713113595,4,3,0.33333333333333331
23,78,85,0.39613834970085782,3,3,0.16666666666666666
23,79,60,0.59906109503371952,4,4,1.8095238095238093
23,80,96,0.69713919857815976,5,5,0.16666666666666666
23,81,63,0.30121291960276592,2,2,1
23,82,23,0.18664373732581371,1,1,5.5706349206349204
23,83,79,0.70922149516836441,5,4,0.16666666666666666
23,84,57,0.78254759871124402,5,5,0.10000000000000001
23,85,16,0.25144840507967064,2,2,5.1039682539682536
23,86,57,0.72449418491469242,5,5,0.14285714285714285
23,87,63,0.34787186862405828,2,2,0.125
23,88,20,0.83449328339088924,6,6,0.10000000000000001
23,89,92,0.70864730062118131,4,4,0.61111111111111116
23,90,3,0.80573895653923966,6,5,0.14285714285714285
23,91,23,0.13424794905764437,1,1,1
23,92,32,0.56073039502920796,3,3,1.3111111111111111
23,93,23,0.19435345813191141,1,1,1.2
23,94,33,0.36455388600857885,2,2,1.7694444444444444
23,95,94,0.55578872332888341,3,3,1
23,96,19,0.61092215002946482,4,4,1.4166666666666665
23,97,99,0.33028206717724901,2,2,0.20000000000000001
23,98,31,0.64467806212585932,5,5,0.14285714285714285
23,99,23,0.19230576031861626,1,1,0.75
24,0,94,0.31702889771868281,2,2,1.6666666666666665
24,1,9,0.59707057495286064,4,4,0.2857142857142857
24,2,57,1.1379023758017539,7,7,0.16666666666666666
24,3,9,0.69254357667545408,4,4,1.3333333333333333
24,4,35,0.7450572012441542,6,5,0.10000000000000001
24,5,20,0.90973935574520559,6,6,0.47619047619047616
24,6,60,0.71600860102400055,4,4,0.33333333333333331
24,7,8,0.34640239370626402,2,2,0.5
24,8,24,0.14875251355610075,1,1,7.7873015873015872
24,9,43,0.52443513963645283,3,3,5.0829365079365081
24,10,94,0.23128766717427704,2,2,0.25
24,11,89,0.82247498839569722,5,5,0.1111111111111111
24,12,24,0.11048531500669316,1,1,1.2
24,13,8,0.23886679770954578,2,2,0.10000000000000001
24,14,56,0.86513615590778581,6,6,0.53333333333333333
24,15,3,0.874726635854854,5,5,0.33333333333333331
24,16,23,0.53141371460818321,4,3,2.0123015873015873
24,17,8,0.3004722562105564,2,2,0.51111111111111107
24,18,35,0.75706447581121539,6,5,0.1111111111111111
24,19,73,0.79962908889331352,5,5,2.6277777777777773
24,20,31,0.79460828299976816,5,5,2.6761904761904765
24,21,24,0.17352638438473916,1,1,18.06547619047619
24,22,9,0.69759697087960659,4,4,0.33333333333333331
24,23,55,0.4287166111953577,3,3,2.7706349206349206
24,24,-1,0,0,0,29.774999999999999
24,25,48,0.52371074489133318,3,3,0.1111111111111111
24,26,9,0.57695546024755695,4,4,0.125
24,27,60,0.71134640955139217,4,4,0.33333333333333331
24,28,70,0.55094125655991688,4,4,0.86666666666666659
24,29,63,0.59118592943628423,4,4,0.125
24,30,21,0.33542224816179955,2,2,4.461904761904762
24,31,60,0.6497426487229867,4,4,2.961904761904762
24,32,40,0.42432413155208992,3,3,0.20000000000000001
24,33,21,0.3148351986641913,2,2,0.10000000000000001
24,34,61,0.83242748095976571,6,5,0.125
24,35,16,0.64898809143827418,5,4,1.8873015873015873
24,36,24,0.19514248290847466,1,1,0.1111111111111111
24,37,97,0.71819222505030056,5,5,0.125
24,38,28,0.74071219634978203,5,5,0.33333333333333331
24,39,60,0.66981252635990662,4,4,0.16666666666666666
24,40,21,0.27418579311845692,2,2,0.32500000000000001
24,41,24,0.13431212303091736,1,1,0.33333333333333331
24,42,87,0.69878907671411095,5,4,0.33333333333333331
24,43,21,0.32466066906231017,2,2,5.5829365079365081
24,44,35,0.75576589441771147,6,5,1.2
24,45,56,0.87451525860243484,6,6,0.20000000000000001
24,46,66,0.43678382390602422,3,3,5.2527777777777773
24,47,28,0.71994795481312246,5,5,0.16666666666666666
24,48,8,0.34299233401998214,2,2,1.7694444444444444
24,49,57,1.1136148227316058,7,7,0.5
24,50,9,0.63018313405766591,4,4,0.25
24,51,84,1.0182703342113726,7,7,1
24,52,9,0.62268337570097254,4,4,0.5
24,53,17,0.38567035822225404,3,3,0.20000000000000001
24,54,96,1.0678282210499408,7,7,1
24,55,8,0.3189234374792056,2,2,2.8956349206349206
24,56,73,0.68133338117751407,5,5,1.0666666666666667
24,57,19,0.99304062780730251,6,6,1.0999999999999999
24,58,9,0.6361714616759816,4,4,0.5
24,59,70,0.61521894849195513,4,4,0.14285714285714285
24,60,30,0.53305583762459752,3,3,3.961904761904762
24,61,99,0.77486857529805109,5,5,0.22500000000000001
24,62,35,0.84191962580796986,6,5,0.14285714285714285
24,63,93,0.39876957754319153,3,3,0.56111111111111112
24,64,44,0.85992118317383881,7,6,0.20000000000000001
24,65,57,1.0618246334848733,7,7,0.33333333333333331
24,66,21,0.29762333396856383,2,2,5.7527777777777773
24,67,24,0.14853914188730399,1,1,0.1111111111111111
24,68,0,0.50667082028044219,3,3,0.66666666666666663
24,69,24,0.11532374329742495,1,1,0.125
24,70,82,0.46812226119255518,3,3,1.176190476190476
24,71,68,0.5984673839999346,4,4,0.33333333333333331
24,72,17,0.3780763171111951,3,3,0.20000000000000001
24,73,46,0.61742904359211248,4,4,4.2527777777777773
24,74,8,0.27188494394073393,2,2,0.20000000000000001
24,75,83,0.78901426462476587,5,5,0.1111111111111111
24,76,73,0.81163626937620659,5,5,0.10000000000000001
24,77,14,0.91211038802671185,7,6,0.33333333333333331
24,78,28,0.75042562563683934,5,5,0.16666666666666666
24,79,9,0.69441185703827346,4,4,0.16666666666666666
24,80,96,1.0778481711100392,7,7,0.16666666666666666
24,81,48,0.48385393045874675,3,3,1.4583333333333333
24,82,21,0.33028606347692691,2,2,1.426190476190476
24,83,9,0.70103540509399009,4,4,0.27777777777777779
24,84,20,0.96447959639154224,6,6,1.1000000000000001
24,85,73,0.65846619795324568,5,4,0.33333333333333331
24,86,5,1.0249465374796662,7,7,0.14285714285714285
24,87,81,0.54988718669188086,4,4,0.45833333333333331
24,88,20,0.95431887059639942,6,6,0.10000000000000001
24,89,9,0.65776822828022907,4,4,0.61111111111111116
24,90,1,0.79577465631427247,5,5,0.14285714285714285
24,91,21,0.35496810139564883,2,2,0.25
24,92,9,0.58762735496866292,4,4,0.20000000000000001
24,93,8,0.33225724597816808,2,2,1.5611111111111111
24,94,24,0.13853156115950749,1,1,2.0416666666666665
24,95,12,0.27555074751577691,2,2,1
24,96,19,0.99163112256134411,6,6,1.4166666666666665
24,97,63,0.57873222345431419,4,4,0.32500000000000001
24,98,31,0.76450364933136949,5,5,0.14285714285714285
24,99,23,0.62102237151397399,4,4,0.42500000000000004
25,0,40,0.72837894059856645,5,5,1.6666666666666665
25,1,9,0.96628090021633284,6,6,0.14285714285714285
25,2,96,0.99081237185133797,6,6,0.16666666666666666
25,3,79,0.98125630009249498,7,6,1
25,4,99,0.47192986497588885,3,3,0.10000000000000001
25,5,86,1.0945515018132836,7,7,0.33333333333333331
25,6,60,0.94004765141642255,6,6,0.66666666666666663
25,7,63,0.32943233504164565,2,2,1.1416666666666666
25,8,48,0.37495823133523248,2,2,2.3527777777777779
25,9,43,0.89364546489992502,5,5,1.503968253968254
25,10,21,0.68119934500377688,5,4,0.25
25,11,89,1.1916853136591694,7,7,0.1111111111111111
25,12,24,0.6341960598980263,4,4,1.2
25,13,48,0.29442090045514718,2,2,0.21111111111111111
25,14,44,0.69216629843537936,4,4,2.3095238095238098
25,15,6,1.1164909279673918,7,7,0.33333333333333331
25,16,23,0.44656174101075763,3,3,0.125
25,17,48,0.32896213889509318,2,2,0.1111111111111111
25,18,99,0.49434808628666321,3,3,0.31111111111111112
25,19,44,0.69111203060356985,4,4,0.1111111111111111
25,20,31,1.0186473333921902,7,7,1
25,21,33,0.60963911647757607,4,4,0.41666666666666663
25,22,92,1.0376597943766268,6,6,0.47619047619047616
25,23,63,0.34386463759793218,2,2,5.8646825396825397
25,24,8,0.52371074489133318,3,3,2.1027777777777779
25,25,-1,0,0,0,29.99722222222222
25,26,32,0.89620107600812826,5,5,0.125
25,27,60,0.93538545994381406,6,6,0.44444444444444442
25,28,46,0.64172239620675975,4,4,0.34285714285714286
25,29,25,0.12287511976065124,1,1,0.61785714285714288
25,30,82,0.65972654187392488,4,4,0.5
25,31,60,0.87378169911540871,6,6,1.2857142857142856
25,32,82,0.70765924816654668,4,4,2.1678571428571431
25,33,7,0.46833030219812388,3,3,0.64166666666666661
25,34,37,0.46631346182355782,3,3,0.26785714285714285
25,35,99,0.4159608735991846,3,3,1.7916666666666665
25,36,24,0.71885322779980787,4,4,0.1111111111111111
25,37,29,0.30856709744371014,2,2,0.49285714285714288
25,38,56,0.69318524620485822,5,5,0.33333333333333331
25,39,60,0.89385157675232862,6,6,0.16666666666666666
25,40,66,0.61402343232783663,4,4,1.7916666666666665
25,41,24,0.65802286792225051,4,4,0.33333333333333331
25,42,25,0.19553867959207877,1,1,0.33333333333333331
25,43,66,0.69387099432578236,4,4,2.003968253968254
25,44,99,0.51002823763708727,3,3,6.1373015873015868
25,45,44,0.70550927442868527,4,4,2.2833333333333332
25,46,23,0.45356928854645251,3,3,5.4063492063492067
25,47,56,0.66082539267070628,5,4,0.16666666666666666
25,48,25,0.1807184108713511,1,1,3.0750000000000006
25,49,96,0.97437481755413069,6,6,0.5
25,50,9,0.9993934593211381,6,6,0.25
25,51,57,1.010738511140125,6,6,1
25,52,92,0.93802999414800015,6,6,0.5
25,53,63,0.36385337262450135,2,2,3.1178571428571433
25,54,96,0.91970062035344646,6,6,1
25,55,63,0.3275115321267642,2,2,0.125
25,56,35,0.60956930689066435,4,4,0.83333333333333326
25,57,14,0.86718179043955379,5,5,2.1095238095238096
25,58,92,0.9417471645426958,6,6,0.5
25,59,28,0.70614000377902075,5,5,0.14285714285714285
25,60,70,0.75709488801701952,5,5,3.8968253968253967
25,61,37,0.44550891814453908,3,3,0.10000000000000001
25,62,34,0.52459559225396979,4,4,0.14285714285714285
25,63,25,0.18894755046411862,1,1,15.105952380952381
25,64,18,0.60938598079511341,4,4,0.20000000000000001
25,65,57,0.93596579611712449,6,6,0.33333333333333331
25,66,72,0.51168457229501196,3,3,4.2956349206349209
25,67,13,0.42037829947720096,3,3,0.1111111111111111
25,68,0,0.91802086316032583,6,6,0.66666666666666663
25,69,24,0.63903448818875819,4,4,0.125
25,70,46,0.57049398328188783,4,4,4.0634920634920633
25,71,68,1.0098174268798183,7,6,0.33333333333333331
25,72,63,0.37768922613822231,2,2,4.7456349206349211
25,73,35,0.57801504605392651,4,4,0.125
25,74,48,0.28223308404904046,2,2,0.20000000000000001
25,75,27,1.1027058915398082,7,7,0.1111111111111111
25,76,44,0.5670373476546442,4,4,0.10000000000000001
25,77,44,0.68915028902531161,4,4,0.33333333333333331
25,78,85,0.69170451085164497,5,4,0.16666666666666666
25,79,60,0.94292573263165169,6,6,1.1666666666666667
25,80,96,0.92972057041354472,6,6,0.16666666666666666
25,81,25,0.042678572211111154,1,1,1
25,82,53,0.50830484914414731,3,3,2.9178571428571431
25,83,92,1.0399570710206754,6,6,0.16666666666666666
25,84,57,1.0373977338753746,6,6,0.20000000000000001
25,85,35,0.54701456623045785,4,4,0.5
25,86,57,0.97934432007882299,6,6,0.47619047619047616
25,87,25,0.051536353522415472,1,1,0.125
25,88,84,1.1617862266002221,7,7,0.10000000000000001
25,89,9,1.0269785535437013,6,6,0.61111111111111116
25,90,22,1.1439171372501424,7,7,0.14285714285714285
25,91,72,0.44443334003348051,3,3,0.25
25,92,32,0.88239150684754164,5,5,1.842857142857143
25,93,25,0.19436068051119379,1,1,1
25,94,33,0.6604463119437658,4,4,0.125
25,95,12,0.79926149240711009,5,5,1
25,96,45,0.84350352186484978,5,5,2.083333333333333
25,97,25,0.17811645845487853,1,1,8.7400793650793638
25,98,31,0.9885426997237915,7,7,0.14285714285714285
25,99,97,0.31609276531351127,2,2,8.5400793650793645
26,0,43,0.30878517624994184,3,2,1
26,1,26,0.078704912087873571,1,1,0.14285714285714285
26,2,51,0.80047360891704478,6,6,0.16666666666666666
26,3,26,0.12392558102885863,1,1,1.3333333333333333
26,4,85,0.70424022494772887,5,4,0.20000000000000001
26,5,20,0.52012905665743625,4,4,1.9761904761904761
26,6,58,0.21588255830130432,2,2,0.33333333333333331
26,7,82,0.56972981605380735,3,3,0.69999999999999996
26,8,24,0.72570797380365759,5,4,0.25
26,9,26,0.052520320611104072,1,1,5.4638888888888886
26,10,43,0.36543546156754259,3,3,2.1444444444444444
26,11,89,0.29882771311398965,2,2,0.1111111111111111
26,12,10,0.52660572480150547,4,4,0.32500000000000001
26,13,17,0.7350455606880375,5,4,0.10000000000000001
26,14,78,0.64056508600064943,5,4,0.20000000000000001
26,15,3,0.30610864020825856,2,2,0.33333333333333331
26,16,46,0.58711619289234673,4,4,0.65000000000000002
26,17,91,0.58935038619418079,4,4,0.41111111111111109
26,18,85,0.69479751813085222,5,4,0.2361111111111111
26,19,78,0.56675025060426587,5,4,0.3611111111111111
26,20,31,0.40499798391199882,3,3,4.9428571428571431
26,21,43,0.40342907586281773,3,3,0.86111111111111105
26,22,26,0.14707511140567828,1,1,0.47619047619047616
26,23,82,0.57453996418979481,3,3,0.33333333333333331
26,24,21,0.57695546024755684,4,4,0.69444444444444442
26,25,63,0.89620107600812837,5,5,0.1111111111111111
26,26,-1,0,0,0,29.983333333333334
26,27,26,0.14181778875158157,1,1,0.47619047619047616
26,28,60,0.3526946308590484,3,2,1.4277777777777776
26,29,63,0.89966987743710247,5,5,0.45833333333333331
26,30,32,0.27763802568351736,2,2,0.5
26,31,58,0.26013234963521731,2,2,5.2523809523809533
26,32,26,0.18854182784158161,1,1,8.3916666666666657
26,33,82,0.45500983954870011,3,3,0.10000000000000001
26,34,18,0.80129430493883302,6,5,0.125
26,35,73,0.65086570462880111,5,4,0.33333333333333331
26,36,10,0.51914334179715194,4,4,1.1111111111111112
26,37,99,0.87092961556780302,6,5,0.125
26,38,59,0.49995907220681224,4,3,0.53333333333333333
26,39,31,0.28073551341767372,3,2,0.16666666666666666
26,40,43,0.33259732614279341,3,2,0.125
26,41,10,0.56115108850420814,4,4,0.33333333333333331
26,42,29,1.0192870099994793,6,6,0.33333333333333331
26,43,9,0.25229479118524678,2,2,4.6305555555555555
26,44,56,0.65664758094686848,5,4,1
26,45,38,0.64536929076692795,5,4,0.20000000000000001
26,46,70,0.46632266907185321,3,3,1.6499999999999999
26,47,59,0.48781624491034803,4,3,0.16666666666666666
26,48,7,0.73142042488273329,4,4,0.20000000000000001
26,49,84,0.77420548779519638,5,5,0.5
26,50,26,0.12655124892428035,1,1,0.25
26,51,84,0.62866003512360324,5,5,1.1666666666666667
26,52,26,0.052677298750641505,1,1,0.5
26,53,82,0.53234770338362702,3,3,2.0055555555555555
26,54,86,0.79837676876554486,6,6,1
26,55,82,0.58341655458693031,3,3,1.125
26,56,59,0.49219393155518731,4,3,1.5761904761904761
26,57,84,0.74508524073959381,5,5,0.10000000000000001
26,58,26,0.061557426581755968,1,1,6.0857142857142863
26,59,60,0.35720143767110479,3,3,3.68015873015873
26,60,92,0.20353475570531429,2,2,5.2746031746031736
26,61,4,0.75994196552089599,6,5,0.10000000000000001
26,62,76,0.77527835549369806,6,5,0.14285714285714285
26,63,53,0.70725352554400978,4,4,1.8055555555555556
26,64,78,0.70321130525812869,5,4,0.20000000000000001
26,65,86,0.72140435685896764,6,5,0.33333333333333331
26,66,82,0.42346891528031994,3,3,0.5
26,67,24,0.72549460213486083,5,5,0.1111111111111111
26,68,9,0.25114269852545157,2,2,0.33333333333333331
26,69,12,0.63859901239494077,5,4,0.125
26,70,32,0.34939797433641795,2,2,1.8166666666666667
26,71,26,0.1773225694903606,1,1,0.33333333333333331
26,72,82,0.51989944219764195,3,3,0.20000000000000001
26,73,28,0.48881153217405926,4,3,0.45833333333333331
26,74,17,0.75998395223934845,5,4,0.20000000000000001
26,75,83,0.23764908398588536,2,2,0.1111111111111111
26,76,56,0.65980417026746252,5,4,0.24285714285714285
26,77,78,0.68457404520393628,5,4,0.33333333333333331
26,78,59,0.51144089716830909,4,3,1.2611111111111111
26,79,26,0.11985540465059298,1,1,0.16666666666666666
26,80,86,0.78490785016631159,6,6,0.16666666666666666
26,81,63,0.85354935801296217,5,5,1
26,82,32,0.38789622686398106,2,2,5.875
26,83,26,0.14967022445510961,1,1,0.27777777777777779
26,84,20,0.57486929730377301,4,4,1.8666666666666667
26,85,28,0.52906153815681989,4,3,0.76944444444444438
26,86,5,0.6353362383918969,5,5,1.6428571428571428
26,87,63,0.90020830703425458,5,5,0.125
26,88,20,0.56470857150863008,4,4,0.10000000000000001
26,89,26,0.1341209529985215,1,1,0.61111111111111116
26,90,22,0.25333245427919404,2,2,0.14285714285714285
26,91,82,0.45362165156669954,3,3,0.66111111111111109
26,92,26,0.015249249868790398,1,1,5.4746031746031738
26,93,55,0.71900842462408354,4,4,1
26,94,10,0.45819156758231216,4,3,0.125
26,95,36,0.60284923886513042,5,4,1
26,96,19,0.75875228427229646,6,5,0.25
26,97,99,0.86777499260500768,6,5,0.20000000000000001
26,98,27,0.28322001456774759,2,2,0.14285714285714285
26,99,16,0.72979868574637496,5,4,0.52500000000000002
27,0,43,0.44918487800115736,3,3,1
27,1,27,0.17461558170277081,1,1,0.14285714285714285
27,2,51,0.67306746579313281,5,5,0.16666666666666666
27,3,27,0.056228018170975509,1,1,1.1428571428571428
27,4,85,0.67899604116920931,4,4,0.32500000000000001
27,5,20,0.39272291353352429,3,3,1.9761904761904761
27,6,27,0.074326708983200734,1,1,0.33333333333333331
27,7,46,0.63562312058128023,4,4,0.69999999999999996
27,8,17,0.82650972010706658,5,5,0.25
27,9,27,0.19292002236231959,1,1,4.81111111111111
27,10,43,0.50583516331875811,3,3,2.1444444444444444
27,11,83,0.29212042229502222,2,2,0.1111111111111111
27,12,10,0.66700542655272099,4,4,0.32500000000000001
27,13,55,0.81966972928871029,5,5,0.10000000000000001
27,14,78,0.61532090222212976,4,4,0.20000000000000001
27,15,27,0.19093175532406453,1,1,0.33333333333333331
27,16,46,0.60260969521785512,4,4,0.125
27,17,46,0.67478997745261093,4,4,0.3611111111111111
27,18,85,0.66955333435233255,4,4,0.2361111111111111
27,19,78,0.5415060668257462,4,4,0.1111111111111111
27,20,39,0.27759184078808685,2,2,5.1928571428571431
27,21,30,0.53782002516665295,3,3,0.61111111111111105
27,22,27,0.12934716547997133,1,1,0.33333333333333331
27,23,46,0.59152082234588188,4,4,1.6805555555555556
27,24,21,0.71134640955139217,4,4,0.44444444444444442
27,25,63,0.93538545994381395,6,6,0.1111111111111111
27,26,27,0.14181778875158157,1,1,0.125
27,27,-1,0,0,0,29.774999999999999
27,28,60,0.32745044708052873,2,2,2.411111111111111
27,29,97,0.92959419608192007,7,6,0.125
27,30,60,0.3759241613895925,2,2,1.1111111111111112
27,31,27,0.14081065146054644,1,1,0.14285714285714285
27,32,60,0.28705542798226513,2,2,1.175
27,33,82,0.55352343968938367,4,3,0.10000000000000001
27,34,18,0.77605012116031336,5,5,0.125
27,35,73,0.62562152085028155,4,4,1.1916666666666667
27,36,10,0.65954304354836746,4,4,1.1111111111111112
27,37,4,0.86184912976707428,5,5,0.125
27,38,59,0.47471488842829257,3,3,0.53333333333333333
27,39,27,0.1481671232741959,1,1,5.35952380952381
27,40,32,0.43719376641589813,3,3,0.125
27,41,10,0.70155079025542366,4,4,0.33333333333333331
27,42,97,1.0216095384615824,7,6,0.33333333333333331
27,43,9,0.3926944929364623,2,2,3.6444444444444444
27,44,56,0.63140339716834881,4,4,1
27,45,38,0.62012510698840828,4,4,0.20000000000000001
27,46,70,0.48181617139736155,3,3,5.6916666666666673
27,47,59,0.46257206113182836,3,3,0.16666666666666666
27,48,7,0.79731372941020617,5,5,0.20000000000000001
27,49,84,0.64679934467128442,4,4,0.5
27,50,79,0.2191820624612478,2,2,0.25
27,51,84,0.50125389199969128,4,4,1.1666666666666667
27,52,27,0.097417797500712458,1,1,0.5
27,53,46,0.59064304690150404,4,4,1.2
27,54,86,0.6709706256416329,5,5,1
27,55,46,0.66073284496104034,4,4,0.42500000000000004
27,56,59,0.46694974777666765,3,3,1.5761904761904761
27,57,84,0.61767909761568185,4,4,0.34999999999999998
27,58,27,0.08124159898616419,1,1,0.5
27,59,60,0.33195725389258512,2,2,3.43015873015873
27,60,27,0.17829057192679459,1,1,14.402380952380954
27,61,4,0.73469778174237643,5,5,0.10000000000000001
27,62,76,0.75003417171517839,5,5,0.14285714285714285
27,63,23,0.74643790947969535,5,5,1.3472222222222223
27,64,78,0.67796712147960903,4,4,0.20000000000000001
27,65,86,0.59399821373505568,5,4,0.33333333333333331
27,66,82,0.52198251542100349,4,3,0.5
27,67,24,0.85988555143869616,5,5,0.1111111111111111
27,68,9,0.39154240027666709,2,2,0.33333333333333331
27,69,12,0.77899871414615629,5,5,0.125
27,70,60,0.36489147666192628,2,2,6.1083333333333343
27,71,9,0.31836070975212494,2,2,0.33333333333333331
27,72,46,0.59909144666755176,4,4,0.20000000000000001
27,73,28,0.46356734839553959,3,3,1.3166666666666667
27,74,55,0.84226920350503798,5,5,0.20000000000000001
27,75,27,0.16732043159599419,1,1,0.1111111111111111
27,76,56,0.63455998648894285,4,4,0.24285714285714285
27,77,78,0.65932986142541661,4,4,0.33333333333333331
27,78,59,0.48619671338978943,3,3,1.0111111111111111
27,79,27,0.024949531391445241,1,1,0.41666666666666663
27,80,86,0.65750170704239963,5,5,0.16666666666666666
27,81,63,0.89273374194864774,6,6,1
27,82,32,0.48640982700466456,3,3,0.84999999999999998
27,83,27,0.12762725801909464,1,1,0.27777777777777779
27,84,20,0.44746315417986099,3,3,2.1166666666666667
27,85,28,0.50381735437830022,3,3,0.89444444444444438
27,86,5,0.50793009526798494,4,4,1.6428571428571428
27,87,63,0.93939269096994016,6,6,0.125
27,88,20,0.43730242838471811,3,3,0.10000000000000001
27,89,27,0.18925761176432426,1,1,0.5
27,90,3,0.22457531221565233,2,2,0.14285714285714285
27,91,70,0.5426108371597016,3,3,0.25
27,92,27,0.13654911900617789,1,1,0.20000000000000001
27,93,53,0.78386564947975645,5,5,1
27,94,10,0.59859126933352769,4,4,0.125
27,95,36,0.74324894061634594,5,5,1
27,96,57,0.67741130241739733,5,5,0.25
27,97,99,0.86346593599458765,6,6,0.65833333333333333
27,98,27,0.14140222581616599,1,1,0.14285714285714285
27,99,35,0.72548962913595494,5,5,0.85833333333333339
28,0,32,0.35685318236827168,2,2,1.3333333333333333
28,1,92,0.43110444263444692,3,3,0.14285714285714285
28,2,57,0.59170924868777008,4,4,0.16666666666666666
28,3,79,0.3733212872292096,3,3,1.1428571428571428
28,4,85,0.35154559408868047,2,2,0.32500000000000001
28,5,20,0.51594921197479449,4,4,0.33333333333333331
28,6,60,0.33211263855313711,2,2,0.66666666666666663
28,7,46,0.34196005684422587,2,2,0.69999999999999996
28,8,17,0.53284665637001227,3,3,0.3611111111111111
28,9,92,0.40063759632246809,3,3,0.5
28,10,40,0.38662855998474088,3,3,1.3611111111111112
28,11,83,0.60964428417893868,4,4,0.1111111111111111
28,12,94,0.51567424524550198,4,4,0.20000000000000001
28,13,55,0.52600666555165598,3,3,0.10000000000000001
28,14,47,0.3253997347086906,2,2,0.20000000000000001
28,15,6,0.50855591510410625,3,3,0.33333333333333331
28,16,73,0.28643936657581337,2,2,0.125
28,17,46,0.38112691371555663,2,2,0.47222222222222221
28,18,85,0.34210288727180377,2,2,0.2361111111111111
28,19,47,0.2534359617793297,2,2,3.7706349206349206
28,20,31,0.40081813922935705,3,3,1.5333333333333334
28,21,82,0.37741487217517777,3,3,0.5
28,22,79,0.44627947749443359,3,3,0.33333333333333331
28,23,46,0.29785775860882757,2,2,1.6805555555555556
28,24,21,0.55094125655991699,4,4,0.33333333333333331
28,25,63,0.64172239620675975,4,4,0.1111111111111111
28,26,92,0.3526946308590484,3,2,0.125
28,27,60,0.32745044708052873,2,2,0.44444444444444442
28,28,-1,0,0,0,29.908333333333339
28,29,97,0.60214374900139134,5,4,0.125
28,30,32,0.2655513328648817,2,2,0.5
28,31,59,0.2559525049525756,2,2,1.9857142857142858
28,32,28,0.17645513502294591,1,1,2.5333333333333332
28,33,82,0.28776880576770902,3,2,0.10000000000000001
28,34,18,0.44859967407978463,3,3,0.125
28,35,73,0.29817107376975283,2,2,1.1916666666666667
28,36,10,0.54033644021435023,4,4,1.1111111111111112
28,37,4,0.53439868268654545,3,3,0.125
28,38,28,0.18977093978986512,1,1,0.33333333333333331
28,39,31,0.27655566873503201,3,2,0.16666666666666666
28,40,70,0.27946908632429923,2,2,1.4861111111111112
28,41,94,0.55763589318290419,4,4,0.33333333333333331
28,42,97,0.69415909138105381,5,4,0.33333333333333331
28,43,32,0.30330243811286983,2,2,0.5
28,44,85,0.30676800664156062,2,2,1.1428571428571428
28,45,47,0.33216804354724683,2,2,0.20000000000000001
28,46,28,0.18815310766030721,1,1,5.677777777777778
28,47,28,0.16900669825320552,1,1,4.6706349206349209
28,48,7,0.50365066567315186,3,3,0.20000000000000001
28,49,57,0.56742169561762201,4,4,0.5
28,50,92,0.47921412764866655,3,3,0.25
28,51,57,0.59040422139388982,4,4,1
28,52,58,0.35735545083547238,3,3,0.5
28,53,46,0.29697998316444973,2,2,1.2
28,54,96,0.52163509393595686,4,4,1
28,55,46,0.36706978122398598,2,2,0.42500000000000004
28,56,28,0.15331763856040223,1,1,0.6333333333333333
28,57,19,0.44684750069331869,3,3,2.2428571428571429
28,58,60,0.33696114701853863,2,2,1.5
28,59,28,0.064417607572261018,1,1,2.1285714285714286
28,60,28,0.14915987515373411,1,1,6.249603174603175
28,61,4,0.40724733466184754,3,3,0.10000000000000001
28,62,44,0.4266333509604554,3,3,0.14285714285714285
28,63,23,0.4527748457426411,3,3,1.3472222222222223
28,64,76,0.37079934334948472,3,2,0.20000000000000001
28,65,57,0.51563150637088939,4,4,0.33333333333333331
28,66,70,0.25486848678277796,2,2,1.2833333333333332
28,67,8,0.58763732931927304,4,4,0.1111111111111111
28,68,0,0.54649510493003106,3,3,0.33333333333333331
28,69,94,0.62414443988082091,4,4,0.125
28,70,28,0.082818995367361731,1,1,4.0361111111111105
28,71,92,0.52607802021699202,3,3,0.33333333333333331
28,72,46,0.3054283829304974,2,2,0.20000000000000001
28,73,28,0.13611690131501089,1,1,1.4416666666666667
28,74,55,0.54860613976798356,3,3,0.20000000000000001
28,75,27,0.49477087867652292,3,3,0.1111111111111111
28,76,56,0.32092787727267746,2,2,0.30000000000000004
28,77,47,0.36645255458852832,2,2,0.33333333333333331
28,78,28,0.19948436907692246,1,1,0.16666666666666666
28,79,60,0.33499071976836625,2,2,1.9206349206349205
28,80,96,0.53165504399605523,4,4,0.16666666666666666
28,81,63,0.59907067821159354,4,4,1
28,82,70,0.22065519308298998,2,2,0.84999999999999998
28,83,79,0.44515111990301109,3,3,0.27777777777777779
28,84,20,0.57068945262113124,4,4,0.10000000000000001
28,85,28,0.17636690729777146,1,1,2.0373015873015872
28,86,57,0.55901003033258789,4,4,0.14285714285714285
28,87,63,0.64572962723288585,4,4,0.125
28,88,20,0.56052872682598831,4,4,0.10000000000000001
28,89,58,0.47327115213624382,3,3,0.5
28,90,3,0.5416685812738864,4,4,0.14285714285714285
28,91,70,0.26053835586513696,2,2,0.25
28,92,60,0.337445380990258,2,2,1.5511904761904762
28,93,53,0.49020258574270215,3,3,1
28,94,66,0.44085465379250571,3,3,0.78333333333333321
28,95,36,0.62404233728232872,5,4,1
28,96,19,0.44543799544736024,3,3,1.4166666666666665
28,97,99,0.53601548891405892,4,4,0.65833333333333333
28,98,31,0.37071350556095839,3,3,0.14285714285714285
28,99,35,0.39803918205542616,3,3,0.85833333333333339
29,0,40,0.73184774202754055,5,5,1.6666666666666665
29,1,9,0.96974970164530694,6,6,0.14285714285714285
29,2,96,0.87882417348379205,6,6,0.16666666666666666
29,3,79,0.97546503623060088,8,6,1.1428571428571428
29,4,99,0.3599416666083427,3,2,0.10000000000000001
29,5,86,0.9825633034457375,7,7,0.33333333333333331
29,6,31,0.90167573383064192,7,6,0.66666666666666663
29,7,63,0.3329011364706197,2,2,2.2527777777777778
29,8,93,0.44243341588018348,3,3,1.2416666666666667
29,9,43,0.89711426632889912,5,5,1.503968253968254
29,10,21,0.68466814643275098,5,4,0.25
29,11,89,1.1951541150881435,7,7,0.1111111111111111
29,12,24,0.70167124444297735,5,5,0.20000000000000001
29,13,63,0.36234341308598639,2,2,0.21111111111111111
29,14,44,0.58017810006783321,4,4,2.3095238095238098
29,15,6,1.0781190103816112,8,7,0.33333333333333331
29,16,99,0.34678705979999336,3,3,0.125
29,17,63,0.3391638530114397,2,2,0.1111111111111111
29,18,99,0.38235988791911713,3,3,0.1111111111111111
29,19,44,0.57912383223602371,4,4,0.1111111111111111
29,20,31,0.94897570947915255,7,6,1
29,21,33,0.61310791790655017,4,4,0.41666666666666663
29,22,92,1.0411285958056009,6,6,0.33333333333333331
29,23,63,0.34733343902690622,2,2,1.5
29,24,8,0.59118592943628423,4,4,0.9916666666666667
29,25,29,0.12287511976065124,1,1,0.1111111111111111
29,26,32,0.89966987743710236,5,5,0.125
29,27,60,0.92959419608192007,7,6,0.44444444444444442
29,28,73,0.60214374900139134,5,4,2.6206349206349211
29,29,-1,0,0,0,29.983333333333334
29,30,82,0.66319534330289898,4,4,0.5
29,31,59,0.8041100752023711,6,5,2.1190476190476186
29,32,82,0.71112804959552078,4,4,1.5249999999999999
29,33,7,0.47179910362709798,3,3,1.7527777777777778
29,34,37,0.34343834206290658,2,2,0.26785714285714285
29,35,99,0.30397267523163851,3,3,6.674206349206349
29,36,94,0.7742776043645897,5,5,0.1111111111111111
29,37,29,0.1856919776830589,1,1,0.69285714285714284
29,38,56,0.58119704783731208,5,4,0.33333333333333331
29,39,31,0.82471323898482751,7,6,0.16666666666666666
29,40,66,0.61749223375681073,4,4,1.7916666666666665
29,41,24,0.72549805246720156,5,5,0.33333333333333331
29,42,29,0.11961713256237674,1,1,0.33333333333333331
29,43,66,0.69733979575475646,4,4,2.003968253968254
29,44,99,0.39804003926954123,3,3,6.1373015873015868
29,45,44,0.59352107606113924,4,4,2.2833333333333332
29,46,23,0.45703808997542661,3,3,1.1666666666666667
29,47,56,0.54883719430316014,5,4,0.16666666666666666
29,48,63,0.257651115517188,2,2,0.20000000000000001
29,49,96,0.86238661918658455,6,6,0.5
29,50,9,1.0028622607501123,6,6,0.25
29,51,57,0.89875031277257877,6,6,1
29,52,92,0.94149879557697425,6,6,0.5
29,53,63,0.36732217405347545,2,2,2.4750000000000001
29,54,96,0.80771242198590043,6,6,1
29,55,63,0.3309803335557383,2,2,0.125
29,56,35,0.49758110852311821,4,4,0.83333333333333326
29,57,14,0.75519359207200765,5,5,2.1095238095238096
29,58,60,0.93910489601992997,7,6,0.5
29,59,73,0.6125751778220565,5,4,2.2619047619047614
29,60,28,0.75130362415512542,6,5,2.4206349206349209
29,61,37,0.32263379838388784,2,2,0.30000000000000004
29,62,34,0.40172047249331855,3,3,0.14285714285714285
29,63,29,0.1924163518930927,1,1,14.173412698412699
29,64,61,0.49551365052489393,3,3,0.20000000000000001
29,65,57,0.82397759774957835,6,6,0.33333333333333331
29,66,72,0.51515337372398606,3,3,4.2956349206349209
29,67,13,0.48830081210804016,3,3,0.1111111111111111
29,68,0,0.92148966458929993,6,6,0.66666666666666663
29,69,24,0.70650967273370924,5,5,0.125
29,70,46,0.57396278471086193,4,4,0.16666666666666666
29,71,68,1.0132862283087924,7,6,0.33333333333333331
29,72,63,0.38115802756719641,2,2,4.7456349206349211
29,73,35,0.46602684768638042,4,4,5.007539682539683
29,74,63,0.35673112030460319,2,2,0.20000000000000001
29,75,27,1.0969146276779143,8,7,0.1111111111111111
29,76,44,0.45504914928709822,4,3,0.10000000000000001
29,77,44,0.57716209065776569,4,4,0.33333333333333331
29,78,85,0.57971631248409894,5,4,0.16666666666666666
29,79,60,0.93713446876975759,7,6,1.3095238095238095
29,80,96,0.81773237204599869,6,6,0.16666666666666666
29,81,29,0.11883746911141368,1,1,1
29,82,53,0.51177365057312141,3,3,2.2749999999999999
29,83,92,1.0434258724496495,6,6,0.16666666666666666
29,84,57,0.92540953550782845,6,6,0.20000000000000001
29,85,35,0.43502636786291177,4,3,0.5
29,86,57,0.86735612171127685,6,6,0.47619047619047616
29,87,29,0.073908356477842857,1,1,0.125
29,88,84,1.049798028232676,7,7,0.10000000000000001
29,89,9,1.0304473549726754,6,6,0.61111111111111116
29,90,3,1.1438123302752776,9,7,0.14285714285714285
29,91,72,0.44790214146245461,3,3,0.25
29,92,32,0.88586030827651574,5,5,1.2
29,93,63,0.25892868345811615,2,2,2.2416666666666667
29,94,33,0.6639151133727399,4,4,1.2361111111111112
29,95,94,0.85514995069304445,5,5,1
29,96,45,0.73151532349730375,5,5,2.083333333333333
29,97,29,0.066128260087332455,1,1,13.547619047619046
29,98,31,0.91887107581075389,7,6,0.14285714285714285
29,99,97,0.20410456694596518,2,2,13.347619047619046
30,0,30,0.11036049382344043,1,1,1.3333333333333333
30,1,9,0.32714820518340876,3,3,0.14285714285714285
30,2,51,0.85466165984301434,6,5,0.16666666666666666
30,3,92,0.38870572885980448,3,3,1
30,4,85,0.55522754457129664,3,3,0.20000000000000001
30,5,20,0.57431710758340593,4,4,0.80952380952380953
30,6,60,0.38058635286220094,2,2,0.66666666666666663
30,7,82,0.33325528191960385,2,2,0.5
30,8,24,0.4841747617179003,3,3,0.25
30,9,43,0.25451276986700089,2,2,1.8373015873015872
30,10,30,0.14707814197995164,1,1,1.6944444444444444
30,11,89,0.55255261862624527,4,4,0.1111111111111111
30,12,21,0.30318404439316982,2,2,0.20000000000000001
30,13,17,0.4904459774156894,3,3,0.10000000000000001
30,14,56,0.58846438754423203,4,4,0.20000000000000001
30,15,6,0.55702962941317014,3,3,0.33333333333333331
30,16,46,0.38137954765090021,3,3,0.78333333333333333
30,17,66,0.34475080292183269,2,2,0.41111111111111109
30,18,85,0.54578483775441999,3,3,0.2361111111111111
30,19,47,0.51898729464421145,4,3,1.6277777777777775
30,20,31,0.45918603483796849,3,3,3.6761904761904765
30,21,30,0.16189586377706039,1,1,1.3111111111111111
30,22,92,0.41909674405201591,3,3,0.47619047619047616
30,23,82,0.33806543005559131,2,2,0.33333333333333331
30,24,21,0.33542224816179955,2,2,0.69444444444444442
30,25,63,0.65972654187392488,4,4,0.1111111111111111
30,26,32,0.27763802568351736,2,2,0.125
30,27,60,0.3759241613895925,2,2,0.33333333333333331
30,28,32,0.2655513328648817,2,2,3.0277777777777777
30,29,63,0.66319534330289898,4,4,0.45833333333333331
30,30,-1,0,0,0,29.608333333333327
30,31,60,0.31432040056118704,2,2,3.961904761904762
30,32,30,0.089096197841935787,1,1,6.4734126984126981
30,33,30,0.19965356098085729,1,1,0.10000000000000001
30,34,18,0.6522816245624008,4,4,0.125
30,35,16,0.49895392448099118,4,3,0.33333333333333331
30,36,10,0.30078602220956097,2,2,1.1111111111111112
30,37,99,0.66519297032635638,5,4,0.125
30,38,28,0.45532227265474678,3,3,0.33333333333333331
30,39,60,0.33439027819810696,2,2,0.16666666666666666
30,40,30,0.064838435050534896,1,1,0.125
30,41,10,0.34279376891661728,2,2,0.33333333333333331
30,42,29,0.78281247586527569,5,5,0.33333333333333331
30,43,30,0.054738299292858152,1,1,2.337301587301587
30,44,85,0.51044995712417685,3,3,1.1428571428571428
30,45,47,0.59771937641212847,4,4,0.20000000000000001
30,46,82,0.26058602383040669,2,2,1.7833333333333332
30,47,28,0.43455803111808722,3,3,2.3277777777777775
30,48,55,0.49139730488365507,3,3,0.20000000000000001
30,49,84,0.82839353872116595,5,5,0.5
30,50,9,0.36026076428821396,3,3,0.25
30,51,84,0.68284808604957281,5,5,1.1666666666666667
30,52,92,0.31946694382338919,3,3,0.61111111111111116
30,53,82,0.29587316924942353,2,2,2.2055555555555557
30,54,96,0.78718642680083861,6,5,1
30,55,66,0.34311262058494085,2,2,1.325
30,56,73,0.40466161281396029,3,3,0.53333333333333333
30,57,19,0.71239883355820044,5,4,0.10000000000000001
30,58,92,0.32318411421808491,3,2,0.5
30,59,70,0.32989628766620538,2,2,0.14285714285714285
30,60,30,0.19763358946279791,1,1,5.2952380952380951
30,61,4,0.61092928514446376,4,4,0.10000000000000001
30,62,44,0.63031530144307168,4,4,0.14285714285714285
30,63,53,0.47077899140980628,3,3,2.0055555555555555
30,64,76,0.58483596708945995,4,4,0.20000000000000001
30,65,86,0.77559240778493732,6,5,0.33333333333333331
30,66,30,0.15185780435183474,1,1,2.2361111111111112
30,67,24,0.48396139004910355,3,3,0.1111111111111111
30,68,0,0.30000241638519975,2,2,0.33333333333333331
30,69,94,0.41341431926692107,3,3,0.125
30,70,30,0.1827996003668054,1,1,3.18015873015873
30,71,9,0.37995345725680624,3,3,0.33333333333333331
30,72,82,0.28342490806343851,2,2,0.20000000000000001
30,73,70,0.34075727522855864,2,2,0.95833333333333337
30,74,17,0.51538436896700035,3,3,0.20000000000000001
30,75,52,0.50493416577669248,4,3,0.1111111111111111
30,76,73,0.53496450101265269,3,3,0.30000000000000004
30,77,47,0.63200388745340996,4,4,0.33333333333333331
30,78,28,0.46503570194180416,3,3,0.16666666666666666
30,79,92,0.37990023200590245,3,2,0.16666666666666666
30,80,96,0.79720637686093687,6,5,0.16666666666666666
30,81,63,0.61707482387875867,4,4,1
30,82,30,0.15142169272977757,1,1,5.5222222222222221
30,83,92,0.42139402069606446,3,3,0.16666666666666666
30,84,20,0.62905734822974257,4,4,1.7666666666666666
30,85,70,0.38004885778038766,2,2,1.9123015873015872
30,86,5,0.68952428931786658,5,5,0.47619047619047616
30,87,63,0.66373377290005109,4,4,0.125
30,88,20,0.61889662243459975,4,4,0.10000000000000001
30,89,9,0.38784585851077708,3,3,0.61111111111111116
30,90,22,0.52535408692553165,4,4,0.14285714285714285
30,91,82,0.21714711743249607,2,2,0.25
30,92,32,0.26382845652293069,2,2,3.1206349206349207
30,93,55,0.47870449062209408,3,3,1
30,94,21,0.23012453317860582,2,2,0.25
30,95,36,0.38449191927753945,3,3,1
30,96,19,0.71098932831224193,5,4,1.4166666666666665
30,97,63,0.65074163732092893,4,4,0.20000000000000001
30,98,31,0.42908140116956983,3,3,0.14285714285714285
30,99,16,0.52406204050492833,4,3,0.32500000000000001
31,0,32,0.40584971449918544,3,3,1
31,1,58,0.30106331241822043,2,2,0.14285714285714285
31,2,51,0.5403412592818273,4,4,0.16666666666666666
31,3,31,0.19703292066809466,1,1,1
31,4,85,0.54707678519844649,3,3,0.32500000000000001
31,5,20,0.25999670702221894,2,2,1.9761904761904761
31,6,31,0.09756565862827081,1,1,0.92063492063492047
31,7,46,0.57401935975287477,4,4,0.69999999999999996
31,8,17,0.76490595927866112,5,5,0.25
31,9,58,0.31031124509299013,2,2,1.1666666666666665
31,10,30,0.46139854254113866,3,3,1.6944444444444444
31,11,83,0.43293107375556861,3,3,0.1111111111111111
31,12,94,0.6162923725933005,5,4,0.20000000000000001
31,13,55,0.75806596846030483,5,5,0.10000000000000001
31,14,78,0.47489854570985923,3,3,0.20000000000000001
31,15,6,0.27400893517923997,2,2,0.33333333333333331
31,16,73,0.48840569277679324,3,3,0.125
31,17,46,0.61318621662420547,4,4,0.3611111111111111
31,18,44,0.53129167947610512,4,3,0.1111111111111111
31,19,78,0.40108371031347556,3,3,0.1111111111111111
31,20,31,0.14486563427678148,1,1,5.1928571428571431
31,21,30,0.47621626433824743,3,3,0.61111111111111105
31,22,27,0.27015781694051777,2,2,0.33333333333333331
31,23,46,0.52991706151747642,4,4,1.5555555555555556
31,24,21,0.64974264872298659,4,4,0.44444444444444442
31,25,63,0.87378169911540848,6,6,0.1111111111111111
31,26,58,0.26013234963521731,2,2,0.125
31,27,31,0.14081065146054644,1,1,0.94444444444444442
31,28,59,0.2559525049525756,2,2,0.20000000000000001
31,29,97,0.8041100752023711,6,5,0.125
31,30,60,0.31432040056118704,2,2,2.8055555555555554
31,31,-1,0,0,0,29.965476190476192
31,32,60,0.2254516671538597,2,2,3.125
31,33,82,0.4919196788609782,4,3,0.10000000000000001
31,34,44,0.63643290279488629,4,4,0.125
31,35,73,0.50013739997073259,3,3,1.3166666666666667
31,36,10,0.61510642277074801,4,4,1.1111111111111112
31,37,4,0.72992987379631136,4,4,0.125
31,38,59,0.33429253191602198,2,2,0.53333333333333333
31,39,31,0.020603163782456402,1,1,0.16666666666666666
31,40,32,0.37559000558749267,3,3,0.57499999999999996
31,41,10,0.65711416947780421,4,4,0.33333333333333331
31,42,97,0.89612541758203357,6,5,0.33333333333333331
31,43,32,0.35229897024378365,3,3,0.5
31,44,56,0.49098104065607828,3,3,1.2361111111111112
31,45,38,0.47970275047613775,3,3,0.20000000000000001
31,46,70,0.42021241056895609,3,3,5.4416666666666673
31,47,59,0.32214970461955778,2,2,0.16666666666666666
31,48,7,0.73570996858180071,5,5,0.20000000000000001
31,49,84,0.51407313815997902,3,3,0.5
31,50,58,0.34993094213035869,2,2,0.25
31,51,84,0.36852768548838588,3,3,1.1666666666666667
31,52,58,0.21896922687039511,2,2,0.5
31,53,46,0.52903928607309858,4,4,1.2
31,54,86,0.53824441913032761,4,4,1
31,55,46,0.59912908413263488,4,4,0.42500000000000004
31,56,59,0.32652739126439712,2,2,1.8123015873015873
31,57,84,0.48495289110437645,3,3,0.34999999999999998
31,58,31,0.19857492305346133,1,1,2.8845238095238095
31,59,31,0.19153489738031457,1,1,6.0912698412698418
31,60,31,0.11668681109838915,1,1,11.955555555555556
31,61,4,0.60277852577161362,4,4,0.10000000000000001
31,62,76,0.60961181520290786,4,4,0.14285714285714285
31,63,23,0.68483414865128989,5,5,1.2222222222222223
31,64,78,0.5375447649673385,3,3,0.20000000000000001
31,65,86,0.46127200722375039,4,3,0.33333333333333331
31,66,82,0.46037875459259803,4,3,0.5
31,67,24,0.79828179061029059,5,5,0.1111111111111111
31,68,9,0.50893362300733758,3,3,0.33333333333333331
31,69,94,0.72476256722861954,5,5,0.125
31,70,60,0.30328771583352082,2,2,5.8583333333333343
31,71,9,0.43575193248279548,3,3,0.33333333333333331
31,72,46,0.5374876858391463,4,4,0.20000000000000001
31,73,59,0.33808322751599074,2,2,1.5666666666666667
31,74,55,0.78066544267663251,5,5,0.20000000000000001
31,75,6,0.29420485954651027,2,2,0.25396825396825395
31,76,56,0.49413762997667232,3,3,0.24285714285714285
31,77,78,0.51890750491314608,3,3,0.33333333333333331
31,78,59,0.34577435687751884,2,2,1.0111111111111111
31,79,31,0.16179965198124252,1,1,0.66666666666666663
31,80,86,0.52477550053109434,4,4,0.16666666666666666
31,81,63,0.83112998112024228,6,6,1
31,82,32,0.42480606617625916,3,3,0.84999999999999998
31,83,27,0.26843790947964108,2,2,0.27777777777777779
31,84,20,0.31473694766855564,2,2,2.1166666666666667
31,85,59,0.37189809840753746,2,2,0.65833333333333333
31,86,5,0.37520388875667965,3,3,1.6428571428571428
31,87,97,0.87281582493569876,6,6,0.125
31,88,20,0.30457622187341271,2,2,0.10000000000000001
31,89,79,0.32769707907318751,2,2,0.5
31,90,75,0.35876250522742392,3,2,0.14285714285714285
31,91,70,0.48100707633129608,3,3,0.25
31,92,58,0.25793058074861552,2,2,0.20000000000000001
31,93,53,0.72226188865135099,5,5,1
31,94,40,0.54147278114030428,4,4,0.45000000000000001
31,95,36,0.69881231983872649,5,5,1
31,96,57,0.54468509590609193,4,4,0.25
31,97,99,0.73798181511503869,5,5,0.78333333333333333
31,98,31,0.1147610006083828,1,1,0.14285714285714285
31,99,35,0.60000550825640597,4,4,0.98333333333333339
32,0,32,0.18039804734532575,1,1,1.3333333333333333
32,1,26,0.26724673992945519,2,2,0.14285714285714285
32,2,51,0.76579292643568708,6,5,0.16666666666666666
32,3,92,0.29960953101786869,2,2,1
32,4,85,0.52800072911162643,3,3,0.20000000000000001
32,5,20,0.48544837417607861,4,4,0.80952380952380953
32,6,60,0.29171761945487357,2,2,0.66666666666666663
32,7,82,0.38118798821222571,2,2,0.69999999999999996
32,8,17,0.55252830100705486,4,3,0.25
32,9,92,0.23792447401320496,2,2,0.5
32,10,30,0.23617433982188743,2,2,1.6944444444444444
32,11,89,0.48735592438843645,3,3,0.1111111111111111
32,12,94,0.39084070543944088,3,3,0.20000000000000001
32,13,17,0.54650373284645593,4,3,0.10000000000000001
32,14,47,0.50185486973163651,3,3,0.20000000000000001
32,15,6,0.46816089600584276,3,3,0.33333333333333331
32,16,46,0.39857436505076516,3,3,0.65000000000000002
32,17,91,0.40080855835259921,3,3,0.66111111111111109
32,18,85,0.51855802229474968,3,3,0.2361111111111111
32,19,47,0.42989109680227566,3,3,1.6277777777777775
32,20,31,0.37031730143064118,3,3,3.6761904761904765
32,21,40,0.25079774716735082,2,2,0.61111111111111105
32,22,92,0.33000054621008013,2,2,0.47619047619047616
32,23,82,0.38599813634821312,2,2,0.33333333333333331
32,24,21,0.42432413155208998,3,3,0.44444444444444442
32,25,63,0.70765924816654679,4,4,0.1111111111111111
32,26,32,0.18854182784158161,1,1,0.51785714285714279
32,27,60,0.28705542798226513,2,2,0.33333333333333331
32,28,32,0.17645513502294591,1,1,6.374603174603175
32,29,63,0.71112804959552089,4,4,0.45833333333333331
32,30,32,0.089096197841935787,1,1,2.1944444444444446
32,31,60,0.2254516671538597,2,2,3.961904761904762
32,32,-1,0,0,0,29.908333333333331
32,33,82,0.26646801170711854,2,2,0.10000000000000001
32,34,18,0.62505480910273048,4,4,0.125
32,35,73,0.47462620879269873,3,3,0.33333333333333331
32,36,10,0.38988222005149675,3,3,1.1111111111111112
32,37,99,0.68238778772622144,5,4,0.125
32,38,28,0.366226074812811,2,2,0.33333333333333331
32,39,60,0.24552154479077964,2,2,0.16666666666666666
32,40,32,0.150138338433633,1,1,1.1861111111111109
32,41,10,0.43188996675855307,3,3,0.33333333333333331
32,42,29,0.83074518215789761,5,5,0.33333333333333331
32,43,32,0.12684730308992395,1,1,0.5
32,44,85,0.48322314166450653,3,3,1.1428571428571428
32,45,47,0.50862317857019268,3,3,0.20000000000000001
32,46,70,0.27778084123027164,2,2,1.6499999999999999
32,47,28,0.34546183327615143,2,2,2.5277777777777777
32,48,7,0.54287859704115171,3,3,0.20000000000000001
32,49,84,0.73952480531383868,5,5,0.5
32,50,26,0.31509307676586196,2,2,0.25
32,51,84,0.59397935264224555,5,5,1.1666666666666667
32,52,92,0.23037074598145341,2,2,0.61111111111111116
32,53,82,0.34380587554204545,2,2,2.0055555555555555
32,54,96,0.69809022895890283,5,5,1
32,55,82,0.39487472674534868,2,2,1.125
32,56,28,0.32977277358334811,2,2,0.6333333333333333
32,57,19,0.62330263571626465,4,4,0.10000000000000001
32,58,92,0.23408791637614912,2,2,0.5
32,59,28,0.24087274259520691,2,2,0.14285714285714285
32,60,32,0.10876485605547055,1,1,5.2952380952380951
32,61,4,0.58370246968479356,4,4,0.10000000000000001
32,62,44,0.60308848598340137,4,4,0.14285714285714285
32,63,53,0.5187116977024282,3,3,1.8055555555555556
32,64,76,0.54725447837243058,4,3,0.20000000000000001
32,65,86,0.68672367437761006,6,5,0.33333333333333331
32,66,82,0.23492708743873833,2,2,0.5
32,67,24,0.57286327343939392,4,4,0.1111111111111111
32,68,0,0.3700399699070851,2,2,0.33333333333333331
32,69,94,0.49931090007475987,3,3,0.125
32,70,32,0.16085614649483637,1,1,1.8166666666666667
32,71,92,0.36336489790772886,2,2,0.33333333333333331
32,72,82,0.33135761435606037,2,2,0.20000000000000001
32,73,28,0.31257203633795683,2,2,0.45833333333333331
32,74,17,0.57144212439776687,4,3,0.20000000000000001
32,75,52,0.41583796793475669,3,3,0.1111111111111111
32,76,56,0.49738301229562332,3,3,0.30000000000000004
32,77,47,0.54290768961147418,3,3,0.33333333333333331
32,78,28,0.37593950409986837,2,2,0.16666666666666666
32,79,92,0.29080403416396666,2,2,0.16666666666666666
32,80,96,0.70811017901900108,5,5,0.16666666666666666
32,81,63,0.66500753017138059,4,4,1
32,82,32,0.19935439902239943,1,1,6.125
32,83,92,0.33229782285412868,2,2,0.16666666666666666
32,84,20,0.54018861482241531,4,4,1.7666666666666666
32,85,28,0.35282204232071734,2,2,1.9123015873015872
32,86,5,0.60065555591053932,5,5,0.47619047619047616
32,87,63,0.71166647919267301,4,4,0.125
32,88,20,0.53002788902727238,4,4,0.10000000000000001
32,89,92,0.3226491642729683,2,2,0.61111111111111116
32,90,22,0.43625788908359586,3,3,0.14285714285714285
32,91,82,0.26507982372511796,2,2,0.91111111111111109
32,92,32,0.1747322586809949,1,1,4.5650793650793648
32,93,55,0.53046659678250196,3,3,1
32,94,40,0.31602111398644461,2,2,0.45000000000000001
32,95,36,0.47358811711947524,4,3,1
32,96,19,0.62189313047030614,4,4,1.4166666666666665
32,97,99,0.6792331647634261,5,4,0.20000000000000001
32,98,31,0.34021266776224252,3,3,0.14285714285714285
32,99,16,0.54125685790479339,4,3,0.52500000000000002
33,0,40,0.26112281225932055,2,2,1.6666666666666665
33,1,9,0.49947974483668789,4,4,0.2857142857142857
33,2,57,0.83794128909407106,5,5,0.16666666666666666
33,3,92,0.56607754272498723,4,4,1
33,4,35,0.47125974765480599,4,3,0.10000000000000001
33,5,20,0.75191638588319709,6,5,0.33333333333333331
33,6,60,0.55818563116199216,4,3,0.66666666666666663
33,7,33,0.13889796715647826,1,1,2.5055555555555555
33,8,17,0.29712519695307948,2,2,0.3611111111111111
33,9,43,0.42684430952028002,3,3,1.6468253968253967
33,10,21,0.212869042805653,2,2,0.25
33,11,89,0.72488415827952435,5,5,0.1111111111111111
33,12,94,0.26693560119863813,2,2,0.20000000000000001
33,13,17,0.29110062879248055,2,2,0.10000000000000001
33,14,56,0.56517506920010308,4,4,0.53333333333333333
33,15,6,0.7346289077129613,5,4,0.33333333333333331
33,16,46,0.257616261018835,2,2,2.0373015873015872
33,17,33,0.14540545429862378,1,1,1.7722222222222221
33,18,35,0.48326702222186713,4,3,0.1111111111111111
33,19,73,0.49966800218563073,3,3,3.7706349206349206
33,20,31,0.63678531313775966,5,4,1.5333333333333334
33,21,33,0.14130881427945213,1,1,0.75
33,22,92,0.59646855791719866,4,4,0.33333333333333331
33,23,33,0.17243787626293702,1,1,0.65833333333333333
33,24,21,0.3148351986641913,2,2,0.33333333333333331
33,25,63,0.46833030219812388,3,3,0.1111111111111111
33,26,32,0.45500983954870011,3,3,0.125
33,27,60,0.55352343968938367,4,3,0.33333333333333331
33,28,70,0.28776880576770902,3,2,0.20000000000000001
33,29,63,0.47179910362709798,3,3,0.45833333333333331
33,30,33,0.19965356098085729,1,1,0.5
33,31,60,0.4919196788609782,4,3,1.819047619047619
33,32,82,0.26646801170711854,2,2,6.4551587301587308
33,33,-1,0,0,0,30.008333333333333
33,34,35,0.56110689914493339,4,4,0.125
33,35,16,0.37519063784892598,3,3,1.9123015873015874
33,36,94,0.30247850073749161,2,2,0.1111111111111111
33,37,99,0.50587456640298134,3,3,0.125
33,38,73,0.46372806104017206,3,3,0.33333333333333331
33,39,60,0.51198955649789812,4,3,0.16666666666666666
33,40,33,0.1467673039885907,1,1,3.9384920634920633
33,41,94,0.30889724913604033,2,2,0.33333333333333331
33,42,29,0.5914162361894747,4,4,0.33333333333333331
33,43,40,0.2270698389461373,2,2,2.1468253968253967
33,44,35,0.48196844082836326,4,3,1
33,45,56,0.57455417189475211,4,4,0.20000000000000001
33,46,33,0.13682273719834148,1,1,9.299603174603174
33,47,73,0.43112450805492636,3,3,0.16666666666666666
33,48,55,0.29325988712151474,2,2,0.20000000000000001
33,49,57,0.81365373602392299,5,5,0.5
33,50,9,0.53259230394149315,4,4,0.25
33,51,57,0.83663626180019079,5,5,1
33,52,92,0.49683875768857194,4,4,0.61111111111111116
33,53,33,0.11433066072877504,1,1,0.20000000000000001
33,54,96,0.76786713434225795,5,5,1
33,55,33,0.14497520282280049,1,1,0.32500000000000001
33,56,73,0.38137229446983134,3,3,1.0666666666666667
33,57,19,0.69307954109961967,4,4,2.2428571428571429
33,58,92,0.50055592808326765,4,3,0.5
33,59,70,0.35204649769974727,3,3,0.14285714285714285
33,60,32,0.37523286776258907,3,2,3.1523809523809523
33,61,35,0.50553438131141537,4,3,0.10000000000000001
33,62,35,0.5681221722186216,4,4,0.14285714285714285
33,63,7,0.27938275173400529,2,2,2.0055555555555555
33,64,76,0.56154664874533111,4,4,0.20000000000000001
33,65,57,0.76186354677719037,5,5,0.33333333333333331
33,66,33,0.048163239091933097,1,1,0.5
33,67,8,0.35191586990234025,3,3,0.1111111111111111
33,68,0,0.45076473482107993,3,3,0.66666666666666663
33,69,94,0.37540579583395706,2,2,0.125
33,70,82,0.20494981040034732,2,2,0.50952380952380949
33,71,68,0.54256129854057233,4,4,0.33333333333333331
33,72,33,0.093352253145879846,1,1,0.20000000000000001
33,73,46,0.31746795688442975,2,2,6.2623015873015868
33,74,17,0.3160390203437915,2,2,0.20000000000000001
33,75,52,0.68230597964187523,5,4,0.1111111111111111
33,76,73,0.51167518266852385,3,3,0.30000000000000004
33,77,14,0.61214930131902912,5,4,0.33333333333333331
33,78,73,0.4650662653423937,3,3,0.16666666666666666
33,79,92,0.55727204587108514,4,3,0.16666666666666666
33,80,96,0.77788708440235621,5,5,0.16666666666666666
33,81,63,0.42567858420295768,3,3,1
33,82,33,0.067113612684719076,1,1,7.2146825396825403
33,83,92,0.59876583456124721,4,4,0.16666666666666666
33,84,20,0.80665662652953385,6,5,0.10000000000000001
33,85,73,0.35850511124556295,3,3,0.33333333333333331
33,86,57,0.80524207073888887,5,5,0.14285714285714285
33,87,63,0.47233753322425009,3,3,0.125
33,88,20,0.79649590073439092,6,5,0.10000000000000001
33,89,9,0.56017739816405621,4,4,0.61111111111111116
33,90,1,0.69818382619809971,5,5,0.14285714285714285
33,91,33,0.042089440763542887,1,1,0.25
33,92,32,0.44120027038811344,3,3,2.9777777777777779
33,93,17,0.28039557810304006,2,2,1
33,94,33,0.19211600974564186,1,1,1.8944444444444444
33,95,94,0.38335084706594635,2,2,1
33,96,19,0.69167003585366127,4,4,1.4166666666666665
33,97,63,0.45934539764512794,3,3,0.20000000000000001
33,98,31,0.60668067946936099,5,4,0.14285714285714285
33,99,23,0.36474363658155329,2,2,0.32500000000000001
34,0,30,0.76264211838584117,5,5,1.3333333333333333
34,1,92,0.87970411671423154,6,6,0.14285714285714285
34,2,96,0.55550711330063618,4,4,0.16666666666666666
34,3,79,0.82192096130899417,6,5,1.1428571428571428
34,4,34,0.098251216541855174,1,1,0.10000000000000001
34,5,86,0.67264614460489214,5,5,0.33333333333333331
34,6,31,0.73399856142315711,5,5,0.77777777777777768
34,7,23,0.48654038471707994,4,3,0.5
34,8,55,0.68367496740366496,5,4,0.69444444444444442
34,9,92,0.84923727040225272,6,6,0.5
34,10,66,0.7406367343393836,5,5,0.25
34,11,83,1.0582439582587233,7,7,0.1111111111111111
34,12,94,0.82425041034677649,6,6,0.20000000000000001
34,13,63,0.64709607307985051,4,4,0.10000000000000001
34,14,64,0.2756011611901435,2,2,0.20000000000000001
34,15,6,0.91044183797412626,6,6,0.33333333333333331
34,16,35,0.30349063812609839,2,2,5.0611111111111118
34,17,23,0.53219962758226325,4,4,0.1111111111111111
34,18,34,0.10649678680798083,1,1,8.9412698412698397
34,19,76,0.30505194603670338,2,2,0.1111111111111111
34,20,31,0.78129853707166774,5,5,1
34,21,66,0.68754160146787702,5,5,0.27777777777777779
34,22,79,0.89487915157421827,6,6,0.33333333333333331
34,23,99,0.40371086976440795,3,3,1.7638888888888888
34,24,8,0.83242748095976571,6,5,0.33333333333333331
34,25,29,0.46631346182355782,3,3,0.1111111111111111
34,26,92,0.80129430493883302,6,5,0.125
34,27,60,0.77605012116031324,5,5,0.33333333333333331
34,28,85,0.44859967407978463,3,3,5.8718253968253968
34,29,37,0.34343834206290658,2,2,0.3611111111111111
34,30,70,0.6522816245624008,4,4,2.333333333333333
34,31,59,0.63643290279488629,4,4,2.2301587301587298
34,32,28,0.62505480910273059,4,4,0.20000000000000001
34,33,46,0.56110689914493339,4,4,0.10000000000000001
34,34,-1,0,0,0,29.983333333333338
34,35,34,0.18591626129600744,1,1,5.3944444444444448
34,36,21,0.85959408464054587,6,6,0.1111111111111111
34,37,34,0.15774636437984771,1,1,3.6305555555555555
34,38,76,0.34792414100969649,2,2,0.33333333333333331
34,39,31,0.6570360665773427,5,5,0.16666666666666666
34,40,82,0.64851135548856187,5,4,0.125
34,41,94,0.86621205828417858,6,6,0.33333333333333331
34,42,37,0.3523643813806191,2,2,0.33333333333333331
34,43,30,0.70701992385525891,5,5,0.5
34,44,34,0.14545186213880801,1,1,3.8730158730158726
34,45,64,0.2866486084452583,2,2,0.20000000000000001
34,46,16,0.42428416194659191,3,3,4.5361111111111114
34,47,44,0.33616043086701664,2,2,0.16666666666666666
34,48,63,0.54240377551105212,4,4,0.20000000000000001
34,49,96,0.53906955900342868,4,4,0.5
34,50,92,0.92781380172845118,6,6,0.25
34,51,57,0.58883315393173341,4,4,1
34,52,58,0.805955124915257,6,6,0.5
34,53,16,0.46131326870819223,3,3,0.20000000000000001
34,54,96,0.48439536180274456,4,4,1
34,55,23,0.51350404348056011,4,4,0.81944444444444442
34,56,44,0.30990551153048917,2,2,2.7063492063492061
34,57,77,0.44527643323116228,3,3,1.7761904761904761
34,58,60,0.78556082109832326,5,5,1.5
34,59,56,0.4448980054145717,3,3,2.3730158730158726
34,60,28,0.59775954923351871,4,4,5.4718253968253965
34,61,34,0.057558905661714642,1,1,2.0638888888888887
34,62,34,0.058282130430411958,1,1,4.6690476190476202
34,63,97,0.47716901188695676,3,3,1.6111111111111109
34,64,34,0.16747422520164659,1,1,0.60000000000000009
34,65,96,0.51367617868945536,4,4,0.33333333333333331
34,66,46,0.56344465188405235,4,4,2.8111111111111109
34,67,8,0.73846564035292572,6,5,0.1111111111111111
34,68,0,0.95228404094760055,6,6,0.33333333333333331
34,69,94,0.93272060498209541,6,6,0.125
34,70,85,0.46948202419559543,3,3,2.4999999999999996
34,71,92,0.97467769429677664,6,6,0.33333333333333331
34,72,16,0.48380596391664044,3,3,0.20000000000000001
34,73,85,0.31326992114314633,3,2,0.125
34,74,63,0.64148378029846731,4,4,0.20000000000000001
34,75,6,0.93063776234139661,6,6,0.1111111111111111
34,76,34,0.16043344276784416,1,1,0.71111111111111103
34,77,62,0.24869393442449095,2,2,4.526190476190477
34,78,76,0.33645331862494798,2,2,0.16666666666666666
34,79,60,0.78359039384815088,5,5,1.9206349206349205
34,80,96,0.49441531186284288,4,4,0.16666666666666666
34,81,97,0.45857931647746397,3,3,1
34,82,46,0.53344849304722108,4,4,0.375
34,83,79,0.89375079398279578,6,6,0.27777777777777779
34,84,57,0.61549237666698309,4,4,0.20000000000000001
34,85,18,0.27223276678201314,2,2,8.830158730158729
34,86,57,0.55743896287043149,4,4,0.47619047619047616
34,87,29,0.41734669854074946,3,3,0.125
34,88,84,0.73988086939183051,5,5,0.10000000000000001
34,89,58,0.92187082621602845,6,6,0.5
34,90,3,0.99026825535367102,7,6,0.14285714285714285
34,91,46,0.52186789156739988,4,4,0.25
34,92,60,0.78604505507004263,5,5,1.5511904761904762
34,93,63,0.54368134345198016,4,4,1
34,94,66,0.74943081889378016,5,5,1.7833333333333332
34,95,94,0.94066565621408471,6,6,1
34,96,77,0.40819826331414788,3,3,2.416666666666667
34,97,37,0.29720636597583411,2,2,2.8111111111111109
34,98,31,0.75119390340326908,5,5,0.14285714285714285
34,99,61,0.21140510944579169,2,2,1.9638888888888888
35,0,40,0.57695060246328422,5,4,1.3333333333333333
35,1,92,0.72927551640419974,5,5,0.14285714285714285
35,2,96,0.58756193719368799,4,4,0.16666666666666666
35,3,79,0.67149236099896237,5,4,1.1428571428571428
35,4,35,0.096069109805880001,1,1,0.10000000000000001
35,5,86,0.69130106715563355,5,5,0.33333333333333331
35,6,31,0.59770305859900341,4,4,0.66666666666666663
35,7,16,0.30288326972028728,2,2,0.59999999999999998
35,8,55,0.50023557788217343,4,3,0.69444444444444442
35,9,92,0.69880867009222092,5,5,0.5
35,10,66,0.55472047304337613,4,4,0.25
35,11,83,0.9078153579486915,6,6,0.1111111111111111
35,12,94,0.63833414905076902,5,5,0.20000000000000001
35,13,7,0.48779295101484588,3,3,0.10000000000000001
35,14,44,0.28891586377772932,2,2,2.3095238095238098
35,15,6,0.77414633514997255,5,5,0.33333333333333331
35,16,35,0.11757437683009096,1,1,10.769444444444444
35,17,23,0.34876023806077172,3,3,0.1111111111111111
35,18,35,0.10807638437294116,1,1,0.1111111111111111
35,19,44,0.28786159594591981,2,2,0.1111111111111111
35,20,31,0.64500303424751404,4,4,1
35,21,66,0.50162534017186955,4,4,0.27777777777777779
35,22,79,0.74445055126418636,5,5,0.33333333333333331
35,23,16,0.22027148024291643,2,2,2.7749999999999999
35,24,8,0.64898809143827418,5,4,0.33333333333333331
35,25,97,0.41596087359918466,3,3,0.1111111111111111
35,26,92,0.65086570462880122,5,4,0.125
35,27,60,0.62562152085028155,4,4,0.44444444444444442
35,28,73,0.29817107376975283,2,2,5.9829365079365084
35,29,97,0.30397267523163857,3,3,0.125
35,30,82,0.49895392448099118,4,3,0.5
35,31,59,0.50013739997073259,3,3,2.1190476190476186
35,32,28,0.47462620879269873,3,3,0.20000000000000001
35,33,46,0.37519063784892598,3,3,0.10000000000000001
35,34,35,0.18591626129600744,1,1,0.125
35,35,-1,0,0,0,29.775000000000002
35,36,21,0.67367782334453841,5,5,0.1111111111111111
35,37,99,0.24099903810710138,2,2,0.125
35,38,56,0.27722437260567356,2,2,0.33333333333333331
35,39,31,0.520740563753189,4,4,0.16666666666666666
35,40,82,0.4625950941925544,4,3,1.4583333333333333
35,41,94,0.68029579698817111,5,5,0.33333333333333331
35,42,97,0.39598801761130098,3,3,0.33333333333333331
35,43,82,0.5381400949773445,4,4,0.5
35,44,35,0.10677780297943727,1,1,5.9039682539682543
35,45,44,0.30225883977103524,2,2,2.2833333333333332
35,46,16,0.2383679006505845,2,2,6.8694444444444436
35,47,56,0.24486451907152168,2,2,0.16666666666666666
35,48,93,0.4282914994448439,4,3,0.20000000000000001
35,49,96,0.57112438289648049,4,4,0.5
35,50,92,0.77738520141841938,5,5,0.25
35,51,57,0.60748807648247483,4,4,1
35,52,58,0.6555265246052252,5,5,0.5
35,53,16,0.27539700741218476,2,2,0.20000000000000001
35,54,96,0.51645018569579637,4,4,1
35,55,23,0.33006465395906853,3,3,1.0194444444444444
35,56,35,0.19360843329147973,1,1,0.83333333333333326
35,57,14,0.4639313557819037,3,3,2.1095238095238096
35,58,60,0.63513222078829146,4,4,1.5
35,59,73,0.30860250259041805,2,2,2.2619047619047614
35,60,28,0.4473309489234869,3,3,5.5829365079365081
35,61,35,0.13034374346248936,1,1,0.10000000000000001
35,62,35,0.19293153436969565,1,1,0.14285714285714285
35,63,23,0.37518856737672995,3,3,0.1111111111111111
35,64,44,0.21093309173556463,2,2,0.20000000000000001
35,65,57,0.5327153614594744,4,4,0.33333333333333331
35,66,46,0.37752839058804488,3,3,2.8111111111111109
35,67,8,0.5550262508314342,5,4,0.1111111111111111
35,68,0,0.7665925250250436,6,5,0.33333333333333331
35,69,94,0.74680434368608795,5,5,0.125
35,70,73,0.32001184731649512,2,2,0.16666666666666666
35,71,92,0.82424909398674484,5,5,0.33333333333333331
35,72,16,0.29788970262063302,2,2,0.20000000000000001
35,73,35,0.16205417245474191,1,1,8.5365079365079364
35,74,55,0.51160101250306611,4,4,0.20000000000000001
35,75,27,0.79294195244627574,5,5,0.1111111111111111
35,76,35,0.16339587364507788,1,1,0.43333333333333335
35,77,76,0.28576978688821952,2,2,0.33333333333333331
35,78,85,0.27574363725246043,2,2,0.16666666666666666
35,79,60,0.63316179353811908,4,4,1.9206349206349205
35,80,96,0.52647013575589463,4,4,0.16666666666666666
35,81,97,0.39921736564593591,3,3,1
35,82,46,0.34753223175121362,3,3,2.708333333333333
35,83,79,0.74332219367276398,5,5,0.27777777777777779
35,84,57,0.6341472992177245,4,4,0.20000000000000001
35,85,35,0.13105369263127326,1,1,0.5
35,86,57,0.5760938854211729,4,4,0.47619047619047616
35,87,97,0.37267842496496617,3,3,0.125
35,88,84,0.75853579194257192,5,5,0.10000000000000001
35,89,58,0.77144222590599665,5,5,0.5
35,90,3,0.83983965504363922,6,5,0.14285714285714285
35,91,46,0.33595163027139252,3,3,0.25
35,92,60,0.63561645476001083,4,4,1.5511904761904762
35,93,23,0.41462493837482783,3,3,1.2
35,94,66,0.56351455759777269,4,4,1.7833333333333332
35,95,94,0.75474939491807724,5,5,1
35,96,45,0.44025308720719969,3,3,2.083333333333333
35,97,99,0.2378444151443061,2,2,1.8944444444444444
35,98,31,0.61489840057911538,4,4,0.14285714285714285
35,99,35,0.099868108285673343,1,1,2.2194444444444446
36,0,10,0.23953994115377181,2,2,1.6666666666666665
36,1,9,0.53925845650245574,4,4,0.2857142857142857
36,2,57,1.1320456889021204,8,7,0.16666666666666666
36,3,9,0.63473145822504917,4,4,1.3333333333333333
36,4,35,0.76974693315041853,6,5,0.10000000000000001
36,5,20,0.87510312979296689,6,6,0.47619047619047616
36,6,60,0.68137237507176196,4,4,0.33333333333333331
36,7,33,0.44137646789396989,3,3,1.2694444444444444
36,8,24,0.34389499646457544,2,2,2.9861111111111112
36,9,43,0.46662302118604787,3,3,5.4162698412698411
36,10,36,0.15370788022960935,1,1,17.915476190476191
36,11,89,0.7646628699452922,5,5,0.1111111111111111
36,12,36,0.084690542357718196,1,1,0.20000000000000001
36,13,8,0.43400928061802047,3,3,0.10000000000000001
36,14,56,0.86318223202441502,6,6,0.20000000000000001
36,15,3,0.81691451740444909,5,5,0.33333333333333331
36,16,46,0.55610344651444754,4,4,2.0373015873015872
36,17,33,0.44788395503611539,3,3,0.1111111111111111
36,18,35,0.78175420771747972,6,5,0.1111111111111111
36,19,47,0.79377240199367993,6,5,2.6277777777777773
36,20,31,0.75997205704752946,5,5,2.6761904761904765
36,21,36,0.17205248317266891,1,1,3.9539682539682537
36,22,9,0.63978485242920169,4,4,0.33333333333333331
36,23,33,0.47491637700042866,3,3,0.65833333333333333
36,24,36,0.19514248290847466,1,1,3.4305555555555558
36,25,48,0.71885322779980787,4,4,0.1111111111111111
36,26,9,0.51914334179715194,4,4,0.125
36,27,9,0.65954304354836746,4,4,0.33333333333333331
36,28,70,0.54033644021435023,4,4,4.0277777777777777
36,29,63,0.77427760436458959,5,5,0.45833333333333331
36,30,10,0.30078602220956097,2,2,4.3285714285714283
36,31,60,0.61510642277074801,4,4,2.961904761904762
36,32,30,0.38988222005149675,3,3,0.20000000000000001
36,33,94,0.30247850073749161,2,2,2.9138888888888892
36,34,35,0.85959408464054599,6,6,0.125
36,35,16,0.67367782334453852,5,5,1.9123015873015874
36,36,-1,0,0,0,29.99722222222222
36,37,99,0.80835306714047295,5,5,0.125
36,38,28,0.73010738000421538,5,5,0.33333333333333331
36,39,60,0.63517630040766793,4,4,0.16666666666666666
36,40,10,0.260867353890051,2,2,5.753968253968254
36,41,36,0.077688590653267608,1,1,0.33333333333333331
36,42,29,0.8938947369269663,6,5,0.33333333333333331
36,43,10,0.26684855061190516,2,2,5.9162698412698411
36,44,35,0.7804556263239758,6,5,1
36,45,47,0.87250448376159695,6,6,0.20000000000000001
36,46,66,0.43530992269395397,3,3,3.0373015873015872
36,47,28,0.7093431384675557,5,5,3.3277777777777775
36,48,8,0.53813481692845677,3,3,1.4361111111111111
36,49,57,1.1077581358319724,8,7,0.5
36,50,9,0.572371015607261,4,4,0.25
36,51,84,0.98363410825913389,7,7,1
36,52,9,0.56487125725056753,4,4,0.5
36,53,33,0.41680916146626668,3,3,0.20000000000000001
36,54,96,1.0619715341503071,8,7,1
36,55,33,0.44745370356029213,3,3,0.125
36,56,73,0.67937945729414329,5,5,0.53333333333333333
36,57,19,0.98718394090766892,7,6,1.0999999999999999
36,58,9,0.57835934322557669,4,4,0.5
36,59,70,0.60461413214638848,4,4,0.14285714285714285
36,60,30,0.49841961167235888,3,3,3.6285714285714286
36,61,35,0.80402156680702785,6,5,0.10000000000000001
36,62,35,0.8666093577142342,6,6,0.14285714285714285
36,63,7,0.58186125247149689,4,4,0.76944444444444438
36,64,76,0.85955381156964306,6,6,0.20000000000000001
36,65,57,1.0559679465852396,8,7,0.33333333333333331
36,66,21,0.29614943275649358,2,2,3.5373015873015872
36,67,24,0.34368162479577868,2,2,0.1111111111111111
36,68,0,0.42918186371553113,3,3,0.66666666666666663
36,69,36,0.16690791802644808,1,1,0.125
36,70,40,0.45751744484698847,3,3,5.628968253968254
36,71,68,0.52097842743502354,4,4,0.33333333333333331
36,72,33,0.39583075388337147,3,3,0.20000000000000001
36,73,70,0.61547511970874169,4,4,0.95833333333333337
36,74,8,0.46702742684920862,3,3,0.20000000000000001
36,75,83,0.73120214617436097,5,5,0.1111111111111111
36,76,73,0.8096823454928358,5,5,0.30000000000000004
36,77,47,0.90678899480287845,6,6,0.33333333333333331
36,78,28,0.7398208092912727,5,5,0.16666666666666666
36,79,9,0.63659973858786856,4,4,0.16666666666666666
36,80,96,1.0719914842104055,8,7,0.16666666666666666
36,81,48,0.67899641336722139,4,4,1.125
36,82,21,0.32881216226485666,2,2,0.25
36,83,9,0.64322328664358519,4,4,0.27777777777777779
36,84,20,0.92984337043930365,6,6,1.1000000000000001
36,85,70,0.65476670226057077,4,4,0.33333333333333331
36,86,5,0.99031031152742754,7,7,0.14285714285714285
36,87,81,0.74502966960035544,5,5,0.125
36,88,20,0.91968264464416072,6,6,0.10000000000000001
36,89,9,0.59995610982982406,4,4,0.61111111111111116
36,90,1,0.73796253786386756,5,5,0.14285714285714285
36,91,33,0.34456794150103448,3,2,0.25
36,92,9,0.5298152365182579,4,4,0.20000000000000001
36,93,8,0.52739972888664277,3,3,1
36,94,36,0.11036249099184978,1,1,3.0388888888888892
36,95,36,0.083705897067978513,1,1,1
36,96,19,0.98577443566171041,7,6,1.4166666666666665
36,97,63,0.76182389838261955,5,5,0.20000000000000001
36,98,31,0.7298674233791308,5,5,0.14285714285714285
36,99,23,0.66722213731904489,4,4,0.32500000000000001
37,0,40,0.74318964830864942,6,5,1.6666666666666665
37,1,26,0.94963452765567646,7,6,0.14285714285714285
37,2,96,0.70138837515335761,5,5,0.16666666666666666
37,3,79,0.90771996991575499,6,5,1.1428571428571428
37,4,37,0.18285308859786492,1,1,8.7742063492063487
37,5,86,0.81816988671584878,6,6,0.33333333333333331
37,6,31,0.82749553242458229,5,5,0.77777777777777768
37,7,23,0.41626620509271628,3,3,0.5
37,8,93,0.56943971149419981,4,4,0.70833333333333326
37,9,43,0.90415361139685246,6,5,0.5
37,10,66,0.71434985266258555,5,5,0.25
37,11,83,1.1440429668654841,7,7,0.1111111111111111
37,12,94,0.77281016760161947,5,5,0.20000000000000001
37,13,63,0.48934970870000272,3,3,0.21111111111111111
37,14,76,0.41578468333794449,3,3,1.9761904761904761
37,15,6,1.0039388089755514,6,6,0.33333333333333331
37,16,99,0.28381342267545617,2,2,6.2511904761904766
37,17,23,0.46192544795789958,3,3,0.1111111111111111
37,18,4,0.20823653938036785,2,2,0.1111111111111111
37,19,44,0.42448257056982719,3,3,0.1111111111111111
37,20,31,0.87479550807309292,5,5,1
37,21,33,0.64718338068243342,4,4,0.16666666666666666
37,22,79,0.98067816018097909,6,6,0.33333333333333331
37,23,99,0.33343669014004429,2,2,4.5055555555555555
37,24,8,0.71819222505030056,5,5,0.45833333333333331
37,25,29,0.30856709744371014,2,2,0.1111111111111111
37,26,32,0.87092961556780291,6,5,0.51785714285714279
37,27,60,0.86184912976707406,5,5,0.33333333333333331
37,28,85,0.53439868268654545,3,3,3.6206349206349207
37,29,37,0.1856919776830589,1,1,0.3611111111111111
37,30,82,0.66519297032635638,5,4,0.5
37,31,59,0.72992987379631147,4,4,2.2301587301587298
37,32,70,0.68238778772622133,5,4,1.4178571428571427
37,33,23,0.50587456640298134,3,3,2.036111111111111
37,34,37,0.15774636437984771,1,1,0.26785714285714285
37,35,99,0.24099903810710138,2,2,0.33333333333333331
37,36,94,0.80835306714047295,5,5,0.1111111111111111
37,37,-1,0,0,0,29.983333333333334
37,38,78,0.45468956547388439,4,3,0.33333333333333331
37,39,31,0.75053303757876788,5,5,0.16666666666666666
37,40,82,0.6288341400379196,5,4,1.7916666666666665
37,41,94,0.81477181553902156,5,5,0.33333333333333331
37,42,37,0.19461801700077141,1,1,0.33333333333333331
37,43,82,0.70437914082270969,5,4,1
37,44,4,0.24339877760334469,2,2,2.1111111111111112
37,45,76,0.42880479104278479,3,3,0.20000000000000001
37,46,16,0.40460694649594969,3,3,6.1261904761904766
37,47,44,0.43410734633155335,3,3,0.16666666666666666
37,48,63,0.38465741113120433,3,3,0.20000000000000001
37,49,96,0.68495082085615011,5,5,0.5
37,50,26,0.99748086449208329,7,6,0.25
37,51,57,0.73435689604269005,5,5,1
37,52,58,0.89175413352201782,6,6,0.5
37,53,23,0.3973764880952298,3,3,0.20000000000000001
37,54,96,0.630276623655466,5,5,1
37,55,23,0.44322986385619639,3,3,0.125
37,56,44,0.40785242699502589,3,3,0.33333333333333331
37,57,14,0.59080017534211893,4,4,1.7761904761904761
37,58,60,0.87135982970508408,5,5,1
37,59,85,0.53839497641599687,3,3,2.3730158730158726
37,60,28,0.68355855784027952,4,4,3.4206349206349205
37,61,37,0.13694182070082894,1,1,5.3261904761904768
37,62,34,0.21602849481025965,2,2,0.14285714285714285
37,63,97,0.31942264750710903,2,2,2.4305555555555554
37,64,61,0.30982167284183504,2,2,2.9500000000000006
37,65,96,0.6595574405421768,5,5,0.33333333333333331
37,66,91,0.5371577702072543,4,4,0.75
37,67,13,0.61530710772205643,4,4,0.1111111111111111
37,68,0,0.9328315708704088,7,6,0.66666666666666663
37,69,24,0.83351596834772557,6,5,0.125
37,70,46,0.52153164123138496,4,3,1.5845238095238094
37,71,68,1.0246281345899013,8,6,0.33333333333333331
37,72,23,0.42205848565247106,3,3,0.20000000000000001
37,73,85,0.39906892974990715,3,3,0.125
37,74,63,0.48373741591861952,3,3,0.20000000000000001
37,75,6,1.0241347333428217,6,6,0.1111111111111111
37,76,61,0.28601011731707404,2,2,2.2761904761904761
37,77,64,0.39457519627721238,3,3,2.7500000000000004
37,78,44,0.4420805055120256,3,3,0.5
37,79,60,0.8693894024549117,5,5,1.9206349206349205
37,80,96,0.64029657371556425,5,5,0.16666666666666666
37,81,97,0.30083295209761624,2,2,1
37,82,46,0.51377127759657881,4,3,3.5416666666666665
37,83,79,0.9795498025895566,6,6,0.27777777777777779
37,84,57,0.76101611877793973,5,5,0.20000000000000001
37,85,4,0.35803177538877395,2,2,6.4519841269841267
37,86,57,0.70296270498138813,5,5,0.47619047619047616
37,87,29,0.25960033416090178,2,2,0.125
37,88,84,0.88540461150278715,6,6,0.10000000000000001
37,89,92,1.0050369519991895,7,6,0.5
37,90,3,1.0760672639604318,7,6,0.14285714285714285
37,91,23,0.46768463919768866,3,3,1
37,92,32,0.85712004640721617,6,5,0.69999999999999996
37,93,63,0.38593497907213248,3,3,1.7083333333333333
37,94,33,0.69799057614862314,4,4,1.7694444444444444
37,95,94,0.88922541346892769,5,5,1
37,96,77,0.55407952516686931,4,4,2.416666666666667
37,97,37,0.1394600015959864,1,1,3.6305555555555555
37,98,31,0.84469087440469426,5,5,0.14285714285714285
37,99,37,0.14113092982142803,1,1,11.290079365079366
38,0,32,0.54662412215813672,3,3,1.3333333333333333
38,1,92,0.57836888398221076,4,4,0.14285714285714285
38,2,57,0.40542371918869557,3,3,0.16666666666666666
38,3,79,0.52058572857697338,4,3,1.1428571428571428
38,4,44,0.27183647687601953,3,2,0.55833333333333335
38,5,86,0.48793168256797415,4,4,0.33333333333333331
38,6,31,0.43185819054429281,3,3,0.77777777777777768
38,7,46,0.48071227302574915,3,3,0.5
38,8,17,0.67159887255153561,4,4,0.3611111111111111
38,9,92,0.54790203767023193,4,4,0.5
38,10,40,0.57639949977460603,4,4,1.3611111111111112
38,11,83,0.75690872552670252,5,5,0.1111111111111111
38,12,94,0.70544518503536713,5,5,0.20000000000000001
38,13,55,0.66475888173317921,4,4,0.10000000000000001
38,14,38,0.14089804256833849,1,1,0.20000000000000001
38,15,6,0.60830146709526201,4,4,0.33333333333333331
38,16,85,0.29563506405694012,2,2,1.7694444444444444
38,17,46,0.51987912989707996,3,3,0.47222222222222221
38,18,44,0.25160142669056651,3,2,0.1111111111111111
38,19,38,0.067150432280255218,1,1,4.3039682539682538
38,20,31,0.47915816619280349,3,3,1
38,21,82,0.56718581196504292,4,4,0.5
38,22,79,0.59354391884219737,4,4,0.33333333333333331
38,23,16,0.39833216746976557,3,3,1.6444444444444444
38,24,21,0.74071219634978203,5,5,0.33333333333333331
38,25,97,0.69318524620485822,5,5,0.1111111111111111
38,26,92,0.49995907220681224,4,3,0.125
38,27,60,0.47471488842829251,3,3,0.33333333333333331
38,28,38,0.18977093978986512,1,1,6.4194444444444443
38,29,97,0.58119704783731208,5,4,0.125
38,30,32,0.45532227265474678,3,3,0.5
38,31,59,0.33429253191602198,2,2,2.2301587301587298
38,32,28,0.366226074812811,2,2,2.5333333333333332
38,33,46,0.463728061040172,3,3,0.10000000000000001
38,34,76,0.34792414100969649,2,2,0.125
38,35,56,0.27722437260567356,2,2,2.0944444444444446
38,36,10,0.73010738000421538,5,5,1.1111111111111112
38,37,4,0.45468956547388445,4,3,0.45833333333333331
38,38,-1,0,0,0,29.774999999999999
38,39,31,0.3548956956984784,3,3,0.16666666666666666
38,40,70,0.46924002611416432,3,3,1.4861111111111112
38,41,94,0.74740683297276922,5,5,0.33333333333333331
38,42,37,0.64930758247465592,5,4,0.33333333333333331
38,43,32,0.49307337790273498,3,3,0.5
38,44,78,0.21129078787053973,2,2,1.7694444444444446
38,45,38,0.14541021856011574,1,1,0.20000000000000001
38,46,73,0.32690532384183052,2,2,3.1472222222222226
38,47,38,0.032609890649370345,1,1,0.16666666666666666
38,48,93,0.60635218667169311,5,4,0.20000000000000001
38,49,57,0.38113616611854756,3,3,0.5
38,50,92,0.6264785689964304,4,4,0.25
38,51,57,0.40411869189481531,3,3,1
38,52,58,0.50461989218323622,4,4,0.5
38,53,46,0.43573219934597307,3,3,0.20000000000000001
38,54,96,0.33534956443688246,3,3,1
38,55,46,0.50582199740550926,3,3,0.42500000000000004
38,56,38,0.083615939314193838,1,1,2.427777777777778
38,57,19,0.26056197119424418,2,2,2.7761904761904765
38,58,60,0.48422558836630247,3,3,1.5
38,59,38,0.14275763453570742,1,1,7.8448412698412691
38,60,59,0.29642431650149792,2,2,5.4718253968253965
38,61,44,0.32604211915208769,3,2,0.10000000000000001
38,62,76,0.30296488346808786,2,2,0.14285714285714285
38,63,23,0.5532492546035791,4,4,0.1111111111111111
38,64,78,0.20437946805167845,2,2,0.20000000000000001
38,65,57,0.32934597687181494,3,3,0.33333333333333331
38,66,70,0.44463942657264305,3,3,1.2833333333333332
38,67,8,0.72638954550079637,5,5,0.1111111111111111
38,68,0,0.7362660447198961,4,4,0.33333333333333331
38,69,94,0.81391537967068606,5,5,0.125
38,70,28,0.27258993515722685,2,2,3.6861111111111109
38,71,92,0.67334246156475586,4,4,0.33333333333333331
38,72,46,0.44418059911202068,3,3,0.20000000000000001
38,73,38,0.14626010415574228,1,1,3.2722222222222226
38,74,55,0.68735835594950689,4,4,0.20000000000000001
38,75,6,0.62849739146253225,4,4,0.1111111111111111
38,76,38,0.18749069824185235,1,1,0.36785714285714288
38,77,38,0.18530580872530886,1,1,0.33333333333333331
38,78,38,0.012609059961858821,1,1,2.1361111111111115
38,79,60,0.48225516111613009,3,3,1.9206349206349205
38,80,96,0.34536951449698078,3,3,0.16666666666666666
38,81,97,0.67644173825160947,5,5,1
38,82,70,0.41042613287285512,3,3,0.75
38,83,79,0.59241556125077499,4,4,0.27777777777777779
38,84,57,0.43077791463006498,3,3,0.20000000000000001
38,85,38,0.14688376239009496,1,1,2.1027777777777779
38,86,57,0.37272450083351344,3,3,0.47619047619047616
38,87,97,0.64990279757063973,5,5,0.125
38,88,84,0.55516640735491241,4,4,0.10000000000000001
38,89,58,0.62053559348400766,4,4,0.5
38,90,3,0.68893302262165024,5,4,0.14285714285714285
38,91,46,0.42448905346263854,3,3,0.25
38,92,60,0.48470982233802185,3,3,1.5511904761904762
38,93,23,0.59268562560167704,4,4,1.2
38,94,66,0.6306255935823708,4,4,0.78333333333333321
38,95,36,0.81381327707219386,6,5,1
38,96,19,0.25915246594828578,2,2,1.4166666666666665
38,97,99,0.51506878774997966,4,4,1.5611111111111111
38,98,31,0.44905353252440477,3,3,0.14285714285714285
38,99,35,0.37709248089134689,3,3,1.7611111111111111
39,0,32,0.42591959213610542,3,3,1
39,1,79,0.32031224947431036,2,2,0.14285714285714285
39,2,51,0.52490034251893691,4,4,0.16666666666666666
39,3,27,0.2043951414451714,2,2,1
39,4,85,0.5676799489809029,4,4,0.32500000000000001
39,5,20,0.24455579025932839,2,2,1.9761904761904761
39,6,39,0.09513321433482666,1,1,1.0317460317460316
39,7,46,0.59408923738979469,4,4,0.69999999999999996
39,8,17,0.78497583691558115,5,5,0.25
39,9,58,0.33091440887544654,3,2,1.1666666666666665
39,10,30,0.48146842017805858,3,3,1.6944444444444444
39,11,75,0.43621050320219024,3,3,0.1111111111111111
39,12,94,0.63636225023022064,5,4,0.20000000000000001
39,13,55,0.77813584609722475,5,5,0.10000000000000001
39,14,78,0.49550170949231565,4,4,0.20000000000000001
39,15,6,0.27157649088579583,2,2,0.33333333333333331
39,16,73,0.50900885655924966,4,4,0.125
39,17,46,0.6332560942611255,4,4,0.3611111111111111
39,18,44,0.55189484325856153,5,4,0.1111111111111111
39,19,78,0.42168687409593197,4,4,0.1111111111111111
39,20,39,0.12942471751389095,1,1,5.1928571428571431
39,21,30,0.49628614197516735,3,3,0.61111111111111105
39,22,27,0.27751428875416723,2,2,0.33333333333333331
39,23,46,0.54998693915439645,4,4,1.5555555555555556
39,24,21,0.66981252635990651,4,4,0.44444444444444442
39,25,63,0.89385157675232862,6,6,0.1111111111111111
39,26,58,0.28073551341767372,3,2,0.125
39,27,39,0.1481671232741959,1,1,1.8333333333333333
39,28,59,0.27655566873503201,3,2,0.20000000000000001
39,29,97,0.82471323898482751,7,6,0.125
39,30,60,0.33439027819810696,2,2,2.8055555555555554
39,31,39,0.020603163782456402,1,1,8.7257936507936513
39,32,60,0.24552154479077964,2,2,3.125
39,33,82,0.51198955649789812,4,3,0.10000000000000001
39,34,44,0.6570360665773427,5,5,0.125
39,35,73,0.520740563753189,4,4,1.3166666666666667
39,36,10,0.63517630040766793,4,4,1.1111111111111112
39,37,4,0.75053303757876777,5,5,0.125
39,38,59,0.3548956956984784,3,3,0.53333333333333333
39,39,-1,0,0,0,29.941666666666666
39,40,32,0.39565988322441265,3,3,0.57499999999999996
39,41,10,0.67718404711472413,4,4,0.33333333333333331
39,42,97,0.91672858136448998,7,6,0.33333333333333331
39,43,32,0.37236884788070357,3,3,0.5
39,44,56,0.5115842044385347,4,4,1.2361111111111112
39,45,38,0.50030591425859416,4,4,0.20000000000000001
39,46,70,0.44028228820587606,3,3,5.4416666666666673
39,47,59,0.34275286840201419,3,3,0.16666666666666666
39,48,7,0.75577984621872063,5,5,0.20000000000000001
39,49,84,0.49863222139708852,3,3,0.5
39,50,79,0.36487784405958967,2,2,0.25
39,51,84,0.35308676872549538,3,3,1.1666666666666667
39,52,58,0.23957239065285152,3,2,0.5
39,53,46,0.54910916371001861,4,4,1.2
39,54,86,0.52280350236743711,4,4,1
39,55,46,0.6191989617695548,4,4,0.42500000000000004
39,56,59,0.34713055504685353,3,3,1.8123015873015873
39,57,84,0.46951197434148595,3,3,0.34999999999999998
39,58,31,0.21917808683591775,2,2,2.4916666666666663
39,59,31,0.21213806116277098,2,2,6.0912698412698418
39,60,39,0.13675668873530908,1,1,11.955555555555556
39,61,4,0.62338168955407003,5,5,0.10000000000000001
39,62,76,0.63021497898536427,5,5,0.14285714285714285
39,63,23,0.70490402628821003,5,5,1.2222222222222223
39,64,78,0.55814792874979491,4,4,0.20000000000000001
39,65,86,0.44583109046085984,4,3,0.33333333333333331
39,66,82,0.48044863222951795,4,3,0.5
39,67,24,0.81835166824721051,5,5,0.1111111111111111
39,68,9,0.52953678678979399,4,3,0.33333333333333331
39,69,94,0.74483244486553957,5,5,0.125
39,70,60,0.3233575934704408,2,2,5.8583333333333343
39,71,9,0.45635509626525189,4,3,0.33333333333333331
39,72,46,0.55755756347606622,4,4,0.20000000000000001
39,73,59,0.35868639129844715,3,3,1.5666666666666667
39,74,55,0.80073532031355243,5,5,0.20000000000000001
39,75,6,0.29177241525306608,2,2,0.36507936507936506
39,76,56,0.51474079375912873,4,4,0.24285714285714285
39,77,78,0.53951066869560249,4,4,0.33333333333333331
39,78,59,0.36637752065997525,3,3,1.0111111111111111
39,79,39,0.17064531298978713,1,1,1.0595238095238095
39,80,86,0.50933458376820373,4,4,0.16666666666666666
39,81,63,0.85119985875716242,6,6,1
39,82,32,0.44487594381317908,3,3,0.84999999999999998
39,83,27,0.27579438129329054,2,2,0.16666666666666666
39,84,20,0.29929603090566509,2,2,2.1166666666666667
39,85,59,0.39250126218999387,3,3,0.65833333333333333
39,86,5,0.35976297199378909,3,3,1.6428571428571428
39,87,97,0.89341898871815517,7,6,0.125
39,88,20,0.28913530511052221,2,2,0.10000000000000001
39,89,79,0.33654274008173213,2,2,0.5
39,90,75,0.35633006093397979,3,3,0.14285714285714285
39,91,70,0.50107695396821605,3,3,0.25
39,92,58,0.27853374453107194,3,2,0.20000000000000001
39,93,53,0.74233176628827102,5,5,1
39,94,40,0.56154265877722431,4,4,0.45000000000000001
39,95,36,0.71888219747564641,5,5,1
39,96,57,0.52924417914320143,4,4,0.25
39,97,99,0.7585849788974951,6,6,0.78333333333333333
39,98,39,0.10006751232579955,1,1,0.14285714285714285
39,99,35,0.62060867203886239,5,5,0.98333333333333339
40,0,40,0.11435550827072982,1,1,1.6666666666666665
40,1,9,0.35271244084809722,3,3,0.2857142857142857
40,2,57,0.87117833501206932,6,5,0.16666666666666666
40,3,9,0.4481854425706906,3,3,1
40,4,35,0.55866420399843442,5,3,0.10000000000000001
40,5,20,0.63558671260971156,5,5,0.47619047619047616
40,6,60,0.44185595788850657,3,3,0.66666666666666663
40,7,66,0.28470737785227856,2,2,0.5
40,8,24,0.42293830667455767,3,3,0.25
40,9,43,0.28007700553168935,2,2,3.8829365079365079
40,10,40,0.10715947366044165,1,1,1.3611111111111112
40,11,89,0.57811685429093362,4,4,0.1111111111111111
40,12,94,0.24070236700580788,2,2,0.20000000000000001
40,13,17,0.43786793278107117,3,3,0.10000000000000001
40,14,56,0.60231487813436402,4,4,0.20000000000000001
40,15,6,0.61829923443947576,4,4,0.33333333333333331
40,16,46,0.34502071736246342,3,3,1.1083333333333334
40,17,33,0.29217275828721445,2,2,1.411111111111111
40,18,85,0.5596353283445521,3,3,0.1111111111111111
40,19,47,0.53290504810362893,4,3,2.6277777777777773
40,20,31,0.52045563986427412,4,4,2.6761904761904765
40,21,40,0.10065940873371779,1,1,0.86111111111111105
40,22,9,0.45323883677484311,3,3,0.33333333333333331
40,23,82,0.30170659976715447,2,2,0.33333333333333331
40,24,21,0.27418579311845692,2,2,0.69444444444444442
40,25,63,0.61402343232783663,4,4,0.1111111111111111
40,26,9,0.33259732614279341,3,2,0.125
40,27,60,0.43719376641589813,3,3,0.33333333333333331
40,28,70,0.27946908632429923,2,2,4.0277777777777777
40,29,63,0.61749223375681073,4,4,0.45833333333333331
40,30,40,0.064838435050534896,1,1,0.5
40,31,60,0.37559000558749267,3,3,2.961904761904762
40,32,40,0.150138338433633,1,1,5.3619047619047615
40,33,40,0.1467673039885907,1,1,1.836111111111111
40,34,35,0.64851135548856187,5,4,0.125
40,35,16,0.4625950941925544,4,3,0.65833333333333333
40,36,10,0.260867353890051,2,2,1.1111111111111112
40,37,99,0.6288341400379196,5,4,0.125
40,38,28,0.46924002611416438,3,3,0.33333333333333331
40,39,60,0.39565988322441259,3,3,0.16666666666666666
40,40,-1,0,0,0,29.983333333333334
40,41,94,0.28266401494321003,2,2,0.33333333333333331
40,42,29,0.73710936631918744,5,5,0.33333333333333331
40,43,40,0.08030253495754662,1,1,4.3829365079365079
40,44,85,0.52430044771430895,3,3,1.1428571428571428
40,45,47,0.61163712987154606,4,4,0.20000000000000001
40,46,82,0.2242271935419699,2,2,2.1083333333333334
40,47,28,0.44847578457750475,3,3,3.3277777777777775
40,48,55,0.44002719111010541,3,3,0.20000000000000001
40,49,57,0.84689078194192124,6,5,0.5
40,50,9,0.38582499995290243,3,3,0.25
40,51,84,0.74411769107587855,6,5,1
40,52,9,0.37832524159620906,3,3,0.5
40,53,91,0.25337653670604132,2,2,0.20000000000000001
40,54,96,0.80110418026025609,6,5,1
40,55,33,0.29174250681139119,2,2,0.32500000000000001
40,56,73,0.41851210340409228,3,3,0.53333333333333333
40,57,19,0.72631658701761792,5,4,1.0999999999999999
40,58,92,0.38422625480978212,3,3,0.5
40,59,70,0.34374677825633743,2,2,0.14285714285714285
40,60,32,0.25890319448910354,2,2,4.2952380952380951
40,61,35,0.59293883765504374,5,4,0.10000000000000001
40,62,44,0.64416579203320379,4,4,0.14285714285714285
40,63,72,0.42507588186371797,3,3,2.0055555555555555
40,64,76,0.59868645767959205,4,4,0.20000000000000001
40,65,57,0.79510059269518862,6,5,0.33333333333333331
40,66,40,0.10233886003282464,1,1,3.2055555555555557
40,67,24,0.42272493500576092,3,3,0.1111111111111111
40,68,0,0.3039974308324892,2,2,0.66666666666666663
40,69,94,0.34917256164112687,2,2,0.125
40,70,40,0.19665009095693747,1,1,6.8829365079365079
40,71,68,0.39579399455198161,3,3,0.33333333333333331
40,72,66,0.23633420618961426,2,2,2.2055555555555557
40,73,70,0.35460776581869069,2,2,0.95833333333333337
40,74,17,0.46280632433238211,3,3,0.20000000000000001
40,75,83,0.54465613052000239,4,4,0.1111111111111111
40,76,73,0.5488149916027848,3,3,0.30000000000000004
40,77,47,0.64592164091282755,4,4,0.33333333333333331
40,78,28,0.47895345540122169,3,3,0.16666666666666666
40,79,92,0.44094237259759966,3,3,0.16666666666666666
40,80,96,0.81112413032035435,6,5,0.16666666666666666
40,81,63,0.57137171433267042,4,4,1
40,82,40,0.11506286244134077,1,1,2.6916666666666664
40,83,9,0.45667727098922661,3,3,0.27777777777777779
40,84,20,0.69032695325604831,5,5,1.1000000000000001
40,85,70,0.39389934837051976,2,2,1.5873015873015872
40,86,5,0.75079389434417221,6,5,0.14285714285714285
40,87,63,0.61803066335396273,4,4,0.125
40,88,20,0.68016622746090538,5,5,0.10000000000000001
40,89,9,0.41341009417546554,3,3,0.61111111111111116
40,90,1,0.5514165222095091,4,4,0.14285714285714285
40,91,40,0.17128871734868906,1,1,0.45000000000000001
40,92,32,0.3248705971146279,2,2,0.8666666666666667
40,93,17,0.42716288209163067,3,3,1
40,94,40,0.16588277555281161,1,1,0.78333333333333321
40,95,36,0.34457325095802949,3,2,1
40,96,19,0.72490708177165941,5,4,1.4166666666666665
40,97,63,0.60503852777484068,4,4,0.20000000000000001
40,98,31,0.49035100619587546,4,4,0.14285714285714285
40,99,16,0.4877032102164916,4,3,0.32500000000000001
41,0,10,0.28154768786082807,2,2,1.6666666666666665
41,1,9,0.58126620320951194,4,4,0.2857142857142857
41,2,57,1.1430464482333162,7,7,0.16666666666666666
41,3,9,0.67673920493210538,4,4,1.3333333333333333
41,4,35,0.77636490679405123,6,5,0.10000000000000001
41,5,20,0.91711087650002332,6,6,0.47619047619047616
41,6,60,0.72338012177881827,4,4,0.33333333333333331
41,7,33,0.44779521629251862,3,3,0.5
41,8,24,0.28306463658701808,2,2,3.9916666666666671
41,9,43,0.50863076789310413,3,3,5.4162698412698411
41,10,41,0.19571562693666561,1,1,12.161507936507936
41,11,89,0.80667061665234852,5,5,0.1111111111111111
41,12,41,0.045115225587835102,1,1,0.20000000000000001
41,13,8,0.3731789207404631,3,3,0.10000000000000001
41,14,56,0.87028022833934826,6,6,0.53333333333333333
41,15,3,0.8589222641115053,5,5,0.33333333333333331
41,16,46,0.56272142015808024,4,4,2.0373015873015872
41,17,8,0.43478437924147373,3,3,0.1111111111111111
41,18,35,0.78837218136111242,6,5,0.1111111111111111
41,19,73,0.80477316132487586,5,5,2.6277777777777773
41,20,31,0.80197980375458588,5,5,2.6761904761904765
41,21,41,0.18460660491454492,1,1,0.16666666666666666
41,22,9,0.68179259913625789,4,4,0.33333333333333331
41,23,33,0.48133512539897738,3,3,0.65833333333333333
41,24,41,0.13431212303091736,1,1,4.4361111111111109
41,25,48,0.65802286792225062,4,4,0.1111111111111111
41,26,9,0.56115108850420825,4,4,0.125
41,27,9,0.70155079025542366,4,4,0.33333333333333331
41,28,70,0.55763589318290419,4,4,0.86666666666666659
41,29,63,0.72549805246720156,5,5,0.125
41,30,10,0.34279376891661728,2,2,4.3285714285714283
41,31,60,0.65711416947780443,4,4,2.961904761904762
41,32,30,0.43188996675855307,3,3,0.20000000000000001
41,33,94,0.30889724913604033,2,2,1.9083333333333332
41,34,35,0.86621205828417869,6,6,0.125
41,35,16,0.68029579698817122,5,5,1.9123015873015874
41,36,41,0.077688590653267608,1,1,0.1111111111111111
41,37,99,0.81477181553902167,5,5,0.125
41,38,28,0.74740683297276933,5,5,0.33333333333333331
41,39,60,0.67718404711472435,4,4,0.16666666666666666
41,40,94,0.28266401494321003,2,2,0.125
41,41,-1,0,0,0,29.774999999999995
41,42,87,0.83310119974502816,6,5,0.33333333333333331
41,43,10,0.30885629731896141,2,2,5.9162698412698411
41,44,35,0.78707359996760851,6,5,1
41,45,56,0.87965933103399729,6,6,0.20000000000000001
41,46,66,0.44192789633758667,3,3,7.4900793650793638
41,47,28,0.72664259143610965,5,5,0.16666666666666666
41,48,8,0.47730445705089947,3,3,1.7694444444444444
41,49,57,1.1187588951631682,7,7,0.5
41,50,9,0.61437876231431721,4,4,0.25
41,51,84,1.0256418549661903,7,7,1
41,52,9,0.60687900395762384,4,4,0.5
41,53,33,0.4232279098648154,3,3,0.20000000000000001
41,54,96,1.0729722934815031,7,7,1
41,55,8,0.45323556051012293,3,3,0.125
41,56,73,0.68647745360907653,5,5,1.0666666666666667
41,57,19,0.99818470023886485,6,6,1.0999999999999999
41,58,9,0.6203670899326329,4,4,0.5
41,59,70,0.62191358511494244,4,4,0.14285714285714285
41,60,30,0.54042735837941525,3,3,3.6285714285714286
41,61,35,0.81063954045066056,6,5,0.10000000000000001
41,62,35,0.8732273313578669,6,6,0.14285714285714285
41,63,93,0.53308170057410886,4,4,0.43611111111111112
41,64,76,0.8666518078845763,6,6,0.20000000000000001
41,65,57,1.0669687059164357,7,7,0.33333333333333331
41,66,94,0.30276740640012623,2,2,9.4162698412698393
41,67,24,0.28285126491822132,2,2,0.1111111111111111
41,68,0,0.47118961042258745,3,3,0.66666666666666663
41,69,41,0.089864512696458662,1,1,0.125
41,70,66,0.47481689781554243,3,3,1.176190476190476
41,71,68,0.56298617414207985,4,4,0.33333333333333331
41,72,33,0.40224950228192019,3,3,0.20000000000000001
41,73,46,0.62257311602367493,4,4,4.4527777777777766
41,74,8,0.40619706697165125,3,3,0.20000000000000001
41,75,83,0.77320989288141717,5,5,0.1111111111111111
41,76,73,0.81678034180776904,5,5,0.30000000000000004
41,77,14,0.9172544604582743,7,6,0.33333333333333331
41,78,28,0.75712026225982665,5,5,0.16666666666666666
41,79,9,0.67860748529492476,4,4,0.16666666666666666
41,80,96,1.0829922435416015,7,7,0.16666666666666666
41,81,48,0.61816605348966402,4,4,1.4583333333333333
41,82,66,0.3383400948164651,3,2,0.25
41,83,9,0.68523103335064139,4,4,0.27777777777777779
41,84,20,0.97185111714635997,6,6,1.1000000000000001
41,85,73,0.66361027038480813,5,4,0.33333333333333331
41,86,5,1.032318058234484,7,7,0.14285714285714285
41,87,81,0.68419930972279808,5,5,0.45833333333333331
41,88,20,0.96169039135121714,6,6,0.10000000000000001
41,89,9,0.64196385653688037,4,4,0.61111111111111116
41,90,1,0.77997028457092377,5,5,0.14285714285714285
41,91,33,0.3509866898995832,3,2,0.25
41,92,9,0.57182298322531422,4,4,0.20000000000000001
41,93,8,0.46656936900908541,3,3,1.4361111111111111
41,94,41,0.11678123939039844,1,1,11.574603174603173
41,95,41,0.1433656734000523,1,1,1
41,96,19,0.99677519499290645,6,6,1.4166666666666665
41,97,63,0.71304434648523152,5,5,0.20000000000000001
41,98,31,0.77187517008618722,5,5,0.14285714285714285
41,99,23,0.67364088571759362,4,4,0.32500000000000001
42,0,40,0.85146487458991726,6,6,1.6666666666666665
42,1,9,1.0893668342076837,7,7,0.14285714285714285
42,2,96,0.89600639215412903,6,6,0.16666666666666666
42,3,79,1.0674803786102633,8,6,1.1428571428571428
42,4,37,0.37747110559863634,2,2,1.9888888888888892
42,5,86,1.0127879037166203,7,7,0.33333333333333331
42,6,31,0.99369107621030439,7,6,0.66666666666666663
42,7,63,0.45251826903299641,3,3,1.2527777777777778
42,8,48,0.55003656315801019,4,3,2.2416666666666667
42,9,43,1.0167313988912758,6,6,1.3928571428571428
42,10,21,0.80428527899512769,6,5,0.25
42,11,83,1.3038033755599923,9,8,0.1111111111111111
42,12,24,0.80927439172080406,6,5,1.2
42,13,48,0.46949923227792489,4,3,0.21111111111111111
42,14,76,0.61040270033871591,4,4,1.9761904761904761
42,15,6,1.1701343527612735,8,7,0.33333333333333331
42,16,99,0.43880240217965577,3,3,1.2916666666666667
42,17,63,0.45878098557381641,3,3,0.1111111111111111
42,18,4,0.40285455638113926,3,3,0.1111111111111111
42,19,44,0.6191005875705986,4,4,0.1111111111111111
42,20,31,1.040991051858815,7,6,1
42,21,33,0.73272505046892689,5,5,0.41666666666666663
42,22,79,1.1404385688754872,8,7,0.33333333333333331
42,23,63,0.46695057158928294,3,3,0.33333333333333331
42,24,8,0.69878907671411095,5,4,1.9916666666666667
42,25,42,0.19553867959207877,1,1,0.1111111111111111
42,26,32,1.0192870099994791,6,6,0.125
42,27,60,1.0216095384615824,7,6,0.44444444444444442
42,28,73,0.69415909138105369,5,4,3.7317460317460318
42,29,42,0.11961713256237674,1,1,8.1678571428571409
42,30,82,0.78281247586527569,5,5,0.5
42,31,59,0.89612541758203357,6,5,2.1190476190476186
42,32,82,0.8307451821578975,5,5,0.52500000000000002
42,33,7,0.5914162361894747,4,4,0.75277777777777777
42,34,37,0.3523643813806191,2,2,0.26785714285714285
42,35,99,0.39598801761130092,3,3,7.1186507936507937
42,36,94,0.89389473692696642,6,5,0.1111111111111111
42,37,42,0.19461801700077141,1,1,7.707936507936509
42,38,78,0.64930758247465581,5,4,0.33333333333333331
42,39,31,0.91672858136448998,7,6,0.16666666666666666
42,40,66,0.73710936631918744,5,5,1.7916666666666665
42,41,24,0.83310119974502828,6,5,0.33333333333333331
42,42,-1,0,0,0,29.774999999999999
42,43,66,0.81695692831713318,5,5,1.8928571428571428
42,44,4,0.43801679460411613,3,3,1.7777777777777779
42,45,76,0.62342280804355621,4,4,0.20000000000000001
42,46,16,0.55959592600014929,4,4,1.1666666666666667
42,47,44,0.62872536333232476,4,4,0.16666666666666666
42,48,81,0.35579674269412881,3,2,2.8527777777777783
42,49,96,0.87956883785692153,6,6,0.5
42,50,9,1.122479393312489,7,7,0.25
42,51,57,0.92897491304346147,6,6,1
42,52,58,1.0515145422165262,8,7,0.5
42,53,63,0.48693930661585216,3,3,1.4749999999999999
42,54,96,0.82489464065623741,6,6,1
42,55,63,0.45059746611811502,3,3,0.125
42,56,35,0.58959645090278068,4,4,0.33333333333333331
42,57,14,0.78541819234289034,5,5,1.7761904761904761
42,58,60,1.0311202383995923,7,6,1
42,59,73,0.70459052020171897,5,4,2.2619047619047614
42,60,28,0.84331896653478777,6,5,3.5317460317460316
42,61,37,0.33155983770160036,2,2,5.3261904761904768
42,62,34,0.41064651181103107,3,3,0.14285714285714285
42,63,29,0.31203348445546941,2,2,8.0428571428571409
42,64,61,0.50443968984260645,3,3,2.9500000000000006
42,65,96,0.85417545754294821,6,6,0.33333333333333331
42,66,72,0.63477050628636278,4,4,4.1845238095238093
42,67,13,0.59545663129997872,5,4,0.1111111111111111
42,68,0,1.0411067971516765,7,7,0.66666666666666663
42,69,24,0.81411282001153595,6,5,0.125
42,70,46,0.6765206207355845,5,4,0.16666666666666666
42,71,68,1.1329033608711689,8,7,0.33333333333333331
42,72,63,0.50077516012957313,3,3,4.6345238095238095
42,73,35,0.55804219006604283,4,4,6.1186507936507937
42,74,48,0.45731141587181817,4,3,0.20000000000000001
42,75,27,1.1889299700575766,8,7,0.1111111111111111
42,76,61,0.48062813431784546,3,3,2.2761904761904761
42,77,64,0.5891932132779838,4,4,2.7500000000000004
42,78,44,0.63669852251279702,4,4,0.5
42,79,60,1.0291498111494199,7,6,1.9206349206349205
42,80,96,0.83491459071633567,6,6,0.16666666666666666
42,81,87,0.2149351462553642,2,2,4.8527777777777779
42,82,53,0.63139078313549812,4,4,1.2749999999999999
42,83,79,1.1393102112840647,8,7,0.27777777777777779
42,84,57,0.95563413577871115,6,6,0.20000000000000001
42,85,35,0.52704171024257418,4,3,0.33333333333333331
42,86,57,0.89758072198215955,6,6,0.47619047619047616
42,87,42,0.14890189002223012,1,1,4.9777777777777779
42,88,84,1.0800226285035586,7,7,0.10000000000000001
42,89,9,1.1500644875350521,7,7,0.5
42,90,3,1.2358276726549402,9,7,0.14285714285714285
42,91,72,0.56751927402483138,4,4,0.25
42,92,32,1.0054774408388925,6,6,0.20000000000000001
42,93,81,0.36930897061805656,3,2,1
42,94,33,0.78353224593511661,5,5,0.2361111111111111
42,95,12,0.97433982422988785,7,6,1
42,96,77,0.74869754216764073,5,5,2.416666666666667
42,97,42,0.15814360246699485,1,1,8.8103174603174601
42,98,31,1.0108864181904165,7,6,0.14285714285714285
42,99,97,0.29611990932562759,2,2,8.6103174603174608
43,0,43,0.056490385064695066,1,1,1.3333333333333333
43,1,9,0.27240990589055059,2,2,0.2857142857142857
43,2,51,0.89264022952561106,7,6,0.16666666666666666
43,3,9,0.36788290761314402,2,2,1.3333333333333333
43,4,85,0.60996584386415487,4,4,0.20000000000000001
43,5,20,0.61229567726600254,5,5,0.80952380952380953
43,6,60,0.41856492254479755,3,3,0.33333333333333331
43,7,66,0.36455493985022425,2,2,0.5
43,8,24,0.47341318261841092,3,3,0.25
43,9,43,0.19977447057414272,1,1,5.749603174603175
43,10,43,0.1131406703822958,1,1,2.1444444444444444
43,11,89,0.49781431933338705,3,3,0.1111111111111111
43,12,10,0.27431093361625869,2,2,0.32500000000000001
43,13,17,0.51817046773861786,4,3,0.10000000000000001
43,14,47,0.62870217282156049,4,4,0.20000000000000001
43,15,3,0.55006596679254394,3,3,0.33333333333333331
43,16,46,0.42056571814725358,3,3,0.78333333333333333
43,17,33,0.37247529324476109,3,2,1.411111111111111
43,18,85,0.60052313704727811,4,4,0.2361111111111111
43,19,47,0.55673839989219953,4,4,1.6277777777777775
43,20,31,0.4971646045205651,4,4,3.6761904761904765
43,21,43,0.15113428467757098,1,1,0.86111111111111105
43,22,9,0.37293630181729653,2,2,0.33333333333333331
43,23,82,0.37725160055194462,2,2,0.33333333333333331
43,24,21,0.32466066906231017,2,2,0.69444444444444442
43,25,63,0.69387099432578225,4,4,0.1111111111111111
43,26,9,0.25229479118524678,2,2,0.125
43,27,9,0.3926944929364623,2,2,0.33333333333333331
43,28,32,0.30330243811286983,2,2,3.7039682539682541
43,29,63,0.69733979575475635,4,4,0.45833333333333331
43,30,43,0.054738299292858152,1,1,3.003968253968254
43,31,60,0.35229897024378365,3,3,3.961904761904762
43,32,43,0.12684730308992395,1,1,8.5325396825396833
43,33,40,0.2270698389461373,2,2,1.836111111111111
43,34,18,0.70701992385525891,5,5,0.125
43,35,16,0.5381400949773445,4,4,0.33333333333333331
43,36,10,0.26684855061190516,2,2,1.1111111111111112
43,37,99,0.7043791408227098,5,4,0.125
43,38,28,0.49307337790273498,3,3,0.33333333333333331
43,39,60,0.37236884788070357,3,3,0.16666666666666666
43,40,43,0.08030253495754662,1,1,2.2111111111111112
43,41,10,0.30885629731896141,2,2,0.33333333333333331
43,42,29,0.81695692831713307,5,5,0.33333333333333331
43,43,-1,0,0,0,29.608333333333334
43,44,85,0.56518825641703496,4,4,1.1428571428571428
43,45,47,0.63547048166011666,4,4,0.20000000000000001
43,46,82,0.29977219432676006,2,2,1.7833333333333332
43,47,28,0.47230913636607535,3,3,2.5277777777777777
43,48,55,0.52032972606765204,4,3,0.20000000000000001
43,49,84,0.86637210840376266,6,6,0.5
43,50,9,0.30552246499535585,2,2,0.25
43,51,84,0.72082665573216953,6,6,1.1666666666666667
43,52,9,0.29802270663866243,2,2,0.5
43,53,66,0.33356069045011216,2,2,0.20000000000000001
43,54,96,0.8249375320488268,6,6,1
43,55,33,0.37204504176893782,3,2,0.32500000000000001
43,56,28,0.45662007667327209,3,3,0.33333333333333331
43,57,19,0.75014993880618852,5,5,0.10000000000000001
43,58,9,0.31151079261367154,2,2,0.5
43,59,28,0.36772004568513084,3,3,0.14285714285714285
43,60,32,0.23561215914539452,2,2,4.628571428571429
43,61,4,0.66566758443732199,5,4,0.10000000000000001
43,62,44,0.6850536007359298,5,5,0.14285714285714285
43,63,72,0.50492344386166366,3,3,2.0055555555555555
43,64,76,0.63957426638231818,5,4,0.20000000000000001
43,65,86,0.81357097746753393,7,6,0.33333333333333331
43,66,43,0.18218642203077035,1,1,3.4055555555555559
43,67,24,0.47319981094961416,3,3,0.1111111111111111
43,68,0,0.24613230762645441,2,2,0.33333333333333331
43,69,12,0.38630422120969393,3,3,0.125
43,70,30,0.23753789965966354,2,2,2.503968253968254
43,71,9,0.32521515796394806,2,2,0.33333333333333331
43,72,66,0.31618176818755994,2,2,2.2055555555555557
43,73,70,0.39549557452141682,3,3,0.42500000000000004
43,74,17,0.5431088592899288,4,3,0.20000000000000001
43,75,83,0.46435359556245576,3,3,0.1111111111111111
43,76,73,0.58970280030551092,4,4,0.30000000000000004
43,77,47,0.66975499270139816,4,4,0.33333333333333331
43,78,28,0.5027868071897923,3,3,0.16666666666666666
43,79,9,0.36975118797596335,2,2,0.16666666666666666
43,80,96,0.83495748210892506,6,6,0.16666666666666666
43,81,63,0.65121927633061605,4,4,1
43,82,43,0.19060786322613091,1,1,2.3666666666666663
43,83,9,0.37637473603167998,2,2,0.27777777777777779
43,84,20,0.66703591791233929,5,5,1.7666666666666666
43,85,70,0.43478715707324583,3,3,1.9123015873015872
43,86,5,0.72750285900046319,6,6,0.47619047619047616
43,87,63,0.69787822535190847,4,4,0.125
43,88,20,0.65687519211719636,5,5,0.10000000000000001
43,89,9,0.3331075592179189,2,2,0.61111111111111116
43,90,1,0.47111398725196241,3,3,0.14285714285714285
43,91,40,0.25159125230623569,2,2,0.25
43,92,9,0.26296668590635275,2,2,0.20000000000000001
43,93,17,0.50746541704917736,4,3,1
43,94,10,0.20589677639706536,2,2,0.125
43,95,36,0.35055444767988364,3,3,1
43,96,19,0.74874043356023012,5,5,1.4166666666666665
43,97,63,0.68488608977278631,4,4,0.20000000000000001
43,98,31,0.46705997085216644,4,3,0.14285714285714285
43,99,16,0.56324821100128175,4,3,0.32500000000000001
44,0,30,0.62081045094761733,4,4,1.3333333333333333
44,1,92,0.735057392722267,5,5,0.14285714285714285
44,2,96,0.4807841342142507,3,3,0.16666666666666666
44,3,79,0.67727423731702963,5,4,1.1428571428571428
44,4,44,0.060545689005479776,1,1,0.55833333333333335
44,5,86,0.58452326417619638,4,4,0.33333333333333331
44,6,31,0.58854669928434911,4,4,0.77777777777777768
44,7,16,0.40966107269972457,3,3,0.59999999999999998
44,8,55,0.60701338086161072,5,4,0.69444444444444442
44,9,92,0.70459054641028818,5,5,0.5
44,10,40,0.6314599213747506,4,4,0.25
44,11,83,0.91359723426675876,6,6,0.1111111111111111
44,12,94,0.7451119520302063,6,5,0.20000000000000001
44,13,7,0.59457075399428316,4,4,0.10000000000000001
44,14,44,0.18213806079829203,1,1,2.3095238095238098
44,15,6,0.76498997583531825,5,5,0.33333333333333331
44,16,35,0.22435217980952823,2,2,8.0611111111111118
44,17,23,0.45553804104020901,4,3,0.1111111111111111
44,18,44,0.040310638820026792,1,1,0.1111111111111111
44,19,44,0.18108379296648253,1,1,0.1111111111111111
44,20,31,0.63584667493285973,4,4,1
44,21,66,0.60840314315130684,5,4,0.27777777777777779
44,22,79,0.75023242758225361,5,5,0.33333333333333331
44,23,16,0.32704928322235371,3,2,2.7749999999999999
44,24,8,0.75576589441771147,6,5,0.33333333333333331
44,25,97,0.51002823763708727,3,3,0.1111111111111111
44,26,92,0.65664758094686848,5,4,0.125
44,27,60,0.63140339716834881,4,4,0.33333333333333331
44,28,85,0.30676800664156062,2,2,0.40000000000000002
44,29,97,0.39804003926954123,3,3,0.125
44,30,70,0.51044995712417685,3,3,2.333333333333333
44,31,59,0.49098104065607828,3,3,2.2301587301587298
44,32,28,0.48322314166450653,3,3,0.20000000000000001
44,33,46,0.48196844082836326,4,3,0.10000000000000001
44,34,44,0.14545186213880801,1,1,0.125
44,35,44,0.10677780297943727,1,1,8.3944444444444457
44,36,21,0.78045562632397569,6,5,0.1111111111111111
44,37,4,0.24339877760334469,2,2,0.45833333333333331
44,38,78,0.21129078787053973,2,2,0.33333333333333331
44,39,31,0.5115842044385347,4,4,0.16666666666666666
44,40,70,0.52430044771430895,3,3,0.375
44,41,94,0.78707359996760839,6,5,0.33333333333333331
44,42,37,0.43801679460411613,3,3,0.33333333333333331
44,43,30,0.56518825641703496,4,4,0.5
44,44,-1,0,0,0,29.108333333333334
44,45,44,0.19548103679159798,1,1,2.2833333333333332
44,46,16,0.34514570363002178,3,2,4.1611111111111114
44,47,44,0.19070856872820866,1,1,0.16666666666666666
44,48,93,0.53506930242428119,5,4,0.20000000000000001
44,49,96,0.46434657991704331,3,3,0.5
44,50,92,0.78316707773648664,5,5,0.25
44,51,57,0.50071027350303754,3,3,1
44,52,58,0.66130840092329246,5,5,0.5
44,53,16,0.38217481039162204,3,3,0.20000000000000001
44,54,96,0.40967238271635914,3,3,1
44,55,23,0.43684245693850582,4,3,1.0194444444444444
44,56,44,0.16445364939168117,1,1,8.1781746031746021
44,57,14,0.35715355280246641,2,2,2.1095238095238096
44,58,60,0.64091409710635872,4,4,1.5
44,59,56,0.29944614327576369,2,2,7.8448412698412691
44,60,59,0.45311282524155422,3,3,5.4718253968253965
44,61,44,0.11475133128154795,1,1,0.10000000000000001
44,62,44,0.1198653443188948,1,1,0.14285714285714285
44,63,23,0.48196637035616724,4,3,0.1111111111111111
44,64,44,0.10415528875612734,1,1,0.20000000000000001
44,65,57,0.42593755848003717,3,3,0.33333333333333331
44,66,46,0.48430619356748217,4,3,2.5611111111111109
44,67,8,0.66180405381087148,6,5,0.1111111111111111
44,68,0,0.81045237350937671,5,5,0.33333333333333331
44,69,94,0.85358214666552523,6,5,0.125
44,70,85,0.32765035675737142,2,2,2.8749999999999996
44,71,92,0.8300309703048121,5,5,0.33333333333333331
44,72,16,0.40466750560007025,3,3,0.20000000000000001
44,73,44,0.17142457910075268,1,1,0.125
44,74,55,0.6183788154825034,5,4,0.20000000000000001
44,75,6,0.78518590020258849,5,5,0.1111111111111111
44,76,44,0.057009110017556971,1,1,0.10000000000000001
44,77,44,0.1791220513882244,1,1,0.33333333333333331
44,78,44,0.19868172790868091,1,1,0.5
44,79,60,0.63894366985618634,4,4,1.9206349206349205
44,80,96,0.41969233277645746,3,3,0.16666666666666666
44,81,97,0.49328472968383863,3,3,1
44,82,46,0.4543100347306509,4,3,0.25
44,83,79,0.74910406999083123,5,5,0.27777777777777779
44,84,57,0.52736949623828722,3,3,0.20000000000000001
44,85,44,0.13040109934378916,1,1,3.6083333333333329
44,86,57,0.46931608244173567,3,3,0.47619047619047616
44,87,97,0.46674578900286884,3,3,0.125
44,88,84,0.65175798896313464,4,4,0.10000000000000001
44,89,58,0.77722410222406391,5,5,0.5
44,90,3,0.84562153136170648,6,5,0.14285714285714285
44,91,46,0.44272943325082981,4,3,0.25
44,92,60,0.64139833107807809,4,4,1.5511904761904762
44,93,23,0.52140274135426512,4,3,1.2
44,94,66,0.67029236057720998,5,4,1.7833333333333332
44,95,94,0.86152719789751453,6,5,1
44,96,45,0.33347528422776246,2,2,2.083333333333333
44,97,99,0.33191177918220877,2,2,1.5611111111111111
44,98,31,0.60574204126446107,4,4,0.14285714285714285
44,99,44,0.19393547232357602,1,1,1.7611111111111111
45,0,32,0.6890212259155184,4,4,1.3333333333333333
45,1,92,0.72377910254232647,5,5,0.14285714285714285
45,2,96,0.2853030974226527,2,2,0.16666666666666666
45,3,79,0.66599594713708921,5,4,1.1428571428571428
45,4,76,0.24715287623085735,2,2,0.10000000000000001
45,5,86,0.389519216905863,3,3,0.33333333333333331
45,6,31,0.57726840910440858,4,4,0.77777777777777768
45,7,16,0.5806984225161621,4,4,0.59999999999999998
45,8,55,0.7780507306780482,6,5,0.3611111111111111
45,9,92,0.69331225623034765,5,5,0.5
45,10,40,0.7187966035319876,5,5,0.3611111111111111
45,11,83,0.90231894408681834,6,6,0.1111111111111111
45,12,94,0.8376976830965952,6,6,0.20000000000000001
45,13,7,0.76560810381072075,5,5,0.10000000000000001
45,14,45,0.013417924809328642,1,1,0.20000000000000001
45,15,6,0.75371168565537772,5,5,0.33333333333333331
45,16,85,0.39538952962596574,3,3,3.1666666666666665
45,17,23,0.62657539085664649,5,4,0.1111111111111111
45,18,76,0.22180377820154754,2,2,0.1111111111111111
45,19,45,0.079166516677356996,1,1,3.6111111111111112
45,20,84,0.50223676235972792,3,3,1
45,21,66,0.70098887421769573,5,5,0.5
45,22,79,0.73895413740231319,5,5,0.33333333333333331
45,23,16,0.49808663303879119,4,3,2.4416666666666664
45,24,21,0.87451525860243495,6,6,0.33333333333333331
45,25,97,0.70550927442868527,4,4,0.1111111111111111
45,26,92,0.64536929076692795,5,4,0.125
45,27,60,0.62012510698840828,4,4,0.33333333333333331
45,28,47,0.33216804354724683,2,2,3.3861111111111111
45,29,97,0.59352107606113913,4,4,0.125
45,30,32,0.59771937641212847,4,4,0.5
45,31,59,0.47970275047613775,3,3,1.23015873015873
45,32,28,0.50862317857019268,3,3,2.5333333333333332
45,33,46,0.57455417189475211,4,4,0.10000000000000001
45,34,64,0.2866486084452583,2,2,0.125
45,35,44,0.30225883977103524,2,2,0.33333333333333331
45,36,10,0.87250448376159695,6,6,0.1111111111111111
45,37,61,0.42880479104278479,3,3,0.45833333333333331
45,38,45,0.14541021856011574,1,1,7.1781746031746021
45,39,31,0.50030591425859416,4,4,0.16666666666666666
45,40,70,0.61163712987154595,4,4,0.4861111111111111
45,41,94,0.87965933103399729,6,6,0.33333333333333331
45,42,37,0.62342280804355621,4,4,0.33333333333333331
45,43,32,0.63547048166011666,4,4,0.5
45,44,45,0.19548103679159798,1,1,3.0944444444444446
45,45,-1,0,0,0,29.908333333333324
45,46,73,0.43773143469641063,3,3,4.7833333333333332
45,47,45,0.1631613452940413,1,1,3.5527777777777776
45,48,93,0.70610665224071867,6,5,0.20000000000000001
45,49,96,0.26886554312544531,2,2,0.5
45,50,92,0.77188878755654611,5,5,0.25
45,51,57,0.30570622623270416,2,2,1
45,52,58,0.65003011074335193,5,5,0.5
45,53,46,0.54655831020055312,4,4,0.20000000000000001
45,54,96,0.21419134592476116,2,2,1
45,55,23,0.60787980675494335,5,4,0.68611111111111112
45,56,45,0.19318187742492074,1,1,5.2416666666666663
45,57,45,0.16214950553213303,1,1,3.10952380952381
45,58,60,0.62963580692641818,4,4,1.5
45,59,38,0.28816785309582316,2,2,6.8448412698412691
45,60,59,0.44183453506161369,3,3,5.4718253968253965
45,61,76,0.29186297034195585,2,2,0.55833333333333335
45,62,64,0.23137456365891498,2,2,0.14285714285714285
45,63,23,0.65300372017260466,5,4,0.1111111111111111
45,64,45,0.1191743832436117,1,1,0.46785714285714286
45,65,57,0.23093351120970379,2,2,0.33333333333333331
45,66,46,0.57689192463387107,4,4,2.7833333333333332
45,67,8,0.83284140362730896,7,6,0.1111111111111111
45,68,0,0.87866314847727778,5,5,0.33333333333333331
45,69,94,0.94616787773191413,6,6,0.125
45,70,28,0.41498703891460853,3,3,0.65277777777777779
45,71,92,0.81875268012487157,5,5,0.33333333333333331
45,72,46,0.55500670996660084,4,4,0.20000000000000001
45,73,56,0.25708621501032236,2,2,4.9083333333333332
45,74,55,0.78941616529894099,6,5,0.20000000000000001
45,75,6,0.77390761002264807,5,5,0.1111111111111111
45,76,45,0.14279467372571078,1,1,0.86944444444444446
45,77,45,0.049927240130849107,1,1,0.33333333333333331
45,78,45,0.13409788629912542,1,1,0.16666666666666666
45,79,60,0.62766537967624592,4,4,1.9206349206349205
45,80,96,0.22421129598485945,2,2,0.16666666666666666
45,81,97,0.68876576647543652,4,4,1
45,82,46,0.5468957657970398,4,4,0.25
45,83,79,0.73782577981089081,5,5,0.27777777777777779
45,84,57,0.33236544896795384,2,2,1.2000000000000002
45,85,19,0.24663822795912055,2,2,3.5
45,86,57,0.27431203517140229,2,2,0.47619047619047616
45,87,97,0.66222682579446679,4,4,0.125
45,88,84,0.45675394169280131,3,3,0.10000000000000001
45,89,58,0.76594581204412338,5,5,0.5
45,90,3,0.83434324118176606,6,5,0.14285714285714285
45,91,46,0.53531516431721859,4,4,0.25
45,92,60,0.63012004089813756,4,4,1.5511904761904762
45,93,23,0.6924400911707026,5,4,1.2
45,94,66,0.76287809164359888,5,5,1.7833333333333332
45,95,94,0.95411292896390343,6,6,1
45,96,45,0.13799424743616448,1,1,2.083333333333333
45,97,99,0.52739281597380672,3,3,1.5611111111111111
45,98,31,0.59446375108452054,4,4,0.14285714285714285
45,99,44,0.389416509115174,2,2,1.7611111111111111
46,0,40,0.33858270181269973,3,3,1.6666666666666665
46,1,26,0.54502758115972683,4,4,0.14285714285714285
46,2,57,0.70111855189572958,4,4,0.16666666666666666
46,3,79,0.52768701154604247,4,4,1.1428571428571428
46,4,35,0.33443701045646451,3,3,0.10000000000000001
46,5,20,0.68020911759117497,5,5,0.33333333333333331
46,6,60,0.48647836286996998,3,3,0.66666666666666663
46,7,46,0.15380694918391866,1,1,0.69999999999999996
46,8,17,0.34469354870970514,2,2,0.3611111111111111
46,9,43,0.49954666490090277,3,3,0.5
46,10,66,0.31635257239279158,2,2,0.25
46,11,83,0.7640100084957715,5,5,0.1111111111111111
46,12,94,0.39996624840018441,3,3,0.20000000000000001
46,13,55,0.33785355789134874,2,2,0.10000000000000001
46,14,56,0.42835233200176159,3,3,0.53333333333333333
46,15,6,0.66292163942093918,4,4,0.33333333333333331
46,16,46,0.12079352382049353,1,1,2.8956349206349206
46,17,46,0.19297380605524944,1,1,0.47222222222222221
46,18,35,0.34644428502352564,3,3,0.1111111111111111
46,19,73,0.3628452649872892,2,2,3.8706349206349207
46,20,31,0.56507804484573754,4,4,1.4333333333333333
46,21,66,0.26325743952128511,2,2,0.61111111111111116
46,22,79,0.60064520181126646,4,4,0.33333333333333331
46,23,46,0.10970465094852036,1,1,1.8055555555555556
46,24,21,0.43678382390602427,3,3,0.33333333333333331
46,25,63,0.45356928854645251,3,3,0.1111111111111111
46,26,32,0.46632266907185327,3,3,0.51785714285714279
46,27,60,0.48181617139736155,3,3,0.44444444444444442
46,28,46,0.18815310766030721,1,1,0.34285714285714286
46,29,63,0.45703808997542661,3,3,0.125
46,30,82,0.26058602383040669,2,2,0.5
46,31,60,0.42021241056895609,3,3,1.7190476190476189
46,32,70,0.27778084123027164,2,2,1.9178571428571427
46,33,46,0.13682273719834148,1,1,0.10000000000000001
46,34,35,0.42428416194659191,3,3,0.125
46,35,16,0.2383679006505845,2,2,1.9123015873015874
46,36,21,0.43530992269395402,3,3,0.1111111111111111
46,37,99,0.40460694649594975,3,3,0.125
46,38,73,0.32690532384183052,2,2,0.33333333333333331
46,39,60,0.440282288205876,3,3,0.16666666666666666
46,40,82,0.2242271935419699,2,2,1.7916666666666665
46,41,94,0.44192789633758656,3,3,0.33333333333333331
46,42,97,0.55959592600014929,4,4,0.33333333333333331
46,43,82,0.29977219432676006,2,2,1
46,44,35,0.34514570363002178,3,2,1
46,45,56,0.43773143469641063,3,3,0.20000000000000001
46,46,-1,0,0,0,29.108333333333334
46,47,73,0.29430177085658488,2,2,0.16666666666666666
46,48,7,0.31549755801284463,2,2,0.20000000000000001
46,49,57,0.67683099882558151,4,4,0.5
46,50,26,0.59287391799613365,4,4,0.25
46,51,57,0.69981352460184931,4,4,1
46,52,92,0.50815158721172504,4,4,0.5
46,53,46,0.10882687550414255,1,1,1.2
46,54,96,0.63104439714391636,4,4,1
46,55,46,0.17891667356367877,1,1,0.42500000000000004
46,56,73,0.24454955727148986,2,2,1.0666666666666667
46,57,19,0.55625680390127819,3,3,2.342857142857143
46,58,60,0.49132687133537145,3,3,0.5
46,59,28,0.25257071523256824,2,2,0.14285714285714285
46,60,70,0.30352559947056695,2,2,5.5841269841269829
46,61,35,0.36871164411307389,3,3,0.10000000000000001
46,62,35,0.43129943502028012,3,3,0.14285714285714285
46,63,23,0.26462173808233391,2,2,1.4722222222222223
46,64,76,0.42472391154698963,3,3,0.20000000000000001
46,65,57,0.62504080957884889,4,4,0.33333333333333331
46,66,46,0.13916048993746041,1,1,3.1444444444444444
46,67,8,0.39948422165896591,3,3,0.1111111111111111
46,68,0,0.52822462437445905,4,4,0.66666666666666663
46,69,94,0.50843644303550339,3,3,0.125
46,70,46,0.11692469473543526,1,1,7.6686507936507926
46,71,68,0.62002118809395146,5,4,0.33333333333333331
46,72,46,0.11727527527019017,1,1,0.20000000000000001
46,73,46,0.18064521968608824,1,1,6.3623015873015873
46,74,55,0.36045303210767637,2,2,0.20000000000000001
46,75,27,0.64913660299335574,4,4,0.1111111111111111
46,76,73,0.37485244547018237,2,2,0.30000000000000004
46,77,14,0.47532656412068763,4,3,0.33333333333333331
46,78,73,0.32824352814405222,2,2,0.16666666666666666
46,79,60,0.48935644408519913,3,3,1.9206349206349205
46,80,96,0.64106434720401462,4,4,0.16666666666666666
46,81,63,0.4109175705512863,3,3,1
46,82,46,0.10916433110062913,1,1,3.5416666666666665
46,83,79,0.59951684421984397,4,4,0.27777777777777779
46,84,57,0.72647274733709899,4,4,0.10000000000000001
46,85,73,0.22168237404722144,2,2,0.33333333333333331
46,86,57,0.66841933354054739,4,4,0.14285714285714285
46,87,63,0.45757651957257872,3,3,0.125
46,88,20,0.7247886324423688,5,5,0.10000000000000001
46,89,92,0.60043000550323988,4,4,0.5
46,90,3,0.69603430559071933,5,5,0.14285714285714285
46,91,46,0.097583729620807996,1,1,0.25
46,92,32,0.45251309991126654,3,3,1.2
46,93,53,0.30204947808239502,2,2,1
46,94,66,0.32514665694718814,2,2,1.7833333333333332
46,95,94,0.51638149426749269,3,3,1
46,96,19,0.55484729865531968,3,3,1.4166666666666665
46,97,99,0.40145232353315441,3,3,0.53333333333333333
46,98,31,0.53497341117733888,4,4,0.14285714285714285
46,99,16,0.2634760166745217,2,2,0.85833333333333339
47,0,32,0.52585988062147715,3,3,1.3333333333333333
47,1,92,0.56622605668574655,4,4,0.14285714285714285
47,2,57,0.42270255043456456,3,3,0.16666666666666666
47,3,79,0.50844290128050917,4,3,1.1428571428571428
47,4,44,0.25125425773368842,2,2,0.55833333333333335
47,5,86,0.50521051381384308,4,4,0.33333333333333331
47,6,31,0.4197153632478286,3,3,0.77777777777777768
47,7,46,0.44810872004050351,3,3,0.5
47,8,17,0.63899531956628997,4,4,0.3611111111111111
47,9,92,0.53575921037376772,4,4,0.5
47,10,40,0.55563525823794646,4,4,1.3611111111111112
47,11,83,0.74476589823023831,5,5,0.1111111111111111
47,12,94,0.68468094349870756,5,5,0.20000000000000001
47,13,55,0.63215532874793356,4,4,0.10000000000000001
47,14,47,0.15639303645548508,1,1,0.20000000000000001
47,15,6,0.5961586397987978,4,4,0.33333333333333331
47,16,73,0.26397901643129912,2,2,1.7694444444444444
47,17,46,0.48727557691183432,3,3,0.47222222222222221
47,18,44,0.23101920754823546,2,2,0.1111111111111111
47,19,47,0.084429263526124204,1,1,4.3039682539682538
47,20,31,0.46701533889633928,3,3,1
47,21,82,0.54642157042838335,4,4,0.5
47,22,79,0.58140109154573327,4,4,0.33333333333333331
47,23,16,0.36667611984412457,3,3,1.6444444444444444
47,24,21,0.71994795481312246,5,5,0.33333333333333331
47,25,97,0.66082539267070628,5,4,0.1111111111111111
47,26,92,0.48781624491034803,4,3,0.125
47,27,60,0.4625720611318283,3,3,0.33333333333333331
47,28,47,0.16900669825320552,1,1,6.4194444444444443
47,29,97,0.54883719430316014,5,4,0.125
47,30,32,0.43455803111808722,3,3,0.5
47,31,59,0.32214970461955778,2,2,2.2301587301587298
47,32,28,0.34546183327615143,2,2,2.5333333333333332
47,33,46,0.43112450805492636,3,3,0.10000000000000001
47,34,44,0.33616043086701664,2,2,0.125
47,35,56,0.24486451907152168,2,2,2.0944444444444446
47,36,10,0.70934313846755581,5,5,1.1111111111111112
47,37,4,0.43410734633155335,3,3,0.45833333333333331
47,38,47,0.032609890649370345,1,1,0.33333333333333331
47,39,31,0.34275286840201419,3,3,0.16666666666666666
47,40,70,0.44847578457750475,3,3,1.4861111111111112
47,41,94,0.72664259143610965,5,5,0.33333333333333331
47,42,37,0.62872536333232476,4,4,0.33333333333333331
47,43,32,0.47230913636607541,3,3,0.5
47,44,47,0.19070856872820866,1,1,1.8944444444444446
47,45,47,0.1631613452940413,1,1,0.20000000000000001
47,46,73,0.29430177085658488,2,2,3.1472222222222226
47,47,-1,0,0,0,29.941666666666663
47,48,93,0.57469613904605199,5,4,0.20000000000000001
47,49,57,0.39841499736441655,3,3,0.5
47,50,92,0.61433574169996619,4,4,0.25
47,51,57,0.42139752314068435,3,3,1
47,52,58,0.49247706488677201,4,4,0.5
47,53,46,0.40312864636072743,3,3,0.20000000000000001
47,54,96,0.35262839568275139,3,3,1
47,55,46,0.47321844442026362,3,3,0.42500000000000004
47,56,47,0.051256085780041961,1,1,2.427777777777778
47,57,19,0.27784080244011317,2,2,2.7761904761904765
47,58,60,0.47208276106983826,3,3,1.5
47,59,47,0.13061480723924321,1,1,7.8448412698412691
47,60,59,0.28428148920503371,2,2,5.4718253968253965
47,61,44,0.30545990000975659,2,2,0.10000000000000001
47,62,76,0.29385377007459484,2,2,0.14285714285714285
47,63,23,0.5215932069779381,4,4,0.1111111111111111
47,64,78,0.22727184030144479,2,2,0.20000000000000001
47,65,57,0.34662480811768392,3,3,0.33333333333333331
47,66,70,0.42387518503598348,3,3,1.2833333333333332
47,67,8,0.69378599251555073,5,5,0.1111111111111111
47,68,0,0.71550180318323653,4,4,0.33333333333333331
47,69,94,0.79315113813402649,5,5,0.125
47,70,28,0.25182569362056728,2,2,3.6861111111111109
47,71,92,0.66119963426829165,4,4,0.33333333333333331
47,72,46,0.41157704612677504,3,3,0.20000000000000001
47,73,47,0.11365655117049663,1,1,5.041666666666667
47,74,55,0.65475480296426125,4,4,0.20000000000000001
47,75,6,0.61635456416606804,4,4,0.1111111111111111
47,76,47,0.17837958484835933,1,1,0.24285714285714285
47,77,47,0.19744585633532277,1,1,0.33333333333333331
47,78,47,0.035501432211625161,1,1,0.3666666666666667
47,79,60,0.47011233381966588,3,3,1.9206349206349205
47,80,96,0.36264834574284971,3,3,0.16666666666666666
47,81,97,0.64408188471745753,5,4,1
47,82,70,0.38966189133619555,3,3,0.75
47,83,79,0.58027273395431078,4,4,0.27777777777777779
47,84,57,0.44805674587593403,3,3,0.20000000000000001
47,85,47,0.11571147601871562,1,1,0.33333333333333331
47,86,57,0.39000333207938243,3,3,0.47619047619047616
47,87,97,0.6175429440364878,5,4,0.125
47,88,84,0.57244523860078145,4,4,0.10000000000000001
47,89,58,0.60839276618754345,4,4,0.5
47,90,3,0.67679019532518603,5,4,0.14285714285714285
47,91,46,0.3918855004773929,3,3,0.25
47,92,60,0.47256699504155764,3,3,1.5511904761904762
47,93,23,0.56102957797603592,4,4,1.2
47,94,66,0.60986135204571124,4,4,0.78333333333333321
47,95,36,0.7930490355355343,6,5,1
47,96,19,0.27643129719415471,2,2,1.4166666666666665
47,97,99,0.48270893421582772,4,3,1.5611111111111111
47,98,31,0.43691070522794057,3,3,0.14285714285714285
47,99,35,0.34473262735719501,3,2,1.7611111111111111
48,0,40,0.55438269938083529,4,4,1.6666666666666665
48,1,9,0.79273963195820252,6,5,0.14285714285714285
48,2,57,0.96521342247180197,7,6,0.16666666666666666
48,3,92,0.8424881280590204,5,5,1
48,4,35,0.52436060925072392,5,4,0.10000000000000001
48,5,20,0.9957066756040196,7,7,0.33333333333333331
48,6,60,0.80197592088281455,5,5,0.66666666666666663
48,7,48,0.16169060882892597,1,1,9.2075396825396822
48,8,48,0.19423982046388139,1,1,2.4777777777777779
48,9,43,0.7201041966417947,5,4,1.503968253968254
48,10,21,0.50612892992716774,4,3,0.25
48,11,89,1.0181440454010391,7,6,0.1111111111111111
48,12,24,0.45347764902667531,3,3,1.2
48,13,48,0.11370248958379608,1,1,0.21111111111111111
48,14,19,0.70075617553004943,6,5,0.20000000000000001
48,15,6,0.97841919743378369,6,6,0.33333333333333331
48,16,23,0.31071712261475293,3,2,8.0317460317460316
48,17,48,0.14824372802374208,1,1,0.1111111111111111
48,18,35,0.53636788381778511,5,4,0.1111111111111111
48,19,85,0.62694013556336159,5,4,4.2706349206349206
48,20,31,0.88057560285858216,6,6,1.4333333333333333
48,21,33,0.43456870140096687,3,3,0.41666666666666663
48,22,92,0.87287914325123173,5,5,0.47619047619047616
48,23,93,0.20802001920192748,2,2,8.3650793650793656
48,24,8,0.34299233401998214,2,2,2.2277777777777779
48,25,48,0.1807184108713511,1,1,0.1111111111111111
48,26,32,0.73142042488273318,4,4,0.125
48,27,60,0.79731372941020617,5,5,0.33333333333333331
48,28,46,0.50365066567315186,3,3,0.34285714285714286
48,29,63,0.257651115517188,2,2,0.125
48,30,66,0.49139730488365507,3,3,0.5
48,31,60,0.73570996858180071,5,5,1.7190476190476189
48,32,82,0.5428785970411516,3,3,3.2789682539682543
48,33,55,0.29325988712151474,2,2,4.3123015873015875
48,34,37,0.54240377551105201,4,4,0.26785714285714285
48,35,16,0.4282914994448439,4,3,2.1777777777777776
48,36,24,0.53813481692845677,3,3,0.1111111111111111
48,37,97,0.38465741113120433,3,3,0.49285714285714288
48,38,85,0.60635218667169299,5,4,0.33333333333333331
48,39,60,0.75577984621872063,5,5,0.16666666666666666
48,40,33,0.44002719111010546,3,3,3.7956349206349205
48,41,24,0.47730445705089952,3,3,0.33333333333333331
48,42,87,0.35579674269412886,3,2,0.33333333333333331
48,43,40,0.52032972606765204,4,3,2.003968253968254
48,44,35,0.53506930242428119,5,4,1.2
48,45,19,0.70610665224071856,6,5,0.20000000000000001
48,46,7,0.31549755801284463,2,2,4.7285714285714286
48,47,73,0.5746961390460521,5,4,0.16666666666666666
48,48,-1,0,0,0,29.908333333333331
48,49,57,0.9409258694016539,7,6,0.5
48,50,9,0.82585219106300778,6,5,0.25
48,51,57,0.96390839517792171,7,6,1
48,52,92,0.77324934302260506,5,5,0.61111111111111116
48,53,93,0.20688916364826854,2,2,0.20000000000000001
48,54,96,0.89513926771998875,7,6,1
48,55,48,0.14828468429871422,1,1,5.4373015873015875
48,56,73,0.52494392546095703,5,4,0.33333333333333331
48,57,19,0.82035167447735058,6,5,2.342857142857143
48,58,92,0.77696651341730072,5,5,0.5
48,59,28,0.56806827324541287,4,4,0.14285714285714285
48,60,70,0.61902315748341152,4,4,3.2190476190476192
48,61,37,0.52159923183203327,4,4,0.10000000000000001
48,62,34,0.60068590594146398,5,4,0.14285714285714285
48,63,48,0.065234763624095318,1,1,1.128968253968254
48,64,44,0.63922459118040853,6,5,0.20000000000000001
48,65,57,0.88913568015492128,7,6,0.33333333333333331
48,66,55,0.3395395005318203,2,2,1
48,67,13,0.23965988860584986,2,2,0.1111111111111111
48,68,0,0.74402462194259467,5,5,0.66666666666666663
48,69,24,0.45831607731740709,3,3,0.125
48,70,46,0.43242225274827989,3,3,3.3857142857142857
48,71,68,0.83582118566208707,6,5,0.33333333333333331
48,72,7,0.21152576001358614,2,2,0.20000000000000001
48,73,16,0.46103958787555543,4,3,0.625
48,74,48,0.10151467317768935,1,1,0.20000000000000001
48,75,52,0.95871656497590829,6,6,0.1111111111111111
48,76,35,0.59168737308992181,5,4,0.43333333333333335
48,77,76,0.71406128633306343,6,5,0.33333333333333331
48,78,85,0.60415836890278518,5,4,0.16666666666666666
48,79,60,0.8048540020980437,5,5,0.16666666666666666
48,80,96,0.90515921778008701,7,6,0.16666666666666666
48,81,48,0.14086159643876461,1,1,1.4583333333333333
48,82,7,0.34352419801875222,2,2,3.5289682539682543
48,83,92,0.87517641989528039,5,5,0.16666666666666666
48,84,57,0.99056761791317138,7,6,0.10000000000000001
48,85,16,0.45946842428159806,4,3,5.1039682539682536
48,86,57,0.93251420411661978,7,6,0.14285714285714285
48,87,81,0.20689485267189872,2,2,0.45833333333333331
48,88,20,1.0402861904552134,7,7,0.10000000000000001
48,89,9,0.85343728528557095,6,5,0.61111111111111116
48,90,22,0.97913648612474746,6,6,0.14285714285714285
48,91,7,0.27812855864353564,2,2,0.25
48,92,32,0.71761085572214656,4,4,2.9539682539682541
48,93,48,0.013666561070016084,1,1,9.5650793650793648
48,94,24,0.48152389517948962,3,3,0.125
48,95,12,0.6185430815357591,4,4,1
48,96,19,0.81894216923139207,6,5,1.4166666666666665
48,97,63,0.24519740953521796,2,2,0.89285714285714279
48,98,31,0.8504709691901835,6,6,0.14285714285714285
48,99,97,0.38317371639385067,3,3,0.20000000000000001
49,0,32,0.91992285265916451,6,6,1
49,1,58,0.8151364505781995,5,5,0.14285714285714285
49,2,49,0.027498491458102143,1,1,0.16666666666666666
49,3,27,0.70302736284225997,5,4,1
49,4,18,0.5134500297418626,4,4,0.10000000000000001
49,5,86,0.25556804479615042,2,2,0.33333333333333331
49,6,39,0.5937654357319152,4,4,0.69841269841269837
49,7,16,0.81551763967709734,5,5,0.59999999999999998
49,8,55,1.0128699478389835,7,6,0.3611111111111111
49,9,58,0.82438438325296914,5,5,1.1666666666666665
49,10,40,0.95405025560236301,7,6,1.3611111111111112
49,11,75,0.93484272459927886,6,6,0.1111111111111111
49,12,94,1.0767972472257661,7,7,0.20000000000000001
49,13,7,1.0004273209716559,6,6,0.10000000000000001
49,14,96,0.28225525819405017,2,2,0.20000000000000001
49,15,98,0.70931052831548813,4,4,0.33333333333333331
49,16,85,0.63020874678690098,4,4,3.1666666666666665
49,17,23,0.86139460801758172,6,5,0.1111111111111111
49,18,77,0.48806657895935968,3,3,0.21111111111111111
49,19,57,0.31398573383829231,2,2,10.515079365079366
49,20,84,0.36920750388319756,2,2,10.235317460317461
49,21,66,0.94008843834686662,6,6,0.5
49,22,27,0.77614651015125569,5,5,0.33333333333333331
49,23,16,0.73290585019972643,5,5,2.4416666666666664
49,24,21,1.1136148227316058,7,7,0.33333333333333331
49,25,97,0.97437481755413058,6,6,0.1111111111111111
49,26,58,0.77420548779519638,5,5,0.125
49,27,39,0.64679934467128442,4,4,1.8333333333333333
49,28,47,0.56742169561762212,4,4,1.8527777777777779
49,29,97,0.86238661918658444,6,6,0.125
49,30,60,0.82839353872116606,5,5,0.5
49,31,20,0.51407313815997902,3,3,5.144047619047619
49,32,60,0.7395248053138388,5,5,1.7
49,33,46,0.81365373602392299,5,5,0.10000000000000001
49,34,62,0.53906955900342868,4,4,0.125
49,35,44,0.5711243828964806,4,4,0.33333333333333331
49,36,10,1.1077581358319724,8,7,1.1111111111111112
49,37,61,0.68495082085615011,5,5,0.45833333333333331
49,38,19,0.3811361661185475,3,3,0.33333333333333331
49,39,20,0.49863222139708852,3,3,3.6150793650793647
49,40,70,0.84689078194192136,6,5,1.4861111111111112
49,41,94,1.1187588951631682,7,7,0.33333333333333331
49,42,37,0.87956883785692153,6,6,0.33333333333333331
49,43,32,0.86637210840376278,6,6,0.5
49,44,45,0.46434657991704331,3,3,3.0944444444444446
49,45,96,0.26886554312544531,2,2,3.3944444444444448
49,46,73,0.67683099882558151,4,4,3.7833333333333337
49,47,19,0.39841499736441655,3,3,2.0194444444444444
49,48,93,0.9409258694016539,7,6,0.20000000000000001
49,49,-1,0,0,0,29.608333333333338
49,50,79,0.86351006545667819,5,5,0.25
49,51,49,0.14804310083285674,1,1,1.1000000000000001
49,52,58,0.73304236503037412,5,5,0.5
49,53,46,0.785657874329724,5,5,0.20000000000000001
49,54,49,0.063112078381576675,1,1,1
49,55,23,0.84269902391587859,6,5,0.68611111111111112
49,56,19,0.43421809918128207,3,3,0.33333333333333331
49,57,49,0.12057419492430337,1,1,10.615079365079366
49,58,31,0.71264806121344038,4,4,2.6345238095238095
49,59,78,0.52353454677145339,4,4,0.14285714285714285
49,60,31,0.6307599492583682,4,4,2.3666666666666667
49,61,64,0.54800900015532117,4,4,0.55833333333333335
49,62,77,0.48078742857301676,3,3,0.26785714285714285
49,63,23,0.88782293733354001,6,6,0.1111111111111111
49,64,77,0.37512914801431513,3,3,0.7583333333333333
49,65,49,0.064171547096561005,1,1,0.33333333333333331
49,66,46,0.81599148876304195,5,5,1.7833333333333332
49,67,8,1.0676606207882444,8,7,0.1111111111111111
49,68,9,1.0230067611673166,6,6,0.33333333333333331
49,69,94,1.1852674418610849,7,7,0.125
49,70,28,0.65024069098498383,5,4,1.6527777777777779
49,71,9,0.94982507064277444,6,6,0.33333333333333331
49,72,46,0.79410627409577172,5,5,0.20000000000000001
49,73,19,0.4961857791394933,3,3,3.9083333333333337
49,74,55,1.0242353824598762,7,6,0.20000000000000001
49,75,6,0.7904046366501547,5,5,0.36507936507936506
49,76,45,0.41166021685115606,3,3,0.10000000000000001
49,77,96,0.29037562457893779,2,2,1.5706349206349206
49,78,19,0.36929508727424909,3,3,0.30952380952380953
49,79,39,0.66927753438687565,4,4,0.91666666666666663
49,80,49,0.047019971800966134,1,1,0.16666666666666666
49,81,97,0.95763130960088183,6,6,1
49,82,46,0.78599532992621068,5,5,0.25
49,83,27,0.774426602690379,5,5,0.16666666666666666
49,84,49,0.1993361904914234,1,1,10.33531746031746
49,85,19,0.48145744512005584,3,3,3.5
49,86,49,0.14036086306168974,1,1,0.47619047619047616
49,87,97,0.93109236891991209,6,6,0.125
49,88,51,0.3188529750947845,2,2,0.10000000000000001
49,89,79,0.83517496147882064,5,5,0.5
49,90,75,0.85496228233106841,6,5,0.14285714285714285
49,91,46,0.77441472844638948,5,5,0.25
49,92,58,0.77200371890859465,5,5,0.20000000000000001
49,93,23,0.92725930833163783,6,6,1.2
49,94,66,1.0019776557727698,6,6,0.78333333333333321
49,95,36,1.1914640328999508,9,7,1
49,96,49,0.13087129568928085,1,1,5.4150793650793654
49,97,99,0.79625835909925202,5,5,1.5611111111111111
49,98,20,0.53675783212466022,3,3,0.47619047619047616
49,99,44,0.65828205224061931,4,4,1.7611111111111111
50,0,43,0.36201285006005091,3,3,1
50,1,50,0.050037473832177791,1,1,0.14285714285714285
50,2,51,0.88977818657852659,6,6,0.16666666666666666
50,3,50,0.17086955907230769,1,1,1.1428571428571428
50,4,85,0.83075972173734702,5,5,0.20000000000000001
50,5,20,0.60943363431891806,4,4,1.9761904761904761
50,6,79,0.29342351320430698,2,2,0.33333333333333331
50,7,66,0.67007740484558009,4,4,0.5
50,8,24,0.77893564761376677,5,5,0.25
50,9,50,0.1057479944212131,1,1,11.705555555555556
50,10,43,0.41866313537765165,3,3,2.1444444444444444
50,11,89,0.21644670962462981,2,2,0.1111111111111111
50,12,10,0.57983339861161454,4,4,0.32500000000000001
50,13,17,0.82369293273397359,6,5,0.10000000000000001
50,14,78,0.76708458279026759,5,5,0.20000000000000001
50,15,22,0.31462862812850934,2,2,0.33333333333333331
50,16,46,0.71366744181662711,5,5,0.45000000000000001
50,17,33,0.67799775824011688,5,4,1.411111111111111
50,18,85,0.82131701492047038,5,5,0.2361111111111111
50,19,78,0.69326974739388403,5,5,0.3611111111111111
50,20,39,0.49430256157348063,3,3,4.9428571428571431
50,21,43,0.4566567496729268,3,3,0.86111111111111105
50,22,50,0.12985337267109298,1,1,0.66666666666666663
50,23,82,0.68277406554730047,4,4,0.33333333333333331
50,24,21,0.63018313405766602,4,4,0.69444444444444442
50,25,63,0.9993934593211381,6,6,0.1111111111111111
50,26,50,0.12655124892428035,1,1,1.9416666666666667
50,27,79,0.2191820624612478,2,2,0.33333333333333331
50,28,60,0.47921412764866655,3,3,1.4277777777777776
50,29,63,1.0028622607501121,6,6,0.45833333333333331
50,30,43,0.36026076428821402,3,3,0.5
50,31,58,0.34993094213035869,2,2,0.14285714285714285
50,32,26,0.31509307676586196,2,2,1.8166666666666667
50,33,40,0.53259230394149315,4,4,1.836111111111111
50,34,18,0.92781380172845118,6,6,0.125
50,35,73,0.77738520141841927,5,5,0.33333333333333331
50,36,10,0.572371015607261,4,4,1.1111111111111112
50,37,99,0.9974808644920834,7,6,0.125
50,38,59,0.6264785689964304,4,4,0.53333333333333333
50,39,79,0.36487784405958967,2,2,5.10952380952381
50,40,43,0.38582499995290248,3,3,2.2111111111111112
50,41,10,0.61437876231431732,4,4,0.33333333333333331
50,42,29,1.1224793933124888,7,7,0.33333333333333331
50,43,9,0.30552246499535585,2,2,11.205555555555556
50,44,56,0.78316707773648664,5,5,1
50,45,38,0.77188878755654611,5,5,0.20000000000000001
50,46,70,0.59287391799613354,4,4,1.45
50,47,59,0.61433574169996619,4,4,0.16666666666666666
50,48,55,0.82585219106300789,6,5,0.20000000000000001
50,49,84,0.86351006545667819,5,5,0.5
50,50,-1,0,0,0,29.858333333333331
50,51,84,0.71796461278508505,5,5,1.1666666666666667
50,52,50,0.13096194453552296,1,1,0.5
50,53,66,0.63908315544546801,4,4,0.20000000000000001
50,54,86,0.88768134642702667,6,6,1
50,55,33,0.67756750676429367,5,4,0.32500000000000001
50,56,59,0.61871342834480547,4,4,1.5761904761904761
50,57,84,0.83438981840107562,5,5,0.10000000000000001
50,58,50,0.15135601907689733,1,1,0.64285714285714279
50,59,60,0.48372093446072295,3,3,3.68015873015873
50,60,92,0.33005425249493242,2,2,5.2746031746031736
50,61,4,0.88646146231051415,6,6,0.10000000000000001
50,62,76,0.90179785228331621,6,6,0.14285714285714285
50,63,72,0.8104459088570195,5,5,2.0055555555555555
50,64,78,0.82973080204774685,5,5,0.20000000000000001
50,65,86,0.81070893452044945,6,5,0.33333333333333331
50,66,43,0.48770888702612619,3,3,3.4055555555555559
50,67,24,0.77872227594497001,5,5,0.1111111111111111
50,68,71,0.2230747416945309,2,2,0.33333333333333331
50,69,12,0.69182668620504983,5,5,0.125
50,70,32,0.47594922326069833,3,3,1.6166666666666667
50,71,50,0.13127817797503846,1,1,0.66666666666666663
50,72,66,0.62170423318291579,4,4,2.2055555555555557
50,73,28,0.61533102896367742,4,4,0.45833333333333331
50,74,17,0.84863132428528454,6,5,0.20000000000000001
50,75,89,0.21313095821820033,2,2,0.1111111111111111
50,76,56,0.78632366705708068,5,5,0.24285714285714285
50,77,78,0.81109354199355443,5,5,0.33333333333333331
50,78,59,0.63796039395792725,4,4,1.2611111111111111
50,79,50,0.19423253106980257,1,1,5.9428571428571431
50,80,86,0.8742124278277934,6,6,0.16666666666666666
50,81,63,0.9567417413259719,6,6,1
50,82,43,0.49613032822148673,3,3,0.58333333333333326
50,83,50,0.13412638363386423,1,1,0.16666666666666666
50,84,20,0.66417387496525482,4,4,1.8666666666666667
50,85,28,0.65558103494643805,4,4,0.76944444444444438
50,86,5,0.72464081605337871,5,5,1.6428571428571428
50,87,63,1.0034006903472643,6,6,0.125
50,88,20,0.65401314917011188,4,4,0.10000000000000001
50,89,50,0.051739949509161665,1,1,0.72222222222222232
50,90,50,0.19455440420237805,1,1,0.14285714285714285
50,91,40,0.55711371730159154,4,4,0.25
50,92,50,0.14176874665840852,1,1,5.4746031746031738
50,93,17,0.81298788204453309,6,5,1
50,94,10,0.51141924139242123,4,4,0.125
50,95,36,0.65607691267523949,5,5,1
50,96,19,0.88527178106191462,6,6,0.25
50,97,63,0.99040855476814216,6,6,0.20000000000000001
50,98,3,0.35525271254349378,2,2,0.14285714285714285
50,99,16,0.85634993467065534,6,5,0.32500000000000001
51,0,32,0.77437739998757127,6,6,1
51,1,58,0.66959099790660637,5,5,0.14285714285714285
51,2,51,0.17181357379344148,1,1,0.16666666666666666
51,3,27,0.55748191017066684,5,4,1
51,4,76,0.55270498123076262,4,4,0.10000000000000001
51,5,51,0.11317519265161881,1,1,0.33333333333333331
51,6,39,0.44821998306032207,4,4,0.69841269841269837
51,7,16,0.83850016545336514,5,5,0.59999999999999998
51,8,55,1.0358524736152512,7,6,0.3611111111111111
51,9,58,0.67883893058137601,5,5,1.1666666666666665
51,10,30,0.82992622802952454,6,6,1.6944444444444444
51,11,75,0.78929727192768573,6,6,0.1111111111111111
51,12,94,0.98482005808168638,8,7,0.20000000000000001
51,13,7,1.0234098467479238,6,6,0.10000000000000001
51,14,57,0.31857221270474556,2,2,4.1638888888888896
51,15,98,0.563765075643895,4,4,0.33333333333333331
51,16,85,0.65319127256316878,4,4,3.1666666666666665
51,17,23,0.88437713379384952,6,5,0.1111111111111111
51,18,76,0.52735588320145277,4,3,0.1111111111111111
51,19,57,0.33696825961456012,2,2,6.8289682539682524
51,20,84,0.2236620512116044,2,2,13.921428571428571
51,21,30,0.84474394982663337,6,6,0.5
51,22,27,0.63060105747966255,5,5,0.33333333333333331
51,23,16,0.75588837597599423,5,5,2.4416666666666664
51,24,21,1.0182703342113726,7,7,0.33333333333333331
51,25,97,1.0107385111401248,6,6,0.1111111111111111
51,26,58,0.62866003512360324,5,5,0.125
51,27,39,0.50125389199969128,4,4,1.8333333333333333
51,28,47,0.59040422139388982,4,4,0.20000000000000001
51,29,97,0.89875031277257866,6,6,0.125
51,30,60,0.68284808604957292,5,5,2.6944444444444446
51,31,20,0.36852768548838588,3,3,8.830158730158729
51,32,60,0.59397935264224555,5,5,3.0249999999999999
51,33,46,0.83663626180019091,5,5,0.10000000000000001
51,34,62,0.58883315393173341,4,4,0.125
51,35,44,0.60748807648247483,4,4,0.33333333333333331
51,36,10,0.98363410825913389,7,7,1.1111111111111112
51,37,61,0.73435689604269005,5,5,0.45833333333333331
51,38,19,0.40411869189481531,3,3,0.33333333333333331
51,39,20,0.35308676872549538,3,3,3.6150793650793647
51,40,32,0.74411769107587855,6,5,0.57499999999999996
51,41,10,1.0256418549661901,7,7,0.33333333333333331
51,42,37,0.92897491304346147,6,6,0.33333333333333331
51,43,32,0.72082665573216953,6,6,0.5
51,44,14,0.50071027350303754,3,3,3.0944444444444446
51,45,57,0.30570622623270416,2,2,0.40000000000000002
51,46,73,0.69981352460184942,4,4,1.75
51,47,19,0.42139752314068435,3,3,0.3666666666666667
51,48,93,0.96390839517792171,7,6,0.20000000000000001
51,49,51,0.14804310083285674,1,1,0.5
51,50,79,0.71796461278508505,5,5,0.25
51,51,-1,0,0,0,29.108333333333331
51,52,58,0.58749691235878099,5,5,0.5
51,53,46,0.80864040010599192,5,5,0.20000000000000001
51,54,51,0.18208576585182518,1,1,1
51,55,23,0.86568154969214639,6,5,0.68611111111111112
51,56,19,0.45720062495754987,3,3,0.33333333333333331
51,57,51,0.14355672070057116,1,1,12.094047619047618
51,58,31,0.56710260854184724,4,4,2.6345238095238095
51,59,78,0.54651707254772119,4,4,0.14285714285714285
51,60,31,0.48521449658677501,4,4,6.0527777777777771
51,61,76,0.59741507534186111,4,4,0.55833333333333335
51,62,77,0.53055102350132144,3,3,0.26785714285714285
51,63,23,0.9108054631098077,6,6,0.1111111111111111
51,64,45,0.42488060947631584,3,3,0.20000000000000001
51,65,51,0.10496980201416456,1,1,0.33333333333333331
51,66,82,0.82890644008098391,7,5,0.5
51,67,8,1.0906431465645121,8,7,0.1111111111111111
51,68,9,0.87746130849572346,6,6,0.33333333333333331
51,69,94,1.0932902527170054,8,7,0.125
51,70,60,0.67181540132190665,5,4,0.16666666666666666
51,71,9,0.8042796179711813,6,6,0.33333333333333331
51,72,46,0.81708879987203964,5,5,0.20000000000000001
51,73,19,0.51916830491576116,3,3,1.875
51,74,55,1.0472179082361439,7,6,0.20000000000000001
51,75,6,0.64485918397856157,5,5,0.36507936507936506
51,76,14,0.44834677872561601,3,3,0.86944444444444446
51,77,57,0.34013921950724246,2,2,0.60119047619047616
51,78,19,0.39227761305051689,3,3,0.30952380952380953
51,79,39,0.52373208171528252,4,4,0.91666666666666663
51,80,51,0.16682701528609059,1,1,0.16666666666666666
51,81,97,0.99399500318687606,6,6,1
51,82,32,0.79333375166464504,6,5,0.75
51,83,27,0.62888115001878586,5,5,0.16666666666666666
51,84,51,0.053790737819830264,1,1,14.02142857142857
51,85,19,0.50443997089632364,3,3,3.5
51,86,51,0.034581633664162573,1,1,0.14285714285714285
51,87,97,0.96745606250590632,6,6,0.125
51,88,51,0.17080987426192776,1,1,0.10000000000000001
51,89,79,0.68962950880722751,5,5,0.5
51,90,75,0.70941682965947528,6,5,0.14285714285714285
51,91,46,0.79739725422265739,5,5,0.25
51,92,58,0.62645826623700152,5,5,0.20000000000000001
51,93,23,0.95024183410790564,6,6,1.2
51,94,40,0.91000046662869016,7,6,0.45000000000000001
51,95,36,1.0673400053271125,8,7,1
51,96,51,0.1988533116598723,1,1,0.25
51,97,99,0.83262205268524625,5,5,1.5611111111111111
51,98,20,0.39121237945306697,3,3,0.47619047619047616
51,99,44,0.69464574582661354,4,4,1.7611111111111111
52,0,43,0.35451309170335749,3,3,1
52,1,52,0.082198909301587533,1,1,0.14285714285714285
52,2,51,0.75931048615222241,6,6,0.16666666666666666
52,3,52,0.071380759142226594,1,1,1.3333333333333333
52,4,85,0.70890104492415285,5,5,0.32500000000000001
52,5,20,0.47896593389261399,4,4,1.9761904761904761
52,6,52,0.17147283498494423,1,1,0.33333333333333331
52,7,82,0.61155873419367912,4,4,0.69999999999999996
52,8,24,0.7714358892570734,5,5,0.25
52,9,52,0.098248236064519698,1,1,5.7972222222222216
52,10,43,0.41116337702095823,3,3,2.1444444444444444
52,11,22,0.26711550138249252,2,2,0.1111111111111111
52,12,10,0.57233364025492117,4,4,0.32500000000000001
52,13,17,0.77687447882790928,6,5,0.10000000000000001
52,14,78,0.64522590597707341,5,5,0.20000000000000001
52,15,3,0.25356381832162656,2,2,0.33333333333333331
52,16,46,0.62894511103221862,5,5,0.125
52,17,91,0.63117930433405256,5,4,0.41111111111111109
52,18,85,0.6994583381072762,5,5,0.2361111111111111
52,19,78,0.57141107058068985,5,5,0.3611111111111111
52,20,31,0.36383486114717656,3,3,4.9428571428571431
52,21,43,0.44915699131623343,3,3,0.86111111111111105
52,22,52,0.10288377697757725,1,1,0.58730158730158721
52,23,82,0.61636888232966658,4,4,0.33333333333333331
52,24,21,0.62268337570097265,4,4,0.69444444444444442
52,25,63,0.93802999414800015,6,6,0.1111111111111111
52,26,52,0.052677298750641505,1,1,0.125
52,27,52,0.097417797500712458,1,1,0.47619047619047616
52,28,60,0.35735545083547238,3,3,2.286111111111111
52,29,63,0.94149879557697425,6,6,0.125
52,30,32,0.31946694382338919,3,3,0.5
52,31,58,0.21896922687039511,2,2,5.2523809523809533
52,32,92,0.23037074598145341,2,2,7.5333333333333341
52,33,82,0.49683875768857189,4,4,0.10000000000000001
52,34,18,0.805955124915257,6,6,0.125
52,35,73,0.65552652460522509,5,5,1.0666666666666667
52,36,10,0.56487125725056764,4,4,1.1111111111111112
52,37,4,0.89175413352201782,6,6,0.125
52,38,59,0.50461989218323622,4,4,0.53333333333333333
52,39,31,0.23957239065285152,3,2,0.16666666666666666
52,40,43,0.37832524159620906,3,3,0.125
52,41,10,0.60687900395762384,4,4,0.33333333333333331
52,42,97,1.051514542216526,8,7,0.33333333333333331
52,43,9,0.29802270663866243,2,2,4.6305555555555555
52,44,56,0.66130840092329257,5,5,1
52,45,38,0.65003011074335193,5,5,0.20000000000000001
52,46,70,0.50815158721172504,4,4,1.125
52,47,59,0.49247706488677201,4,4,0.16666666666666666
52,48,7,0.77324934302260506,5,5,0.20000000000000001
52,49,84,0.73304236503037401,5,5,0.5
52,50,52,0.13096194453552296,1,1,0.25
52,51,84,0.58749691235878088,5,5,1.1666666666666667
52,52,-1,0,0,0,29.608333333333334
52,53,82,0.5741766215234988,4,4,1.6722222222222223
52,54,86,0.75721364600072261,6,6,1
52,55,82,0.62524547272680209,4,4,1.125
52,56,59,0.4968547515316114,4,4,1.5761904761904761
52,57,84,0.70392211797477144,5,5,0.10000000000000001
52,58,52,0.020394303816933773,1,1,11.885317460317461
52,59,60,0.36186225764752883,3,3,3.68015873015873
52,60,58,0.2081955756817383,2,2,6.1329365079365079
52,61,4,0.76460278549731997,6,6,0.10000000000000001
52,62,76,0.77993917547012215,6,6,0.14285714285714285
52,63,53,0.74908244368388155,5,5,1.4722222222222223
52,64,78,0.70787212523455267,5,5,0.20000000000000001
52,65,86,0.68024123409414539,6,5,0.33333333333333331
52,66,82,0.46529783342019171,4,3,0.5
52,67,24,0.77122251758827665,5,5,0.1111111111111111
52,68,9,0.29687061397886721,2,2,0.33333333333333331
52,69,12,0.68432692784835647,5,5,0.125
52,70,32,0.39122689247628978,3,3,1.2916666666666667
52,71,9,0.22368892345432506,2,2,0.33333333333333331
52,72,82,0.56172836033751383,4,4,0.20000000000000001
52,73,28,0.49347235215048324,4,4,1.1916666666666667
52,74,17,0.80181287037922022,6,5,0.20000000000000001
52,75,52,0.18546722195330326,1,1,0.1111111111111111
52,76,56,0.66446499024388661,5,5,0.24285714285714285
52,77,78,0.68923486518036026,5,5,0.33333333333333331
52,78,59,0.51610171714473307,4,4,1.2611111111111111
52,79,52,0.073195163161094146,1,1,0.16666666666666666
52,80,86,0.74374472740148923,6,6,0.16666666666666666
52,81,63,0.89537827615283394,6,6,1
52,82,32,0.42972514500385284,3,3,5.541666666666667
52,83,52,0.10465107317930071,1,1,0.16666666666666666
52,84,20,0.53370617453895064,4,4,1.8666666666666667
52,85,28,0.53372235813324387,4,4,0.89444444444444438
52,86,5,0.59417311562707464,5,5,1.6428571428571428
52,87,63,0.94203722517412636,6,6,0.125
52,88,20,0.52354544874380782,4,4,0.10000000000000001
52,89,52,0.11729613829390641,1,1,0.5
52,90,22,0.20914111985109299,2,2,0.14285714285714285
52,91,82,0.49545056970657131,4,4,0.66111111111111109
52,92,52,0.055638487300458492,1,1,7.7333333333333343
52,93,55,0.76083734276395532,5,5,1
52,94,10,0.50391948303572776,4,4,0.125
52,95,36,0.64857715431854612,5,5,1
52,96,19,0.76341310424872044,6,6,0.25
52,97,99,0.89337093974953119,7,6,0.53333333333333333
52,98,27,0.23882002331687846,2,2,0.14285714285714285
52,99,35,0.75539463289089848,6,5,0.73333333333333339
53,0,40,0.36773204497677114,3,3,1.6666666666666665
53,1,9,0.60597059634066275,4,4,0.14285714285714285
53,2,57,0.80994542739987208,5,5,0.16666666666666666
53,3,79,0.63651388705018497,5,4,1
53,4,35,0.37146611721806477,3,3,0.10000000000000001
53,5,20,0.78903599309531758,6,6,0.33333333333333331
53,6,60,0.59530523837411253,4,4,0.66666666666666663
53,7,53,0.045394118894833524,1,1,0.5
53,8,17,0.23691784466615332,2,2,0.69444444444444442
53,9,43,0.53333516102425493,3,3,0.89285714285714279
53,10,21,0.32719970353442801,3,2,0.25
53,11,89,0.83116179993048189,5,5,0.1111111111111111
53,12,94,0.38126626192741314,3,3,0.20000000000000001
53,13,55,0.22910890100137088,2,2,0.10000000000000001
53,14,56,0.53717920750590409,4,4,0.20000000000000001
53,15,6,0.77174851492508167,5,5,0.33333333333333331
53,16,53,0.15782263058209381,1,1,3.003968253968254
53,17,53,0.085198102011697641,1,1,0.80555555555555558
53,18,35,0.38347339178512591,3,3,0.1111111111111111
53,19,73,0.47167214049143175,3,3,3.8706349206349207
53,20,31,0.67390492034988014,5,5,1.4333333333333333
53,21,33,0.25563947500822715,2,2,0.41666666666666663
53,22,92,0.67380642175212557,4,4,0.47619047619047616
53,23,53,0.063939797955185521,1,1,0.65833333333333333
53,24,8,0.38567035822225404,3,3,0.33333333333333331
53,25,63,0.36385337262450135,2,2,0.1111111111111111
53,26,32,0.53234770338362702,3,3,0.125
53,27,60,0.59064304690150404,4,4,0.44444444444444442
53,28,46,0.29697998316444973,2,2,0.34285714285714286
53,29,63,0.36732217405347545,2,2,0.45833333333333331
53,30,82,0.29587316924942353,2,2,0.5
53,31,60,0.52903928607309869,4,4,1.7190476190476189
53,32,82,0.34380587554204545,2,2,2.7789682539682543
53,33,53,0.11433066072877504,1,1,2.411111111111111
53,34,35,0.46131326870819223,3,3,0.125
53,35,16,0.27539700741218476,2,2,2.5456349206349205
53,36,94,0.41680916146626668,3,3,0.1111111111111111
53,37,99,0.39737648809522985,3,3,0.125
53,38,73,0.43573219934597307,3,3,0.33333333333333331
53,39,60,0.54910916371001861,4,4,0.16666666666666666
53,40,91,0.25337653670604132,2,2,1.7916666666666665
53,41,94,0.42322790986481529,3,3,0.33333333333333331
53,42,29,0.48693930661585216,3,3,0.33333333333333331
53,43,66,0.33356069045011216,2,2,1.3928571428571428
53,44,35,0.38217481039162204,3,3,1.2
53,45,56,0.54655831020055312,4,4,0.20000000000000001
53,46,53,0.10882687550414255,1,1,11.235317460317461
53,47,73,0.40312864636072737,3,3,0.16666666666666666
53,48,93,0.20688916364826854,2,2,0.20000000000000001
53,49,57,0.785657874329724,5,5,0.5
53,50,9,0.63908315544546801,4,4,0.25
53,51,57,0.80864040010599181,5,5,1
53,52,92,0.57417662152349891,4,4,0.5
53,53,-1,0,0,0,29.908333333333339
53,54,96,0.73987127264805896,5,5,1
53,55,53,0.070172016673700932,1,1,0.42500000000000004
53,56,73,0.35337643277563235,3,3,0.73333333333333339
53,57,19,0.66508367940542068,4,4,2.342857142857143
53,58,92,0.57789379191819457,4,4,0.5
53,59,28,0.36139759073671074,3,3,0.14285714285714285
53,60,70,0.4123524749747095,3,3,4.3301587301587299
53,61,35,0.40574075087467409,3,3,0.10000000000000001
53,62,35,0.46832854178188044,3,3,0.14285714285714285
53,63,53,0.17490582216038272,1,1,2.0055555555555555
53,64,44,0.48633009914774938,4,4,0.20000000000000001
53,65,57,0.73386768508299138,5,5,0.33333333333333331
53,66,53,0.15137426841934182,1,1,1.8928571428571428
53,67,8,0.29170851761541411,3,3,0.1111111111111111
53,68,0,0.55737396753853052,4,4,0.66666666666666663
53,69,94,0.48973645656273213,3,3,0.125
53,70,46,0.22575157023957781,2,2,4.4968253968253968
53,71,68,0.64917053125802293,5,4,0.33333333333333331
53,72,53,0.024695853814832112,1,1,0.20000000000000001
53,73,46,0.28947209519023076,2,2,5.3956349206349206
53,74,55,0.25170837521769851,2,2,0.20000000000000001
53,75,27,0.75796347849749823,5,5,0.1111111111111111
53,76,35,0.43879288105726266,3,3,0.43333333333333335
53,77,76,0.56116679430040428,4,4,0.33333333333333331
53,78,73,0.43707040364819472,3,3,0.16666666666666666
53,79,60,0.59818331958934168,4,4,1.1666666666666667
53,80,96,0.74989122270815722,5,5,0.16666666666666666
53,81,63,0.32120165462933514,2,2,1
53,82,53,0.14445147651964599,1,1,3.5289682539682543
53,83,92,0.67610369839617424,4,4,0.16666666666666666
53,84,57,0.83529962284124148,5,5,0.10000000000000001
53,85,16,0.30657393224893897,2,2,0.33333333333333331
53,86,57,0.77724620904468988,5,5,0.14285714285714285
53,87,63,0.3678606036506275,2,2,0.125
53,88,20,0.8336155079465114,6,6,0.10000000000000001
53,89,92,0.66645503981501375,4,4,0.61111111111111116
53,90,22,0.78006376462564131,5,5,0.14285714285714285
53,91,53,0.082087819357352293,1,1,2.0416666666666665
53,92,32,0.5185381342230404,3,3,2.4539682539682541
53,93,53,0.19322260257825244,1,1,1.2
53,94,33,0.30644667047441687,2,2,1.8944444444444444
53,95,94,0.49768150779472142,3,3,1
53,96,19,0.66367417415946228,4,4,1.4166666666666665
53,97,63,0.35486846807150541,2,2,0.20000000000000001
53,98,31,0.64380028668148148,5,5,0.14285714285714285
53,99,23,0.2562455582738018,2,2,0.32500000000000001
54,0,32,0.87848827630422854,6,6,1
54,1,58,0.8393077315485481,6,6,0.14285714285714285
54,2,54,0.07305350046294283,1,1,0.16666666666666666
54,3,27,0.72719864381260857,6,5,1
54,4,18,0.45877583254117837,4,4,0.10000000000000001
54,5,86,0.27824771210810867,2,2,8.2019841269841258
54,6,39,0.6179367167022638,5,5,0.69841269841269837
54,7,16,0.7697310379954323,5,5,0.59999999999999998
54,8,55,0.96708334615731839,7,6,0.3611111111111111
54,9,58,0.84855566422331774,6,6,1.1666666666666665
54,10,40,0.90826365392069774,7,6,1.3611111111111112
54,11,75,0.95901400556962735,7,7,0.1111111111111111
54,12,94,1.031010645544101,7,7,0.20000000000000001
54,13,7,0.95464071928999095,6,6,0.10000000000000001
54,14,96,0.22758106099336603,2,2,0.20000000000000001
54,15,98,0.73348180928583662,5,5,0.33333333333333331
54,16,85,0.58442214510523594,4,4,3.1666666666666665
54,17,23,0.81560800633591668,6,5,0.1111111111111111
54,18,77,0.43339238175867545,3,3,0.21111111111111111
54,19,96,0.26819913215662722,2,2,12.881746031746033
54,20,5,0.3933787848535461,3,3,7.8686507936507928
54,21,66,0.89430183666520158,6,6,0.5
54,22,27,0.80031779112160439,6,6,0.33333333333333331
54,23,16,0.68711924851806139,5,5,2.4416666666666664
54,24,21,1.0678282210499408,7,7,0.33333333333333331
54,25,97,0.91970062035344646,6,6,0.1111111111111111
54,26,58,0.79837676876554498,6,6,0.125
54,27,39,0.67097062564163301,5,5,1.8333333333333333
54,28,47,0.52163509393595686,4,4,4.052777777777778
54,29,97,0.80771242198590032,6,6,0.125
54,30,32,0.78718642680083861,6,5,0.5
54,31,20,0.53824441913032761,4,4,2.7773809523809523
54,32,28,0.69809022895890283,5,5,2.2000000000000002
54,33,46,0.76786713434225795,5,5,0.10000000000000001
54,34,62,0.48439536180274456,4,4,0.125
54,35,44,0.51645018569579637,4,4,0.33333333333333331
54,36,10,1.0619715341503071,8,7,1.1111111111111112
54,37,61,0.630276623655466,5,5,0.45833333333333331
54,38,19,0.33534956443688246,3,3,0.33333333333333331
54,39,20,0.52280350236743711,4,4,3.6150793650793647
54,40,70,0.80110418026025609,6,5,1.4861111111111112
54,41,94,1.0729722934815031,7,7,0.33333333333333331
54,42,37,0.82489464065623741,6,6,0.33333333333333331
54,43,32,0.8249375320488268,6,6,0.5
54,44,45,0.40967238271635914,3,3,3.0944444444444446
54,45,96,0.21419134592476116,2,2,3.3944444444444448
54,46,73,0.63104439714391647,4,4,3.7833333333333337
54,47,19,0.35262839568275139,3,3,4.219444444444445
54,48,93,0.89513926771998886,7,6,0.20000000000000001
54,49,54,0.063112078381576675,1,1,0.5
54,50,79,0.88768134642702679,6,6,0.25
54,51,54,0.18208576585182518,1,1,1
54,52,58,0.75721364600072272,6,6,0.5
54,53,46,0.73987127264805896,5,5,0.20000000000000001
54,54,-1,0,0,0,29.108333333333334
54,55,23,0.79691242223421355,6,5,0.68611111111111112
54,56,19,0.38843149749961692,3,3,0.33333333333333331
54,57,54,0.092607470539251321,1,1,0.10000000000000001
54,58,31,0.73681934218378897,5,5,2.6345238095238095
54,59,78,0.47774794508978824,4,4,0.30952380952380953
54,60,59,0.63141462705557871,5,5,0.16666666666666666
54,61,64,0.49333480295463705,4,4,0.55833333333333335
54,62,77,0.42611323137233259,3,3,0.26785714285714285
54,63,23,0.84203633565187497,6,6,0.1111111111111111
54,64,77,0.32045495081363096,3,3,0.7583333333333333
54,65,54,0.077543442971450133,1,1,0.33333333333333331
54,66,46,0.77020488708137691,5,5,1.7833333333333332
54,67,8,1.0218740191065792,8,7,0.1111111111111111
54,68,9,1.0471780421376653,7,7,0.33333333333333331
54,69,94,1.1394808401794199,7,7,0.125
54,70,28,0.60445408930331856,5,4,1.6527777777777779
54,71,9,0.97399635161312315,7,7,0.33333333333333331
54,72,46,0.74831967241410668,5,5,0.20000000000000001
54,73,19,0.4503991774578282,3,3,3.9083333333333337
54,74,55,0.97844878077821118,7,6,0.20000000000000001
54,75,6,0.81457591762050319,6,6,0.36507936507936506
54,76,45,0.35698601965047194,3,3,0.10000000000000001
54,77,96,0.23570142737825361,2,2,1.5706349206349206
54,78,19,0.32350848559258394,3,3,0.47619047619047616
54,79,39,0.69344881535722425,5,5,0.91666666666666663
54,80,54,0.017568023335126238,1,1,0.16666666666666666
54,81,97,0.90295711240019771,6,6,1
54,82,46,0.74020872824454564,5,5,0.25
54,83,27,0.7985978836607277,6,6,0.16666666666666666
54,84,86,0.22649407967925284,2,2,0.10000000000000001
54,85,19,0.4356708434383908,3,3,3.5
54,86,54,0.16304053037364799,1,1,8.5448412698412675
54,87,97,0.87641817171922798,6,6,0.125
54,88,86,0.35082113646119939,2,2,0.10000000000000001
54,89,79,0.85934624244916924,6,6,0.5
54,90,75,0.8791335633014169,7,6,0.14285714285714285
54,91,46,0.72862812676472444,5,5,0.25
54,92,58,0.79617499987894313,6,6,0.20000000000000001
54,93,23,0.88147270664997279,6,6,1.2
54,94,66,0.95619105409110472,6,6,0.78333333333333321
54,95,36,1.1456774312182856,9,7,1
54,96,54,0.076197098488596682,1,1,18.296825396825398
54,97,99,0.74158416189856791,5,5,1.5611111111111111
54,98,20,0.5609291130950087,4,4,0.47619047619047616
54,99,44,0.60360785503993519,4,4,1.7611111111111111
55,0,40,0.40609801508212101,3,3,1.6666666666666665
55,1,9,0.6444549476594883,5,4,0.14285714285714285
55,2,57,0.86698657698602666,6,5,0.16666666666666666
55,3,92,0.69448425776321732,4,4,1
55,4,35,0.42613376376494855,4,3,0.10000000000000001
55,5,20,0.85912579115485377,6,6,0.33333333333333331
55,6,60,0.66539503643364872,4,4,0.66666666666666663
55,7,55,0.027777773118177251,1,1,0.5
55,8,55,0.17017092392310484,1,1,1.1527777777777777
55,9,43,0.57181951234308048,4,3,1.503968253968254
55,10,21,0.35784424562845346,3,2,0.25
55,11,89,0.86985936110232487,6,5,0.1111111111111111
55,12,94,0.41191080402143859,3,3,0.20000000000000001
55,13,55,0.15893688432766995,1,1,0.10000000000000001
55,14,19,0.60252933004427411,5,4,0.20000000000000001
55,15,6,0.84183831298461786,5,5,0.33333333333333331
55,16,23,0.21249027712897758,2,2,7.2162698412698418
55,17,55,0.018870056238045278,1,1,0.1111111111111111
55,18,35,0.43814103833200968,4,3,0.1111111111111111
55,19,85,0.52871329007758627,4,3,4.2706349206349206
55,20,31,0.74399471840941633,5,5,1.4333333333333333
55,21,33,0.2862840171022526,2,2,0.41666666666666663
55,22,92,0.72487527295542886,4,4,0.47619047619047616
55,23,55,0.10979317371615212,1,1,8.0996031746031747
55,24,8,0.3189234374792056,2,2,0.79166666666666663
55,25,63,0.3275115321267642,2,2,0.1111111111111111
55,26,32,0.58341655458693031,3,3,0.125
55,27,60,0.66073284496104034,4,4,0.33333333333333331
55,28,46,0.36706978122398598,2,2,0.34285714285714286
55,29,63,0.3309803335557383,2,2,0.45833333333333331
55,30,66,0.34311262058494085,2,2,0.5
55,31,60,0.59912908413263488,4,4,1.7190476190476189
55,32,82,0.39487472674534868,2,2,3.2789682539682543
55,33,55,0.14497520282280049,1,1,5.7484126984126984
55,34,61,0.51350404348056011,4,4,0.125
55,35,16,0.33006465395906853,3,3,2.3206349206349208
55,36,94,0.44745370356029213,3,3,0.1111111111111111
55,37,99,0.44322986385619645,3,3,0.125
55,38,73,0.50582199740550926,3,3,0.33333333333333331
55,39,60,0.6191989617695548,4,4,0.16666666666666666
55,40,33,0.29174250681139119,2,2,3.7956349206349205
55,41,24,0.45323556051012293,3,3,0.33333333333333331
55,42,29,0.45059746611811502,3,3,0.33333333333333331
55,43,40,0.37204504176893782,3,2,2.003968253968254
55,44,35,0.43684245693850582,4,3,1.2
55,45,19,0.60787980675494324,5,4,0.20000000000000001
55,46,55,0.17891667356367877,1,1,5.6869047619047617
55,47,73,0.47321844442026362,3,3,0.16666666666666666
55,48,55,0.14828468429871422,1,1,0.20000000000000001
55,49,57,0.84269902391587859,6,5,0.5
55,50,9,0.67756750676429356,5,4,0.25
55,51,57,0.86568154969214639,6,5,1
55,52,92,0.62524547272680209,4,4,0.61111111111111116
55,53,55,0.070172016673700932,1,1,0.20000000000000001
55,54,96,0.79691242223421344,6,5,1
55,55,-1,0,0,0,29.983333333333331
55,56,73,0.42346623083516866,3,3,0.33333333333333331
55,57,19,0.72212482899157526,5,4,2.342857142857143
55,58,92,0.62896264312149786,4,4,0.5
55,59,28,0.43148738879624698,3,3,0.14285714285714285
55,60,70,0.48244227303424569,3,3,3.2190476190476192
55,61,99,0.45594513781884544,3,3,0.22500000000000001
55,62,35,0.52299618832876416,4,4,0.14285714285714285
55,63,55,0.13856398166264558,1,1,2.0055555555555555
55,64,44,0.5409977456946331,5,4,0.20000000000000001
55,65,57,0.79090883466914597,6,5,0.33333333333333331
55,66,55,0.19125481623310608,1,1,1
55,67,8,0.22496159687236561,2,2,0.1111111111111111
55,68,0,0.59573993764388034,4,4,0.66666666666666663
55,69,24,0.43424718077663055,3,3,0.125
55,70,46,0.295841368299114,2,2,3.3857142857142857
55,71,68,0.68753650136337274,5,4,0.33333333333333331
55,72,55,0.066996293930242923,1,1,0.20000000000000001
55,73,46,0.35956189324976701,2,2,0.95833333333333326
55,74,55,0.18153635854399761,1,1,0.20000000000000001
55,75,52,0.81071269468010532,5,5,0.1111111111111111
55,76,35,0.49346052760414638,4,3,0.43333333333333335
55,77,76,0.615834440847288,5,4,0.33333333333333331
55,78,85,0.50593152341700987,4,3,0.16666666666666666
55,79,60,0.66827311764887787,4,4,0.16666666666666666
55,80,96,0.80693237229431169,6,5,0.16666666666666666
55,81,63,0.284859814131598,2,2,1
55,82,55,0.19552032772294925,1,1,3.5289682539682543
55,83,92,0.72717254959947741,4,4,0.16666666666666666
55,84,57,0.89234077242739607,6,5,0.10000000000000001
55,85,16,0.36124157879582275,3,3,4.7706349206349206
55,86,57,0.83428735863084447,6,5,0.14285714285714285
55,87,63,0.33151876315289036,2,2,0.125
55,88,20,0.90370530600604759,6,6,0.10000000000000001
55,89,9,0.70515260098685673,5,4,0.61111111111111116
55,90,22,0.8311326158289446,5,5,0.14285714285714285
55,91,55,0.12990963358078031,1,1,0.25
55,92,32,0.56960698542634358,3,3,2.9539682539682541
55,93,55,0.13559187003715323,1,1,1
55,94,33,0.33709121256844232,2,2,1.4361111111111111
55,95,94,0.52832604988874687,3,3,1
55,96,19,0.72071532374561675,5,4,1.4166666666666665
55,97,63,0.31852662757376826,2,2,0.20000000000000001
55,98,31,0.71389008474101767,5,5,0.14285714285714285
55,99,23,0.3020989340347684,2,2,0.55000000000000004
56,0,32,0.51017082092867383,3,3,1.3333333333333333
56,1,92,0.57060374333058594,4,4,0.14285714285714285
56,2,57,0.45850565225143008,3,3,0.16666666666666666
56,3,79,0.51282058792534857,4,3,1.1428571428571428
56,4,44,0.22499933839716094,2,2,0.22500000000000001
56,5,86,0.5410136156307086,4,4,0.33333333333333331
56,6,31,0.42409304989266794,3,3,0.77777777777777768
56,7,46,0.39835650645540854,3,3,0.5
56,8,17,0.589243105981195,4,4,0.3611111111111111
56,9,92,0.54013689701860712,4,4,0.5
56,10,40,0.52567157706453393,4,4,0.3611111111111111
56,11,83,0.74914358487507771,5,5,0.1111111111111111
56,12,94,0.64451580567167444,5,5,0.20000000000000001
56,13,55,0.5824031151628386,4,4,0.10000000000000001
56,14,56,0.18380277473027173,1,1,0.53333333333333333
56,15,6,0.60053632644363708,4,4,0.33333333333333331
56,16,73,0.2142268028462041,2,2,1.7694444444444444
56,17,46,0.4375233633267393,3,3,0.47222222222222221
56,18,44,0.20476428821170795,2,2,0.1111111111111111
56,19,56,0.12023236534298973,1,1,4.3039682539682538
56,20,31,0.47139302554117857,3,3,1
56,21,66,0.50780699679277497,4,4,0.5
56,22,79,0.58577877819057256,4,4,0.33333333333333331
56,23,16,0.31692390625902955,3,3,1.6444444444444444
56,24,21,0.68133338117751419,5,5,0.33333333333333331
56,25,97,0.60956930689066435,4,4,0.1111111111111111
56,26,92,0.49219393155518742,4,3,0.125
56,27,60,0.4669497477766677,3,3,0.33333333333333331
56,28,56,0.15331763856040223,1,1,2.2333333333333334
56,29,97,0.49758110852311827,4,4,0.125
56,30,70,0.40466161281396029,3,3,0.5
56,31,59,0.32652739126439712,2,2,2.2301587301587298
56,32,28,0.32977277358334811,2,2,2.0333333333333332
56,33,46,0.38137229446983134,3,3,0.10000000000000001
56,34,44,0.30990551153048917,2,2,0.125
56,35,56,0.19360843329147973,1,1,2.427777777777778
56,36,10,0.67937945729414329,5,5,0.1111111111111111
56,37,4,0.40785242699502589,3,3,0.125
56,38,56,0.083615939314193838,1,1,0.33333333333333331
56,39,31,0.34713055504685353,3,3,0.16666666666666666
56,40,70,0.41851210340409234,3,3,0.4861111111111111
56,41,94,0.68647745360907653,5,5,0.33333333333333331
56,42,97,0.58959645090278068,4,4,0.33333333333333331
56,43,32,0.45662007667327209,3,3,0.5
56,44,56,0.16445364939168117,1,1,1.5611111111111113
56,45,56,0.19318187742492074,1,1,0.20000000000000001
56,46,73,0.24454955727148986,2,2,6.1805555555555554
56,47,56,0.051256085780041961,1,1,0.16666666666666666
56,48,93,0.52494392546095703,5,4,0.20000000000000001
56,49,57,0.43421809918128207,3,3,0.5
56,50,92,0.61871342834480558,4,4,0.25
56,51,57,0.45720062495754987,3,3,1
56,52,58,0.4968547515316114,4,4,0.5
56,53,46,0.35337643277563241,3,3,0.20000000000000001
56,54,96,0.38843149749961692,3,3,1
56,55,46,0.42346623083516866,3,3,0.42500000000000004
56,56,-1,0,0,0,29.775000000000002
56,57,19,0.31364390425697869,2,2,2.7761904761904765
56,58,60,0.47646044771467766,3,3,1.5
56,59,56,0.13499249388408255,1,1,7.8448412698412691
56,60,59,0.28865917584987311,2,2,5.4718253968253965
56,61,44,0.27920498067322913,2,2,0.10000000000000001
56,62,76,0.28308442393851074,2,2,0.14285714285714285
56,63,23,0.47184099339284308,4,4,0.1111111111111111
56,64,76,0.21748170478908249,2,2,0.20000000000000001
56,65,57,0.38242790993454945,3,3,0.33333333333333331
56,66,46,0.3837100472089503,3,3,2.7833333333333332
56,67,8,0.64403377893045577,5,5,0.1111111111111111
56,68,0,0.69981274349043321,4,4,0.33333333333333331
56,69,94,0.75298600030699336,5,5,0.125
56,70,73,0.22186201244715487,2,2,1.1527777777777777
56,71,92,0.66557732091313104,4,4,0.33333333333333331
56,72,46,0.36182483254168002,3,3,0.20000000000000001
56,73,56,0.063904337585401622,1,1,9.2277777777777779
56,74,55,0.60500258937916629,4,4,0.20000000000000001
56,75,6,0.62073225081090744,4,4,0.1111111111111111
56,76,56,0.16761023871227523,1,1,0.44285714285714284
56,77,14,0.23077700684919777,2,2,0.33333333333333331
56,78,56,0.083927055165630662,1,1,0.16666666666666666
56,79,60,0.47449002046450528,3,3,1.9206349206349205
56,80,96,0.39845144755971523,3,3,0.16666666666666666
56,81,97,0.5928257989374156,4,4,1
56,82,46,0.35371388837211898,3,3,0.25
56,83,79,0.58465042059915018,4,4,0.27777777777777779
56,84,57,0.48385984769279955,3,3,0.20000000000000001
56,85,56,0.065901318304213738,1,1,0.33333333333333331
56,86,57,0.42580643389624795,3,3,0.47619047619047616
56,87,97,0.56628685825644587,4,4,0.125
56,88,84,0.60824834041764697,4,4,0.10000000000000001
56,89,58,0.61277045283238285,4,4,0.5
56,90,3,0.68116788197002542,5,4,0.14285714285714285
56,91,46,0.34213328689229783,3,3,0.25
56,92,60,0.47694468168639703,3,3,1.5511904761904762
56,93,23,0.51127736439094096,4,4,1.2
56,94,66,0.56969621421867811,4,4,1.7833333333333332
56,95,94,0.76093105153898266,5,5,1
56,96,19,0.31223439901102024,2,2,1.4166666666666665
56,97,99,0.4314528484357858,3,3,1.8944444444444444
56,98,31,0.44128839187277991,3,3,0.14285714285714285
56,99,35,0.29347654157715308,2,2,2.0944444444444446
57,0,32,0.80370068306159026,5,5,1.3333333333333333
57,1,58,0.78601620352259693,5,5,0.14285714285714285
57,2,57,0.1448617479944514,1,1,0.16666666666666666
57,3,27,0.67390711578665741,5,4,1
57,4,76,0.40914826053019143,3,3,0.10000000000000001
57,5,86,0.22736971137372994,2,2,0.33333333333333331
57,6,39,0.56464518867631264,4,4,0.69841269841269837
57,7,16,0.69494344475279402,4,4,0.59999999999999998
57,8,55,0.89229575291468011,6,5,0.3611111111111111
57,9,58,0.79526413619736658,5,5,0.83333333333333326
57,10,40,0.83347606067805946,6,5,1.3611111111111112
57,11,75,0.90572247754367619,6,6,0.1111111111111111
57,12,94,0.95622305230146276,6,6,0.20000000000000001
57,13,7,0.87985312604735266,5,5,0.10000000000000001
57,14,57,0.17501549200417441,1,1,4.1638888888888896
57,15,98,0.68019028125988545,4,4,0.33333333333333331
57,16,85,0.50963455186259765,3,3,3.1666666666666665
57,17,23,0.7408204130932784,5,4,0.1111111111111111
57,18,76,0.38379916250088164,3,2,0.1111111111111111
57,19,57,0.19341153891398896,1,1,13.215079365079365
57,20,84,0.340087256827595,2,2,7.5353174603174597
57,21,66,0.81951424342256329,5,5,0.5
57,22,27,0.74702626309565323,5,5,0.33333333333333331
57,23,16,0.6123316552754231,4,4,2.4416666666666664
57,24,21,0.99304062780730251,6,6,0.33333333333333331
57,25,97,0.86718179043955368,5,5,0.1111111111111111
57,26,58,0.74508524073959381,5,5,0.125
57,27,39,0.61767909761568185,4,4,1.8333333333333333
57,28,47,0.44684750069331869,3,3,4.3861111111111111
57,29,97,0.75519359207200754,5,5,0.125
57,30,32,0.71239883355820033,5,4,0.5
57,31,20,0.48495289110437645,3,3,2.4440476190476188
57,32,28,0.62330263571626454,4,4,2.5333333333333332
57,33,46,0.69307954109961967,4,4,0.10000000000000001
57,34,62,0.44527643323116228,3,3,0.125
57,35,44,0.4639313557819037,3,3,0.33333333333333331
57,36,10,0.98718394090766881,7,6,1.1111111111111112
57,37,61,0.59080017534211893,4,4,0.45833333333333331
57,38,19,0.26056197119424418,2,2,0.33333333333333331
57,39,20,0.46951197434148595,3,3,3.6150793650793647
57,40,70,0.72631658701761781,5,4,1.4861111111111112
57,41,94,0.99818470023886485,6,6,0.33333333333333331
57,42,37,0.78541819234289034,5,5,0.33333333333333331
57,43,32,0.75014993880618852,5,5,0.5
57,44,14,0.35715355280246641,2,2,3.0944444444444446
57,45,57,0.16214950553213303,1,1,0.40000000000000002
57,46,73,0.55625680390127819,3,3,3.7833333333333337
57,47,19,0.27784080244011317,2,2,4.552777777777778
57,48,93,0.82035167447735058,6,5,0.20000000000000001
57,49,57,0.12057419492430337,1,1,0.5
57,50,79,0.83438981840107562,5,5,0.25
57,51,57,0.14355672070057116,1,1,1
57,52,58,0.70392211797477156,5,5,0.5
57,53,46,0.66508367940542068,4,4,0.20000000000000001
57,54,57,0.092607470539251321,1,1,1
57,55,23,0.72212482899157526,5,4,0.68611111111111112
57,56,19,0.31364390425697869,2,2,0.33333333333333331
57,57,-1,0,0,0,30.008333333333329
57,58,31,0.68352781415783781,4,4,2.301190476190476
57,59,78,0.40296035184714996,3,3,0.30952380952380953
57,60,59,0.55662703381294043,4,4,0.16666666666666666
57,61,76,0.45385835464128998,3,3,0.55833333333333335
57,62,77,0.38699430280075031,2,2,0.26785714285714285
57,63,23,0.76724874240923668,5,5,0.1111111111111111
57,64,45,0.28132388877574471,2,2,0.20000000000000001
57,65,57,0.068784005677570745,1,1,0.33333333333333331
57,66,46,0.69541729383873863,4,4,1.7833333333333332
57,67,8,0.94708642586394087,7,6,0.1111111111111111
57,68,0,0.99334260562334964,6,6,0.33333333333333331
57,69,94,1.0646932469367816,6,6,0.125
57,70,28,0.52966649606068039,4,3,1.6527777777777779
57,71,9,0.92070482358717198,6,6,0.33333333333333331
57,72,46,0.6735320791714684,4,4,0.20000000000000001
57,73,19,0.37561158421518992,2,2,3.9083333333333337
57,74,55,0.9036611875355729,6,5,0.20000000000000001
57,75,6,0.76128438959455202,5,5,0.36507936507936506
57,76,14,0.30479005802504489,2,2,0.86944444444444446
57,77,57,0.19658249880667134,1,1,0.60119047619047616
57,78,19,0.24872089234994571,2,2,0.47619047619047616
57,79,39,0.64015728733127308,4,4,0.91666666666666663
57,80,57,0.091068462023995267,1,1,0.16666666666666666
57,81,97,0.85043828248630493,5,5,1
57,82,46,0.66542113500190736,4,4,0.25
57,83,27,0.74530635563477654,5,5,0.16666666666666666
57,84,57,0.17021594343582083,1,1,7.735317460317459
57,85,19,0.36088325019575251,2,2,3.5
57,86,57,0.11216252963926925,1,1,0.47619047619047616
57,87,97,0.82389934180533519,5,5,0.125
57,88,84,0.29460443616066828,2,2,0.10000000000000001
57,89,79,0.80605471442321808,5,5,0.5
57,90,75,0.82584203527546574,6,5,0.14285714285714285
57,91,46,0.65384053352208615,4,4,0.25
57,92,58,0.74288347185299197,5,5,0.20000000000000001
57,93,23,0.80668511340733451,5,5,1.2
57,94,66,0.88140346084846644,5,5,0.78333333333333321
57,95,36,1.0708898379756473,8,6,1
57,96,57,0.059732204801715504,1,1,0.25
57,97,99,0.68906533198467512,4,4,1.5611111111111111
57,98,20,0.50763758506905754,3,3,0.47619047619047616
57,99,44,0.55108902512604241,3,3,1.7611111111111111
58,0,43,0.3680011776783666,3,3,1
58,1,58,0.1024883893647591,1,1,0.14285714285714285
58,2,51,0.73891618233528877,5,5,0.16666666666666666
58,3,58,0.066652869661918787,1,1,1.3333333333333333
58,4,85,0.68850674110721921,4,4,0.32500000000000001
58,5,20,0.45857163007568025,3,3,1.9761904761904761
58,6,58,0.15432513171954834,1,1,0.47619047619047616
58,7,82,0.61527590458837489,4,4,0.69999999999999996
58,8,24,0.78492397523208246,5,5,0.25
58,9,58,0.11173632203952881,1,1,5.6722222222222216
58,10,43,0.42465146299596734,3,3,2.1444444444444444
58,11,22,0.27698790718630484,2,2,0.1111111111111111
58,12,10,0.58582172622993023,4,4,0.32500000000000001
58,13,17,0.78059164922260504,6,5,0.10000000000000001
58,14,78,0.62483160216013967,4,4,0.20000000000000001
58,15,3,0.24883592884131872,2,2,0.33333333333333331
58,16,46,0.61212039515586503,4,4,0.125
58,17,91,0.63489647472874833,5,4,0.41111111111111109
58,18,85,0.67906403429034246,4,4,0.2361111111111111
58,19,78,0.55101676676375611,4,4,0.3611111111111111
58,20,31,0.34344055733024281,2,2,4.9428571428571431
58,21,43,0.46264507729124249,3,3,0.86111111111111105
58,22,58,0.11275618278138953,1,1,0.44444444444444442
58,23,46,0.60103152228389189,4,4,0.33333333333333331
58,24,21,0.63617146167598171,4,4,0.69444444444444442
58,25,63,0.94174716454269591,6,6,0.1111111111111111
58,26,58,0.061557426581755968,1,1,0.125
58,27,58,0.08124159898616419,1,1,0.33333333333333331
58,28,60,0.33696114701853863,2,2,2.411111111111111
58,29,97,0.93910489601992997,7,6,0.125
58,30,32,0.32318411421808491,3,2,0.5
58,31,58,0.19857492305346133,1,1,5.2523809523809533
58,32,92,0.23408791637614912,2,2,5.9083333333333341
58,33,82,0.50055592808326765,4,3,0.10000000000000001
58,34,18,0.78556082109832326,5,5,0.125
58,35,73,0.63513222078829146,4,4,1.1916666666666667
58,36,10,0.57835934322557669,4,4,1.1111111111111112
58,37,4,0.87135982970508419,5,5,0.125
58,38,59,0.48422558836630247,3,3,0.53333333333333333
58,39,31,0.21917808683591775,2,2,0.16666666666666666
58,40,32,0.38422625480978212,3,3,0.125
58,41,10,0.62036708993263301,4,4,0.33333333333333331
58,42,97,1.0311202383995923,7,6,0.33333333333333331
58,43,9,0.31151079261367154,2,2,4.5055555555555555
58,44,56,0.64091409710635872,4,4,1
58,45,38,0.62963580692641818,4,4,0.20000000000000001
58,46,70,0.49132687133537151,3,3,1.4583333333333333
58,47,59,0.47208276106983826,3,3,0.16666666666666666
58,48,7,0.77696651341730083,5,5,0.20000000000000001
58,49,84,0.71264806121344038,4,4,0.5
58,50,58,0.15135601907689733,1,1,0.25
58,51,84,0.56710260854184724,4,4,1.1666666666666667
58,52,58,0.020394303816933773,1,1,0.5
58,53,82,0.57789379191819457,4,4,1.5472222222222223
58,54,86,0.73681934218378886,5,5,1
58,55,82,0.62896264312149786,4,4,1.125
58,56,59,0.47646044771467755,3,3,1.5761904761904761
58,57,84,0.68352781415783781,4,4,0.10000000000000001
58,58,-1,0,0,0,29.608333333333334
58,59,60,0.34146795383059503,2,2,3.68015873015873
58,60,58,0.18780127186480453,1,1,7.8829365079365079
58,61,4,0.74420848168038634,5,5,0.10000000000000001
58,62,76,0.75954487165318829,5,5,0.14285714285714285
58,63,53,0.75279961407857732,5,5,1.3472222222222223
58,64,78,0.68747782141761893,4,4,0.20000000000000001
58,65,86,0.65984693027721164,5,4,0.33333333333333331
58,66,82,0.46901500381488742,4,3,0.5
58,67,24,0.7847106035632857,5,5,0.1111111111111111
58,68,9,0.31035869995387633,2,2,0.33333333333333331
58,69,12,0.69781501382336553,5,5,0.125
58,70,60,0.37440217659993624,2,2,1.625
58,71,9,0.23717700942933417,2,2,0.33333333333333331
58,72,82,0.56544553073220949,4,4,0.20000000000000001
58,73,28,0.47307804833354949,3,3,1.3166666666666667
58,74,17,0.80553004077391599,6,5,0.20000000000000001
58,75,58,0.18924908342460917,1,1,0.1111111111111111
58,76,56,0.64407068642695275,4,4,0.24285714285714285
58,77,78,0.66884056136342651,4,4,0.33333333333333331
58,78,59,0.49570741332779933,3,3,1.2611111111111111
58,79,58,0.058420363560926045,1,1,0.16666666666666666
58,80,86,0.72335042358455559,5,5,0.16666666666666666
58,81,63,0.89909544654752971,6,6,1
58,82,32,0.43344231539854855,3,3,5.0833333333333339
58,83,58,0.11385448562547767,1,1,0.30952380952380953
58,84,20,0.51331187072201701,3,3,1.8666666666666667
58,85,28,0.51332805431631012,3,3,0.89444444444444438
58,86,5,0.5737788118101409,4,4,1.6428571428571428
58,87,63,0.94575439556882213,6,6,0.125
58,88,20,0.50315114492687407,3,3,0.10000000000000001
58,89,58,0.13631000511770522,1,1,0.5
58,90,83,0.21863784222702182,2,2,0.14285714285714285
58,91,82,0.49916774010126708,4,3,0.66111111111111109
58,92,58,0.059355657695154218,1,1,6.1083333333333343
58,93,55,0.76455451315865108,5,5,1
58,94,10,0.51740756901073692,4,4,0.125
58,95,36,0.66206524029355518,5,5,1
58,96,19,0.74301880043178659,5,5,0.25
58,97,99,0.87297663593259756,6,6,0.65833333333333333
58,98,6,0.22260369241168668,2,2,0.14285714285714285
58,99,35,0.73500032907396484,5,5,0.85833333333333339
59,0,32,0.42127078994053269,3,3,1
59,1,92,0.43561124944650331,3,3,0.14285714285714285
59,2,57,0.54782209984160135,4,4,0.16666666666666666
59,3,79,0.37782809404126605,3,2,1.1428571428571428
59,4,85,0.3555418878181319,2,2,0.32500000000000001
59,5,20,0.45153160440253348,3,3,0.33333333333333331
59,6,31,0.28910055600858536,2,2,0.77777777777777768
59,7,46,0.40637766441648693,3,3,0.69999999999999996
59,8,17,0.59726426394227339,4,4,0.3611111111111111
59,9,92,0.40514440313452449,3,3,0.83333333333333326
59,10,40,0.45090625191677908,3,3,1.3611111111111112
59,11,83,0.61415109099099507,4,4,0.1111111111111111
59,12,94,0.57995193717754012,4,4,0.20000000000000001
59,13,55,0.59042427312391699,4,4,0.10000000000000001
59,14,78,0.28336364832954464,2,2,0.20000000000000001
59,15,6,0.46554383255955456,3,3,0.33333333333333331
59,16,73,0.29687079539647865,2,2,0.125
59,17,46,0.44554452128781769,3,3,0.47222222222222221
59,18,44,0.33975678209579047,3,2,0.1111111111111111
59,19,78,0.20954881293316102,2,2,3.7706349206349206
59,20,31,0.33640053165709605,2,2,1.5333333333333334
59,21,82,0.44169256410721602,3,3,0.5
59,22,79,0.45078628430649004,3,3,0.33333333333333331
59,23,46,0.36227536618108858,3,3,1.5555555555555556
59,24,21,0.61521894849195524,4,4,0.33333333333333331
59,25,63,0.70614000377902075,5,5,0.1111111111111111
59,26,92,0.35720143767110479,3,3,0.125
59,27,60,0.33195725389258512,2,2,0.33333333333333331
59,28,59,0.064417607572261018,1,1,7.4527777777777784
59,29,97,0.6125751778220565,5,4,0.125
59,30,70,0.32989628766620538,2,2,0.5
59,31,59,0.19153489738031457,1,1,2.763492063492063
59,32,28,0.24087274259520691,2,2,1.7
59,33,82,0.35204649769974727,3,3,0.10000000000000001
59,34,44,0.4448980054145717,3,3,0.125
59,35,73,0.30860250259041805,2,2,1.3166666666666667
59,36,10,0.60461413214638848,4,4,1.1111111111111112
59,37,4,0.53839497641599676,3,3,0.125
59,38,59,0.14275763453570742,1,1,0.53333333333333333
59,39,31,0.21213806116277098,2,2,0.16666666666666666
59,40,70,0.34374677825633743,2,2,1.4861111111111112
59,41,94,0.62191358511494232,4,4,0.33333333333333331
59,42,97,0.70459052020171897,5,4,0.33333333333333331
59,43,32,0.36772004568513084,3,3,0.5
59,44,56,0.29944614327576369,2,2,1.2361111111111112
59,45,38,0.28816785309582316,2,2,0.20000000000000001
59,46,28,0.25257071523256824,2,2,5.552777777777778
59,47,59,0.13061480723924321,1,1,0.16666666666666666
59,48,7,0.56806827324541287,4,4,0.20000000000000001
59,49,57,0.52353454677145328,4,4,0.5
59,50,92,0.48372093446072295,3,3,0.25
59,51,57,0.54651707254772108,4,4,1
59,52,58,0.36186225764752877,3,3,0.5
59,53,46,0.36139759073671079,3,3,1.2
59,54,96,0.47774794508978824,4,4,1
59,55,46,0.43148738879624704,3,3,0.42500000000000004
59,56,59,0.13499249388408255,1,1,1.8123015873015873
59,57,19,0.40296035184714996,3,3,2.2428571428571429
59,58,60,0.34146795383059503,2,2,1.5
59,59,-1,0,0,0,29.965476190476192
59,60,59,0.15366668196579053,1,1,5.8051587301587295
59,61,4,0.41124362839129897,3,3,0.10000000000000001
59,62,76,0.41807691782259332,3,3,0.14285714285714285
59,63,23,0.51719245331490216,4,4,1.2222222222222223
59,64,78,0.3460098675870239,2,2,0.20000000000000001
59,65,57,0.47174435752472071,4,4,0.33333333333333331
59,66,70,0.31914617871481615,2,2,1.2833333333333332
59,67,8,0.65205493689153415,5,5,0.1111111111111111
59,68,9,0.60376678104887205,4,4,0.33333333333333331
59,69,94,0.68842213181285916,4,4,0.125
59,70,59,0.14709668729939995,1,1,4.5361111111111105
59,71,92,0.53058482702904841,3,3,0.33333333333333331
59,72,46,0.3698459905027584,3,3,0.20000000000000001
59,73,59,0.14654833013567614,1,1,1.5666666666666667
59,74,55,0.61302374734024467,4,4,0.20000000000000001
59,75,6,0.48573975692682481,3,3,0.1111111111111111
59,76,56,0.30260273259635778,2,2,0.24285714285714285
59,77,78,0.32737260753283148,2,2,0.33333333333333331
59,78,59,0.15423945949720427,1,1,4.6706349206349209
59,79,60,0.3394975265804227,2,2,1.9206349206349205
59,80,96,0.48776789514988655,4,4,0.16666666666666666
59,81,63,0.66348828578385455,5,5,1
59,82,70,0.28493288501502823,2,2,0.84999999999999998
59,83,79,0.44965792671506755,3,3,0.27777777777777779
59,84,20,0.50627184504887013,3,3,0.10000000000000001
59,85,59,0.18036320102722289,1,1,0.65833333333333333
59,86,57,0.51512288148641916,4,4,0.14285714285714285
59,87,97,0.68128092755538416,5,5,0.125
59,88,20,0.49611111925372731,3,3,0.10000000000000001
59,89,58,0.47777795894830022,3,3,0.5
59,90,3,0.5461753880859429,4,3,0.14285714285714285
59,91,70,0.32481604779717521,2,2,0.25
59,92,60,0.3419521878023144,2,2,1.8845238095238095
59,93,53,0.55462019331496326,4,4,1
59,94,66,0.50513234572454391,3,3,0.78333333333333321
59,95,36,0.68832002921436697,5,4,1
59,96,19,0.40155084660119156,3,3,1.4166666666666665
59,97,99,0.54644691773472409,4,4,0.78333333333333333
59,98,31,0.30629589798869739,2,2,0.14285714285714285
59,99,35,0.40847061087609138,3,3,0.98333333333333339
60,0,32,0.28916290340079631,2,2,1
60,1,92,0.28194456748071284,2,2,0.14285714285714285
60,2,51,0.65702807038021649,5,5,0.16666666666666666
60,3,79,0.22416141207547552,2,2,1.1428571428571428
60,4,85,0.50070546924241466,3,3,0.32500000000000001
60,5,20,0.37668351812060807,3,3,0.80952380952380953
60,6,60,0.18295276339940303,1,1,0.66666666666666663
60,7,46,0.45733254865448558,3,3,0.69999999999999996
60,8,17,0.64821914818027204,4,4,0.25
60,9,92,0.25147772116873396,2,2,0.83333333333333326
60,10,30,0.34471173144274958,2,2,1.6944444444444444
60,11,83,0.4604844090252046,3,3,0.1111111111111111
60,12,94,0.49960556149491142,4,3,0.20000000000000001
60,13,55,0.64137915736191564,4,4,0.10000000000000001
60,14,78,0.43703033029533511,3,3,0.20000000000000001
60,15,6,0.35939603995037217,2,2,0.33333333333333331
60,16,46,0.42431912329106047,3,3,0.125
60,17,46,0.4964994055258164,3,3,0.3611111111111111
60,18,85,0.4912627624255379,3,3,0.2361111111111111
60,19,78,0.36321549489895155,3,3,1.6277777777777775
60,20,31,0.26155244537517064,2,2,3.6761904761904765
60,21,30,0.3595294532398583,2,2,0.61111111111111105
60,22,79,0.29711960234069951,2,2,0.33333333333333331
60,23,46,0.41323025041908734,3,3,1.6805555555555556
60,24,21,0.53305583762459752,3,3,0.44444444444444442
60,25,63,0.75709488801701952,5,5,0.1111111111111111
60,26,92,0.20353475570531429,2,2,0.125
60,27,60,0.17829057192679459,1,1,0.44444444444444442
60,28,60,0.14915987515373411,1,1,2.411111111111111
60,29,97,0.75130362415512542,6,5,0.125
60,30,60,0.19763358946279791,1,1,2.8055555555555554
60,31,60,0.11668681109838915,1,1,3.961904761904762
60,32,60,0.10876485605547055,1,1,3.125
60,33,82,0.37523286776258902,3,2,0.10000000000000001
60,34,18,0.59775954923351871,4,4,0.125
60,35,73,0.4473309489234869,3,3,1.1916666666666667
60,36,10,0.49841961167235893,3,3,1.1111111111111112
60,37,4,0.68355855784027963,4,4,0.125
60,38,59,0.29642431650149792,2,2,0.53333333333333333
60,39,60,0.13675668873530908,1,1,0.16666666666666666
60,40,32,0.25890319448910354,2,2,0.57499999999999996
60,41,10,0.54042735837941525,3,3,0.33333333333333331
60,42,97,0.84331896653478788,6,5,0.33333333333333331
60,43,32,0.23561215914539452,2,2,0.5
60,44,56,0.45311282524155427,3,3,1
60,45,38,0.44183453506161363,3,3,0.20000000000000001
60,46,70,0.30352559947056695,2,2,5.6916666666666673
60,47,59,0.28428148920503371,2,2,0.16666666666666666
60,48,7,0.61902315748341152,4,4,0.20000000000000001
60,49,84,0.6307599492583682,4,4,0.5
60,50,92,0.33005425249493242,2,2,0.25
60,51,84,0.48521449658677507,4,4,1.1666666666666667
60,52,58,0.2081955756817383,2,2,0.5
60,53,46,0.4123524749747095,3,3,1.2
60,54,96,0.63141462705557871,5,5,1
60,55,46,0.48244227303424569,3,3,0.42500000000000004
60,56,59,0.28865917584987311,2,2,1.5761904761904761
60,57,19,0.55662703381294054,4,4,0.10000000000000001
60,58,60,0.18780127186480453,1,1,1.5
60,59,60,0.15366668196579053,1,1,4.946825396825397
60,60,-1,0,0,0,29.94166666666667
60,61,4,0.55640720981558178,4,4,0.10000000000000001
60,62,76,0.57174359978838385,4,4,0.14285714285714285
60,63,23,0.56814733755290092,4,4,1.3472222222222223
60,64,78,0.49967654955281438,3,3,0.20000000000000001
60,65,86,0.57795881832213958,5,4,0.33333333333333331
60,66,82,0.34369194349420884,3,2,0.5
60,67,24,0.68159497951190151,4,4,0.1111111111111111
60,68,9,0.45010009908308146,3,3,0.33333333333333331
60,69,94,0.60807575613023035,4,4,0.125
60,70,60,0.18660090473513169,1,1,6.1083333333333343
60,71,92,0.37691814506325788,2,2,0.33333333333333331
60,72,46,0.42080087474075711,3,3,0.20000000000000001
60,73,28,0.285276776468745,2,2,1.3166666666666667
60,74,55,0.66397863157824333,4,4,0.20000000000000001
60,75,27,0.34561100352278878,2,2,0.1111111111111111
60,76,56,0.45626941456214831,3,3,0.24285714285714285
60,77,78,0.48103928949862196,3,3,0.33333333333333331
60,78,59,0.30790614146299478,2,2,2.5277777777777777
60,79,60,0.18583084461463217,1,1,1.9206349206349205
60,80,96,0.64143457711567697,5,5,0.16666666666666666
60,81,63,0.71444317002185331,5,5,1
60,82,32,0.30811925507786997,2,2,0.84999999999999998
60,83,79,0.29599124474927702,2,2,0.27777777777777779
60,84,20,0.43142375876694478,3,3,1.7666666666666666
60,85,28,0.32552678245150557,2,2,0.89444444444444438
60,86,5,0.49189069985506878,4,4,0.47619047619047616
60,87,63,0.76110211904314573,5,5,0.125
60,88,20,0.4212630329718019,3,3,0.10000000000000001
60,89,58,0.32411127698250974,2,2,0.5
60,90,3,0.39250870612015232,3,3,0.14285714285714285
60,91,70,0.36432026523290695,2,2,0.25
60,92,60,0.1882855058365239,1,1,1.8845238095238095
60,93,53,0.60557507755296192,4,4,1
60,94,40,0.42478597004191515,3,3,0.45000000000000001
60,95,36,0.58212550874033742,4,4,1
60,96,19,0.55521752856698203,4,4,1.4166666666666665
60,97,99,0.685175364067793,5,5,0.65833333333333333
60,98,31,0.23144781170677195,2,2,0.14285714285714285
60,99,35,0.54719905720916029,4,4,0.85833333333333339
61,0,40,0.70729434592577356,6,5,1.3333333333333333
61,1,92,0.83835177729629451,6,6,0.14285714285714285
61,2,96,0.56444655445252856,4,4,0.16666666666666666
61,3,79,0.78056862189105714,6,5,1.1428571428571428
61,4,61,0.05570174057316709,1,1,9.9698412698412699
61,5,86,0.68122806601501984,5,5,0.33333333333333331
61,6,31,0.70034418439988444,5,5,0.77777777777777768
61,7,23,0.42898147905536532,3,3,0.59999999999999998
61,8,55,0.62611606174195034,4,4,0.69444444444444442
61,9,92,0.80788493098431569,6,5,0.5
61,10,66,0.68506421650586535,5,5,0.25
61,11,83,1.0168916188407864,7,7,0.1111111111111111
61,12,94,0.76867789251325824,6,5,0.20000000000000001
61,13,7,0.61389116034992397,4,4,0.10000000000000001
61,14,76,0.27884286263711555,2,2,1.9761904761904761
61,15,6,0.87678746095085358,6,6,0.33333333333333331
61,16,35,0.24791812029258031,2,2,6.3944444444444448
61,17,23,0.47464072192054862,3,3,0.1111111111111111
61,18,61,0.075205635894639397,1,1,0.1111111111111111
61,19,76,0.29368679988510432,2,2,0.1111111111111111
61,20,31,0.74764416004839507,5,5,1
61,21,66,0.63196908363435889,5,4,0.27777777777777779
61,22,79,0.85352681215628112,6,6,0.33333333333333331
61,23,99,0.34615196410269333,2,2,1.8638888888888889
61,24,8,0.77486857529805109,5,5,0.33333333333333331
61,25,29,0.44550891814453908,3,3,0.1111111111111111
61,26,92,0.75994196552089599,6,5,0.125
61,27,60,0.73469778174237632,5,5,0.33333333333333331
61,28,85,0.40724733466184759,3,3,5.8718253968253968
61,29,37,0.32263379838388784,2,2,0.3611111111111111
61,30,70,0.61092928514446387,4,4,1
61,31,59,0.60277852577161362,4,4,2.2301587301587298
61,32,28,0.58370246968479345,4,4,0.20000000000000001
61,33,46,0.50553438131141526,4,3,0.10000000000000001
61,34,61,0.057558905661714642,1,1,0.125
61,35,61,0.13034374346248936,1,1,6.7277777777777779
61,36,21,0.80402156680702785,6,5,0.1111111111111111
61,37,61,0.13694182070082894,1,1,3.5305555555555559
61,38,78,0.32604211915208769,3,2,0.33333333333333331
61,39,31,0.62338168955407003,5,5,0.16666666666666666
61,40,82,0.59293883765504374,5,4,1.4583333333333333
61,41,94,0.81063954045066033,6,5,0.33333333333333331
61,42,37,0.33155983770160036,2,2,0.33333333333333331
61,43,30,0.66566758443732199,5,4,0.5
61,44,61,0.11475133128154795,1,1,2
61,45,76,0.29186297034195585,2,2,0.20000000000000001
61,46,16,0.36871164411307383,3,3,5.8694444444444445
61,47,44,0.30545990000975659,2,2,0.16666666666666666
61,48,63,0.52159923183203327,4,4,0.20000000000000001
61,49,96,0.54800900015532128,4,4,0.5
61,50,92,0.88646146231051415,6,6,0.25
61,51,57,0.59741507534186111,4,4,1
61,52,58,0.76460278549731997,6,6,0.5
61,53,16,0.40574075087467409,3,3,0.20000000000000001
61,54,96,0.49333480295463705,4,4,1
61,55,23,0.45594513781884544,3,3,0.81944444444444442
61,56,44,0.27920498067322913,2,2,0.33333333333333331
61,57,14,0.45385835464128998,3,3,1.7761904761904761
61,58,60,0.74420848168038622,5,5,1.5
61,59,85,0.41124362839129902,3,3,2.3730158730158726
61,60,28,0.55640720981558167,4,4,5.4718253968253965
61,61,-1,0,0,0,30.008333333333333
61,62,61,0.089146330385539332,1,1,0.14285714285714285
61,63,97,0.45636446820793797,3,3,1.5111111111111111
61,64,61,0.17287985214100607,1,1,2.9500000000000006
61,65,96,0.52261561984134786,4,4,0.33333333333333331
61,66,46,0.50787213405053422,4,4,2.8111111111111109
61,67,8,0.6809067346912111,5,5,0.1111111111111111
61,68,0,0.89693626848753294,7,6,0.33333333333333331
61,69,94,0.87714808714857717,6,5,0.125
61,70,85,0.42812968477765845,3,3,1.1666666666666667
61,71,92,0.93332535487883961,6,6,0.33333333333333331
61,72,16,0.42823344608312236,3,3,0.20000000000000001
61,73,85,0.27191758172520936,3,2,0.125
61,74,63,0.62067923661944846,4,4,0.20000000000000001
61,75,6,0.89698338531812394,6,6,0.1111111111111111
61,76,61,0.1490682966162451,1,1,2.3873015873015873
61,77,64,0.25763337557638344,2,2,2.7500000000000004
61,78,44,0.31343305919022885,2,2,0.5
61,79,60,0.74223805443021384,5,5,1.9206349206349205
61,80,96,0.50335475301473531,4,4,0.16666666666666666
61,81,97,0.43777477279844512,3,3,1
61,82,46,0.47787597521370295,4,3,1.7083333333333333
61,83,79,0.85239845456485874,6,6,0.27777777777777779
61,84,57,0.62407429807711079,4,4,0.20000000000000001
61,85,4,0.23088042736407613,2,2,9.8698412698412703
61,86,57,0.56602088428055919,4,4,0.47619047619047616
61,87,29,0.39654215486173072,3,3,0.125
61,88,84,0.74846279080195821,5,5,0.10000000000000001
61,89,58,0.88051848679809142,6,6,0.5
61,90,3,0.94891591593573399,7,6,0.14285714285714285
61,91,46,0.46629537373388186,4,3,0.25
61,92,60,0.7446927156521056,5,5,1.5511904761904762
61,93,63,0.52287679977296142,4,3,1
61,94,66,0.69385830106026192,5,4,1.7833333333333332
61,95,94,0.88509313838056647,6,5,1
61,96,77,0.41713770446604037,3,3,2.416666666666667
61,97,37,0.27640182229681531,2,2,2.7111111111111112
61,98,31,0.71753952637999641,5,5,0.14285714285714285
61,99,61,0.15384620378407704,1,1,2.0638888888888891
62,0,30,0.74067579526651217,5,5,1.3333333333333333
62,1,92,0.85368816726909658,6,6,0.14285714285714285
62,2,96,0.49722498287022415,3,3,0.16666666666666666
62,3,79,0.7959050118638592,6,5,1.1428571428571428
62,4,62,0.096868684581298423,1,1,0.10000000000000001
62,5,86,0.61436401417448028,4,4,0.33333333333333331
62,6,31,0.70717747383117868,5,5,0.77777777777777768
62,7,16,0.49581480408998291,3,3,0.59999999999999998
62,8,55,0.693167112251869,5,4,0.69444444444444442
62,9,92,0.82322132095711775,6,6,0.5
62,10,66,0.7476520074130717,5,5,0.25
62,11,83,1.0322280088135884,7,7,0.1111111111111111
62,12,94,0.83126568342046459,6,6,0.20000000000000001
62,13,7,0.68072448538454156,4,4,0.10000000000000001
62,14,64,0.22032711640380018,2,2,0.20000000000000001
62,15,6,0.88362075038214782,6,6,0.33333333333333331
62,16,35,0.3105059111997866,2,2,6.8000000000000007
62,17,23,0.5416917724304674,4,4,0.1111111111111111
62,18,62,0.090180700127420424,1,1,0.1111111111111111
62,19,76,0.26009268849509476,2,2,0.1111111111111111
62,20,84,0.72708155962834531,4,4,1
62,21,66,0.69455687454156523,5,5,0.27777777777777779
62,22,79,0.86886320212908319,6,6,0.33333333333333331
62,23,16,0.41320301461261205,3,3,1.2638888888888888
62,24,8,0.84191962580796975,6,5,0.33333333333333331
62,25,29,0.52459559225396979,4,4,0.1111111111111111
62,26,92,0.77527835549369806,6,5,0.125
62,27,60,0.75003417171517839,5,5,0.33333333333333331
62,28,85,0.4266333509604554,3,3,0.40000000000000002
62,29,37,0.40172047249331855,3,3,0.3611111111111111
62,30,70,0.63031530144307168,4,4,2.333333333333333
62,31,59,0.60961181520290786,4,4,1.23015873015873
62,32,28,0.60308848598340137,4,4,0.20000000000000001
62,33,46,0.5681221722186216,4,4,0.10000000000000001
62,34,62,0.058282130430411958,1,1,3.6555555555555559
62,35,62,0.19293153436969565,1,1,7.1333333333333337
62,36,21,0.8666093577142342,6,6,0.1111111111111111
62,37,34,0.21602849481025965,2,2,3.5305555555555559
62,38,76,0.30296488346808786,2,2,0.33333333333333331
62,39,31,0.63021497898536427,5,5,0.16666666666666666
62,40,70,0.64416579203320379,4,4,0.125
62,41,94,0.87322733135786668,6,6,0.33333333333333331
62,42,37,0.41064651181103107,3,3,0.33333333333333331
62,43,30,0.6850536007359298,5,5,0.5
62,44,62,0.1198653443188948,1,1,4.4833333333333325
62,45,64,0.23137456365891498,2,2,0.20000000000000001
62,46,16,0.43129943502028012,3,3,4.4111111111111114
62,47,76,0.29385377007459484,2,2,0.16666666666666666
62,48,63,0.60068590594146398,5,4,0.20000000000000001
62,49,96,0.48078742857301676,3,3,0.5
62,50,92,0.90179785228331621,6,6,0.25
62,51,57,0.53055102350132144,3,3,1
62,52,58,0.77993917547012204,6,6,0.5
62,53,16,0.46832854178188044,3,3,0.20000000000000001
62,54,96,0.42611323137233259,3,3,1
62,55,23,0.52299618832876416,4,4,0.81944444444444442
62,56,76,0.28308442393851074,2,2,7.1781746031746021
62,57,77,0.38699430280075031,2,2,2.7761904761904765
62,58,60,0.75954487165318829,5,5,1.5
62,59,56,0.41807691782259326,3,3,6.8448412698412691
62,60,59,0.57174359978838374,4,4,5.4718253968253965
62,61,62,0.089146330385539332,1,1,0.30000000000000004
62,62,-1,0,0,0,29.965476190476195
62,63,97,0.53545114231736868,4,4,1.5111111111111111
62,64,62,0.11220018041530329,1,1,0.60000000000000009
62,65,96,0.45539404825904334,3,3,0.33333333333333331
62,66,46,0.57045992495774056,4,4,2.8111111111111109
62,67,8,0.74795778520112977,6,5,0.1111111111111111
62,68,0,0.93031771782827155,6,6,0.33333333333333331
62,69,94,0.93973587805578351,6,6,0.125
62,70,85,0.44751570107626626,3,3,2.6249999999999996
62,71,92,0.94866174485164168,6,6,0.33333333333333331
62,72,16,0.49082123699032865,3,3,0.20000000000000001
62,73,44,0.29128992341964749,2,2,0.125
62,74,63,0.69976591072887917,5,5,0.20000000000000001
62,75,6,0.90381667474941807,6,6,0.1111111111111111
62,76,62,0.11547418522623552,1,1,8.0559523809523803
62,77,62,0.19041180399407898,1,1,5.526190476190477
62,78,76,0.29149406108333936,2,2,0.16666666666666666
62,79,60,0.75757444440301591,5,5,1.9206349206349205
62,80,96,0.43613318143243091,3,3,0.16666666666666666
62,81,97,0.51686144690787583,4,4,1
62,82,46,0.54046376612090929,4,4,0.25
62,83,79,0.86773484453766081,6,6,0.27777777777777779
62,84,57,0.55721024623657112,3,3,1.2000000000000002
62,85,44,0.25026644366268397,2,2,3.3583333333333329
62,86,57,0.49915683244001957,3,3,0.47619047619047616
62,87,29,0.47562882897116143,4,4,0.125
62,88,84,0.68159873896141854,4,4,0.10000000000000001
62,89,58,0.89585487677089348,6,6,0.5
62,90,3,0.96425230590853606,7,6,0.14285714285714285
62,91,46,0.52888316464108809,4,4,0.25
62,92,60,0.76002910562490766,5,5,1.5511904761904762
62,93,63,0.60196347388239213,5,4,1
62,94,66,0.75644609196746826,5,5,1.7833333333333332
62,95,94,0.94768092928777281,6,6,1
62,96,77,0.34991613288373591,2,2,2.416666666666667
62,97,37,0.35548849640624602,3,3,2.7111111111111112
62,98,31,0.72437281581129065,5,5,0.14285714285714285
62,99,61,0.24299253416961636,2,2,0.20000000000000001
63,0,40,0.53943139013444785,4,4,1.6666666666666665
63,1,9,0.77733334975221413,5,5,0.14285714285714285
63,2,57,0.91211049040368808,6,6,0.16666666666666666
63,3,79,0.79230874962837639,6,5,1
63,4,35,0.47125767718260997,4,3,0.10000000000000001
63,5,20,0.944830855673509,7,7,0.33333333333333331
63,6,60,0.75110010095230395,5,5,0.66666666666666663
63,7,63,0.14048478457752703,1,1,2.2527777777777778
63,8,93,0.25001706398709073,2,2,1.2416666666666667
63,9,43,0.70469791443580632,4,4,1.503968253968254
63,10,21,0.49225179453965828,4,3,0.25
63,11,89,1.0027377631950507,6,6,0.1111111111111111
63,12,24,0.50925489254988465,4,4,0.20000000000000001
63,13,63,0.16992706119289369,1,1,0.21111111111111111
63,14,19,0.64765324346193553,5,4,0.20000000000000001
63,15,6,0.92754337750327309,6,6,0.33333333333333331
63,16,23,0.25761419054663898,2,2,8.0317460317460316
63,17,63,0.14674750111834703,1,1,0.1111111111111111
63,18,35,0.4832649517496711,4,3,0.1111111111111111
63,19,85,0.57383720349524769,4,4,4.2706349206349206
63,20,31,0.82969978292807156,6,6,1.4333333333333333
63,21,33,0.42069156601345742,3,3,0.41666666666666663
63,22,92,0.84871224391250832,5,5,0.47619047619047616
63,23,63,0.15491708713381352,1,1,14.204761904761906
63,24,8,0.39876957754319148,3,3,0.9916666666666667
63,25,63,0.18894755046411862,1,1,0.1111111111111111
63,26,32,0.70725352554400978,4,4,0.125
63,27,60,0.74643790947969557,5,5,0.44444444444444442
63,28,46,0.45277484574264115,3,3,0.34285714285714286
63,29,63,0.1924163518930927,1,1,0.45833333333333331
63,30,82,0.47077899140980628,3,3,0.5
63,31,60,0.68483414865129011,5,5,1.7190476190476189
63,32,82,0.5187116977024282,3,3,2.1678571428571431
63,33,7,0.27938275173400529,2,2,1.7527777777777778
63,34,37,0.47716901188695671,3,3,0.26785714285714285
63,35,16,0.37518856737672995,3,3,2.1777777777777776
63,36,94,0.58186125247149689,4,4,0.1111111111111111
63,37,97,0.31942264750710903,2,2,0.49285714285714288
63,38,85,0.5532492546035791,4,4,0.33333333333333331
63,39,60,0.70490402628821003,5,5,0.16666666666666666
63,40,66,0.42507588186371803,3,3,1.7916666666666665
63,41,24,0.53308170057410886,4,4,0.33333333333333331
63,42,29,0.31203348445546941,2,2,0.33333333333333331
63,43,66,0.50492344386166366,3,3,2.003968253968254
63,44,35,0.48196637035616724,4,3,1.2
63,45,19,0.65300372017260466,5,4,0.20000000000000001
63,46,23,0.26462173808233391,2,2,5.8396825396825403
63,47,73,0.5215932069779381,4,4,0.16666666666666666
63,48,63,0.065234763624095318,1,1,0.20000000000000001
63,49,57,0.88782293733354001,6,6,0.5
63,50,9,0.81044590885701939,5,5,0.25
63,51,57,0.91080546310980781,6,6,1
63,52,92,0.74908244368388166,5,5,0.5
63,53,63,0.17490582216038272,1,1,3.1178571428571433
63,54,96,0.84203633565187497,6,6,1
63,55,63,0.13856398166264558,1,1,0.125
63,56,73,0.47184099339284302,4,4,0.33333333333333331
63,57,19,0.76724874240923668,5,5,2.342857142857143
63,58,92,0.75279961407857732,5,5,0.5
63,59,28,0.51719245331490216,4,4,0.14285714285714285
63,60,70,0.56814733755290092,4,4,4.3301587301587299
63,61,37,0.45636446820793797,3,3,0.10000000000000001
63,62,34,0.53545114231736868,4,4,0.14285714285714285
63,63,-1,0,0,0,29.997222222222224
63,64,44,0.58612165911229464,5,4,0.20000000000000001
63,65,57,0.83603274808680739,6,6,0.33333333333333331
63,66,72,0.32273702183089337,2,2,4.2956349206349209
63,67,13,0.29588446021494746,2,2,0.1111111111111111
63,68,0,0.72907331269620723,5,5,0.66666666666666663
63,69,24,0.51409332084061643,4,4,0.125
63,70,46,0.38154643281776918,3,3,4.4968253968253968
63,71,68,0.82086987641569964,6,5,0.33333333333333331
63,72,63,0.18874167567410371,1,1,4.7456349206349211
63,73,16,0.40793665580744143,3,3,0.625
63,74,63,0.16431476841151052,1,1,0.20000000000000001
63,75,27,0.91375834107568976,6,6,0.1111111111111111
63,76,35,0.5385844410218078,4,4,0.43333333333333335
63,77,76,0.66095835426494942,5,4,0.33333333333333331
63,78,85,0.55105543683467129,4,4,0.16666666666666666
63,79,60,0.7539781821675331,5,5,1.1666666666666667
63,80,96,0.85205628571197323,6,6,0.16666666666666666
63,81,63,0.14629583246895239,1,1,1
63,82,53,0.31935729868002871,2,2,2.9178571428571431
63,83,92,0.85100952055655699,5,5,0.16666666666666666
63,84,57,0.93746468584505749,6,6,0.10000000000000001
63,85,16,0.40636549221348417,3,3,5.1039682539682536
63,86,57,0.87941127204850589,6,6,0.14285714285714285
63,87,63,0.19295478149024478,1,1,0.125
63,88,20,0.98941037052470282,7,7,0.10000000000000001
63,89,9,0.83803100307958256,5,5,0.61111111111111116
63,90,22,0.95496958678602406,6,6,0.14285714285714285
63,91,72,0.25548578956936191,2,2,0.25
63,92,32,0.69344395638342315,4,4,1.842857142857143
63,93,63,0.066512331565023439,1,1,2.2416666666666667
63,94,33,0.47149876147964714,3,3,1.2361111111111112
63,95,94,0.66273359879995164,4,4,1
63,96,19,0.76583923716327829,5,5,1.4166666666666665
63,97,63,0.17996264591112265,1,1,0.89285714285714279
63,98,31,0.7995951492596729,6,6,0.14285714285714285
63,99,97,0.31793895276975537,2,2,0.20000000000000001
64,0,30,0.69519646091290044,5,4,1.3333333333333333
64,1,92,0.78162111703352721,5,5,0.14285714285714285
64,2,96,0.39156670231152252,3,3,0.16666666666666666
64,3,79,0.72383796162828984,5,4,1.1428571428571428
64,4,64,0.13946522737736006,1,1,0.10000000000000001
64,5,86,0.50869360014947462,4,4,0.33333333333333331
64,6,31,0.63511042359560932,4,4,0.77777777777777768
64,7,16,0.51381636145585197,4,4,0.59999999999999998
64,8,55,0.71116866961773806,6,5,0.69444444444444442
64,9,92,0.75115427072154839,5,5,0.5
64,10,40,0.70584593134003371,5,5,0.3611111111111111
64,11,83,0.96016095857801897,6,6,0.1111111111111111
64,12,94,0.8246901599471741,6,6,0.20000000000000001
64,13,7,0.69872604275041061,5,5,0.10000000000000001
64,14,64,0.10812693598849689,1,1,0.20000000000000001
64,15,6,0.81155370014657846,5,5,0.33333333333333331
64,16,35,0.3285074685656556,3,3,3.8999999999999999
64,17,23,0.55969332979633635,5,4,0.1111111111111111
64,18,64,0.11503789450845026,1,1,1.7472222222222222
64,19,64,0.14834298171329685,1,1,0.1111111111111111
64,20,84,0.62141114560333977,4,4,1
64,21,66,0.68798135106827474,5,5,0.16666666666666666
64,22,79,0.79679615189351383,5,5,0.33333333333333331
64,23,16,0.43120457197848105,4,3,2.7749999999999999
64,24,8,0.85992118317383881,7,6,0.33333333333333331
64,25,97,0.60938598079511352,4,4,0.1111111111111111
64,26,92,0.70321130525812869,5,4,0.125
64,27,60,0.67796712147960903,4,4,0.33333333333333331
64,28,56,0.37079934334948472,3,2,0.40000000000000002
64,29,37,0.49551365052489393,3,3,0.125
64,30,70,0.58483596708946006,4,4,2.333333333333333
64,31,59,0.5375447649673385,3,3,1.23015873015873
64,32,28,0.54725447837243069,4,3,0.20000000000000001
64,33,46,0.56154664874533111,4,4,0.10000000000000001
64,34,64,0.16747422520164659,1,1,0.125
64,35,44,0.21093309173556463,2,2,4.2333333333333334
64,36,10,0.85955381156964306,6,6,0.1111111111111111
64,37,61,0.30982167284183504,2,2,0.58333333333333326
64,38,78,0.20437946805167845,2,2,0.33333333333333331
64,39,31,0.55814792874979491,4,4,0.16666666666666666
64,40,70,0.59868645767959205,4,4,0.4861111111111111
64,41,94,0.86665180788457619,6,6,0.33333333333333331
64,42,37,0.50443968984260645,3,3,0.33333333333333331
64,43,30,0.63957426638231818,5,4,0.5
64,44,64,0.10415528875612734,1,1,5.2333333333333334
64,45,64,0.1191743832436117,1,1,2.9761904761904767
64,46,73,0.42472391154698963,3,3,4.0499999999999998
64,47,78,0.22727184030144479,2,2,0.16666666666666666
64,48,93,0.63922459118040853,6,5,0.20000000000000001
64,49,96,0.37512914801431513,3,3,0.5
64,50,92,0.82973080204774685,5,5,0.25
64,51,57,0.4248806094763159,3,3,1
64,52,58,0.70787212523455267,5,5,0.5
64,53,16,0.48633009914774938,4,4,0.20000000000000001
64,54,96,0.32045495081363096,3,3,1
64,55,23,0.54099774569463321,5,4,1.0194444444444444
64,56,76,0.21748170478908249,2,2,0.73333333333333339
64,57,45,0.28132388877574471,2,2,2.7761904761904765
64,58,60,0.68747782141761893,4,4,1.5
64,59,78,0.3460098675870239,2,2,6.8448412698412691
64,60,59,0.49967654955281443,3,3,5.4718253968253965
64,61,64,0.17287985214100607,1,1,0.68333333333333324
64,62,64,0.11220018041530329,1,1,0.14285714285714285
64,63,23,0.58612165911229464,5,4,0.1111111111111111
64,64,-1,0,0,0,29.908333333333331
64,65,96,0.3497357677003417,3,3,0.33333333333333331
64,66,46,0.56388440148445007,4,4,2.4499999999999997
64,67,8,0.76595934256699882,7,6,0.1111111111111111
64,68,0,0.88483838347465982,6,5,0.33333333333333331
64,69,94,0.93316035458249302,6,6,0.125
64,70,73,0.40203636672265464,3,3,2.9861111111111107
64,71,92,0.87659469461607231,5,5,0.33333333333333331
64,72,16,0.50882279435619759,4,4,0.20000000000000001
64,73,76,0.24407869186090136,2,2,7.1611111111111105
64,74,55,0.72253410423863085,6,5,0.20000000000000001
64,75,6,0.83174962451384871,5,5,0.1111111111111111
64,76,64,0.049871466076807251,1,1,8.3277777777777775
64,77,64,0.084753523435377356,1,1,2.7500000000000004
64,78,64,0.19177040808981963,1,1,7.511507936507936
64,79,60,0.68550739416744655,4,4,1.9206349206349205
64,80,96,0.33047490087372927,3,3,0.16666666666666666
64,81,97,0.59264247284186478,4,4,1
64,82,46,0.5338882426476188,4,4,0.25
64,83,79,0.79566779430209145,5,5,0.27777777777777779
64,84,57,0.45153983221156557,3,3,1.2000000000000002
64,85,76,0.20550062634003699,2,2,0.33333333333333331
64,86,57,0.39348641841501397,3,3,0.47619047619047616
64,87,97,0.56610353216089504,4,4,0.125
64,88,84,0.57592832493641299,4,4,0.10000000000000001
64,89,58,0.82378782653532412,5,5,0.5
64,90,3,0.89218525567296669,6,5,0.14285714285714285
64,91,46,0.5223076411677976,4,4,0.25
64,92,60,0.6879620553893383,4,4,1.5511904761904762
64,93,23,0.62555803011039246,5,4,1.2
64,94,66,0.74987056849417777,5,5,1.7833333333333332
64,95,94,0.94110540581448232,6,6,1
64,96,77,0.24425785232503427,2,2,2.416666666666667
64,97,99,0.43126952234023497,3,3,1.4361111111111111
64,98,31,0.65230576557572129,4,4,0.14285714285714285
64,99,18,0.2932932154816022,2,2,1.6361111111111111
65,0,32,0.86712172172293589,7,6,1
65,1,58,0.76233531964197088,6,5,0.14285714285714285
65,2,65,0.091595975039579725,1,1,0.16666666666666666
65,3,27,0.65022623190603124,6,4,1
65,4,76,0.47793226620776214,4,4,0.10000000000000001
65,5,86,0.20127530020153145,2,2,10.568650793650795
65,6,39,0.54096430479568647,5,4,0.69841269841269837
65,7,16,0.76372745043036472,5,5,0.59999999999999998
65,8,55,0.96107975859225081,7,6,0.3611111111111111
65,9,58,0.77158325231674052,6,5,1.1666666666666665
65,10,40,0.90226006635563027,7,6,1.3611111111111112
65,11,75,0.88204159366305002,7,6,0.1111111111111111
65,12,94,1.0250070579790334,7,7,0.20000000000000001
65,13,7,0.94863713172492337,6,6,0.10000000000000001
65,14,57,0.24379949768174514,2,2,3.6055555555555561
65,15,98,0.65650939737925951,5,4,0.33333333333333331
65,16,85,0.57841855754016835,4,4,3.1666666666666665
65,17,23,0.8096044187708491,6,5,0.1111111111111111
65,18,76,0.45258316817845234,4,3,0.1111111111111111
65,19,57,0.26219554459155969,2,2,10.515079365079366
65,20,5,0.31640637294696888,3,2,10.235317460317461
65,21,66,0.888298249100134,6,6,0.5
65,22,27,0.72334537921502706,6,5,0.33333333333333331
65,23,16,0.68111566095299381,5,5,2.4416666666666664
65,24,21,1.0618246334848731,7,7,0.33333333333333331
65,25,97,0.93596579611712449,6,6,0.1111111111111111
65,26,58,0.72140435685896775,6,5,0.125
65,27,39,0.59399821373505568,5,4,1.8333333333333333
65,28,47,0.51563150637088939,4,4,1.8527777777777779
65,29,97,0.82397759774957835,6,6,0.125
65,30,60,0.77559240778493743,6,5,0.5
65,31,20,0.46127200722375039,4,3,5.144047619047619
65,32,60,0.68672367437761017,6,5,1.7
65,33,46,0.76186354677719037,5,5,0.10000000000000001
65,34,62,0.51367617868945525,4,4,0.125
65,35,44,0.5327153614594744,4,4,0.33333333333333331
65,36,10,1.0559679465852396,8,7,1.1111111111111112
65,37,61,0.65955744054217669,5,5,0.45833333333333331
65,38,19,0.32934597687181488,3,3,0.33333333333333331
65,39,20,0.44583109046085984,4,3,3.6150793650793647
65,40,70,0.79510059269518862,6,5,1.4861111111111112
65,41,94,1.0669687059164354,7,7,0.33333333333333331
65,42,37,0.8541754575429481,6,6,0.33333333333333331
65,43,32,0.81357097746753415,7,6,0.5
65,44,14,0.42593755848003717,3,3,3.0944444444444446
65,45,57,0.23093351120970379,2,2,0.20000000000000001
65,46,73,0.62504080957884889,4,4,3.7833333333333337
65,47,19,0.34662480811768392,3,3,2.0194444444444444
65,48,93,0.88913568015492128,7,6,0.20000000000000001
65,49,65,0.064171547096561005,1,1,0.5
65,50,79,0.81070893452044945,6,5,0.25
65,51,65,0.10496980201416456,1,1,1
65,52,58,0.6802412340941455,6,5,0.5
65,53,46,0.73386768508299149,5,5,0.20000000000000001
65,54,65,0.077543442971450133,1,1,1
65,55,23,0.79090883466914597,6,5,0.68611111111111112
65,56,19,0.38242790993454945,3,3,0.33333333333333331
65,57,65,0.068784005677570745,1,1,14.420634920634921
65,58,31,0.65984693027721175,5,4,2.6345238095238095
65,59,78,0.47174435752472077,4,4,0.14285714285714285
65,60,31,0.57795881832213958,5,4,2.3666666666666667
65,61,64,0.52261561984134774,4,4,0.55833333333333335
65,62,77,0.45539404825904334,3,3,0.26785714285714285
65,63,23,0.83603274808680728,6,6,0.1111111111111111
65,64,77,0.3497357677003417,3,3,0.7583333333333333
65,65,-1,0,0,0,29.775000000000002
65,66,46,0.76420129951630933,5,5,1.7833333333333332
65,67,8,1.0158704315415117,8,7,0.1111111111111111
65,68,9,0.97020563023108797,7,6,0.33333333333333331
65,69,94,1.1334772526143522,7,7,0.125
65,70,28,0.59845050173825109,5,4,1.6527777777777779
65,71,9,0.89702393970654581,7,6,0.33333333333333331
65,72,46,0.7423160848490391,5,5,0.20000000000000001
65,73,19,0.44439558989276068,3,3,3.9083333333333337
65,74,55,0.9724451932131436,7,6,0.20000000000000001
65,75,6,0.73760350571392586,6,5,0.36507936507936506
65,76,14,0.37357406370261559,3,3,0.31111111111111112
65,77,96,0.26498224426496436,2,2,1.3595238095238096
65,78,19,0.31750489802751647,3,3,0.30952380952380953
65,79,39,0.61647640345064691,5,4,0.91666666666666663
65,80,65,0.063508561500957891,1,1,0.16666666666666666
65,81,97,0.91922228816387574,6,6,1
65,82,46,0.73420514067947806,5,5,0.25
65,83,27,0.72162547175415037,6,5,0.16666666666666666
65,84,65,0.1491556104823796,1,1,0.20000000000000001
65,85,19,0.42966725587332322,3,3,3.5
65,86,65,0.086068118467070742,1,1,10.711507936507937
65,87,97,0.89268334748290601,6,6,0.125
65,88,84,0.27354410320722705,2,2,0.10000000000000001
65,89,79,0.78237383054259191,6,5,0.5
65,90,75,0.80216115139483957,7,5,0.14285714285714285
65,91,46,0.72262453919965686,5,5,0.25
65,92,58,0.71920258797236603,6,5,0.20000000000000001
65,93,23,0.87546911908490521,6,6,1.2
65,94,66,0.95018746652603703,6,6,0.78333333333333321
65,95,36,1.1396738436532181,9,7,1
65,96,65,0.10547791537530744,1,1,1.6095238095238096
65,97,99,0.75784933766224594,5,5,1.5611111111111111
65,98,20,0.48395670118843148,4,3,0.47619047619047616
65,99,44,0.61987303080361322,4,4,1.7611111111111111
66,0,40,0.21669436830355446,2,2,1.6666666666666665
66,1,9,0.45459632792132093,3,3,0.2857142857142857
66,2,57,0.84027904183319002,5,5,0.16666666666666666
66,3,92,0.53453661845660694,4,3,1
66,4,35,0.47359750039392495,4,3,0.10000000000000001
66,5,20,0.72037546161481691,6,5,0.33333333333333331
66,6,60,0.52664470689361198,4,3,0.66666666666666663
66,7,66,0.18236851781945393,1,1,0.5
66,8,17,0.34461274122445362,2,2,0.3611111111111111
66,9,43,0.38196089260491306,2,2,2.2579365079365079
66,10,66,0.17719208245533119,1,1,0.25
66,11,89,0.68000074136415734,4,4,0.1111111111111111
66,12,94,0.26080575846272402,2,2,0.20000000000000001
66,13,17,0.33858817306385469,2,2,0.10000000000000001
66,14,56,0.56751282193922203,4,4,0.53333333333333333
66,15,6,0.70308798344458112,5,4,0.33333333333333331
66,16,46,0.25995401375795396,2,2,2.0373015873015872
66,17,66,0.19289299856999792,1,1,0.77222222222222225
66,18,35,0.48560477496098609,4,3,0.1111111111111111
66,19,73,0.50200575492474964,3,3,2.7706349206349206
66,20,31,0.60524438886937948,5,4,2.5333333333333337
66,21,66,0.12409694958382468,1,1,0.61111111111111116
66,22,9,0.55512272384806682,3,3,0.33333333333333331
66,23,91,0.20372108006720999,2,2,0.65833333333333333
66,24,21,0.29762333396856383,2,2,0.33333333333333331
66,25,63,0.51168457229501196,3,3,0.1111111111111111
66,26,32,0.42346891528031994,3,3,0.125
66,27,60,0.52198251542100349,4,3,0.33333333333333331
66,28,70,0.25486848678277796,2,2,0.86666666666666659
66,29,63,0.51515337372398606,3,3,0.45833333333333331
66,30,66,0.15185780435183474,1,1,0.5
66,31,60,0.46037875459259803,4,3,2.8190476190476192
66,32,82,0.23492708743873833,2,2,6.84404761904762
66,33,66,0.048163239091933097,1,1,0.10000000000000001
66,34,35,0.56344465188405235,4,4,0.125
66,35,16,0.37752839058804494,3,3,1.9123015873015874
66,36,21,0.29614943275649358,2,2,0.1111111111111111
66,37,99,0.5371577702072543,4,4,0.125
66,38,28,0.4446394265726431,3,3,0.33333333333333331
66,39,60,0.48044863222951795,4,3,0.16666666666666666
66,40,66,0.10233886003282464,1,1,1.7916666666666665
66,41,94,0.30276740640012623,2,2,0.33333333333333331
66,42,29,0.63477050628636278,4,4,0.33333333333333331
66,43,66,0.18218642203077035,1,1,2.7579365079365079
66,44,35,0.48430619356748222,4,3,1
66,45,56,0.57689192463387107,4,4,0.20000000000000001
66,46,66,0.13916048993746041,1,1,7.632936507936507
66,47,28,0.42387518503598348,3,3,0.16666666666666666
66,48,55,0.3395395005318203,2,2,0.20000000000000001
66,49,57,0.81599148876304195,5,5,0.5
66,50,9,0.48770888702612614,3,3,0.25
66,51,84,0.82890644008098391,7,5,1
66,52,92,0.46529783342019171,4,3,0.5
66,53,66,0.15137426841934182,1,1,0.20000000000000001
66,54,96,0.77020488708137691,5,5,1
66,55,66,0.19125481623310608,1,1,1.325
66,56,73,0.3837100472089503,3,3,1.0666666666666667
66,57,19,0.69541729383873863,4,4,1.2428571428571427
66,58,92,0.46901500381488742,4,3,0.5
66,59,70,0.31914617871481615,2,2,0.14285714285714285
66,60,32,0.3436919434942089,3,2,4.1523809523809527
66,61,35,0.50787213405053433,4,4,0.10000000000000001
66,62,35,0.57045992495774056,4,4,0.14285714285714285
66,63,72,0.32273702183089337,2,2,2.0055555555555555
66,64,76,0.56388440148445007,4,4,0.20000000000000001
66,65,57,0.76420129951630933,5,5,0.33333333333333331
66,66,-1,0,0,0,29.608333333333334
66,67,8,0.39940341417371439,3,3,0.1111111111111111
66,68,0,0.40633629086531381,3,3,0.66666666666666663
66,69,94,0.36927595309804295,2,2,0.125
66,70,66,0.1720494914154162,1,1,1.176190476190476
66,71,68,0.49813285458480627,4,3,0.33333333333333331
66,72,66,0.13399534615678962,1,1,2.2055555555555557
66,73,46,0.31980570962354865,2,2,4.5956349206349199
66,74,17,0.36352656461516564,2,2,0.20000000000000001
66,75,83,0.6465400175932261,4,4,0.1111111111111111
66,76,73,0.51401293540764281,3,3,0.30000000000000004
66,77,14,0.61448705405814807,5,4,0.33333333333333331
66,78,28,0.45435285585970042,3,3,0.16666666666666666
66,79,92,0.52573112160270496,4,3,0.16666666666666666
66,80,96,0.78022483714147517,5,5,0.16666666666666666
66,81,63,0.46903285429984576,3,3,1
66,82,66,0.035572688416338892,1,1,7.09404761904762
66,83,9,0.55856115806245032,3,3,0.27777777777777779
66,84,20,0.77511570226115367,6,5,1.1000000000000001
66,85,73,0.36084286398468185,3,2,0.33333333333333331
66,86,57,0.80757982347800783,5,5,0.14285714285714285
66,87,63,0.51569180332113818,3,3,0.125
66,88,20,0.76495497646601074,6,5,0.10000000000000001
66,89,9,0.51529398124868919,3,3,0.61111111111111116
66,90,1,0.65330040928273281,4,4,0.14285714285714285
66,91,66,0.06947313100956562,1,1,0.90833333333333333
66,92,32,0.4096593461197332,3,3,2.3666666666666667
66,93,55,0.32684668627025931,2,2,1
66,94,66,0.18598616700972775,1,1,1.7833333333333332
66,95,94,0.37722100433003225,2,2,1
66,96,19,0.69400778859278023,4,4,1.4166666666666665
66,97,63,0.50269966774201602,3,3,0.20000000000000001
66,98,31,0.57513975520098082,5,4,0.14285714285714285
66,99,23,0.39602684038582625,3,3,0.32500000000000001
67,0,94,0.46556803960598681,3,3,1.6666666666666665
67,1,9,0.74560971684016475,5,5,0.2857142857142857
67,2,57,1.0919481738583923,8,7,0.16666666666666666
67,3,9,0.84108271856275818,5,5,1.3333333333333333
67,4,35,0.6510953606373141,6,5,0.10000000000000001
67,5,20,1.0582784976325095,7,7,0.33333333333333331
67,6,60,0.86454774291130443,5,5,0.33333333333333331
67,7,8,0.25244055309942409,2,2,0.5
67,8,67,0.05479067294926078,1,1,12.828571428571429
67,9,43,0.67297428152375693,4,4,5.0829365079365081
67,10,94,0.37982680906158106,3,3,0.25
67,11,89,0.97101413028300132,6,6,0.1111111111111111
67,12,24,0.25902445689399717,2,2,1.2
67,13,67,0.12595739902205377,1,1,3.4305555555555554
67,14,19,0.82749092691663972,7,6,0.20000000000000001
67,15,3,1.0232657777421581,6,6,0.33333333333333331
67,16,23,0.43745187400134317,4,3,6.9496031746031743
67,17,8,0.20651041560371647,2,2,4.2456349206349211
67,18,35,0.66310263520437529,6,5,0.1111111111111111
67,19,85,0.75367488694995188,6,5,4.1706349206349209
67,20,31,0.94314742488707204,6,6,1.5333333333333334
67,21,24,0.32206552627204316,2,2,9.3936507936507923
67,22,9,0.8461361127669107,5,5,0.33333333333333331
67,23,55,0.33475477058851771,3,3,7.7079365079365072
67,24,67,0.14853914188730399,1,1,13.538095238095236
67,25,48,0.42037829947720096,3,3,0.1111111111111111
67,26,9,0.72549460213486106,5,5,0.125
67,27,60,0.85988555143869605,5,5,0.33333333333333331
67,28,46,0.58763732931927315,4,4,0.34285714285714286
67,29,63,0.48830081210804016,3,3,0.125
67,30,21,0.48396139004910355,3,3,3.3190476190476188
67,31,60,0.79828179061029059,5,5,1.819047619047619
67,32,40,0.57286327343939392,4,4,0.20000000000000001
67,33,17,0.35191586990234025,3,3,0.10000000000000001
67,34,61,0.73846564035292561,6,5,0.125
67,35,16,0.55502625083143409,5,4,2.3206349206349208
67,36,24,0.34368162479577868,2,2,0.1111111111111111
67,37,97,0.61530710772205655,4,4,0.125
67,38,73,0.72638954550079649,5,5,0.33333333333333331
67,39,60,0.81835166824721051,5,5,0.16666666666666666
67,40,21,0.42272493500576092,3,3,0.32500000000000001
67,41,24,0.28285126491822132,2,2,0.33333333333333331
67,42,87,0.59545663129997872,5,4,0.33333333333333331
67,43,21,0.47319981094961416,3,3,5.5829365079365081
67,44,35,0.66180405381087137,6,5,1.2
67,45,19,0.83284140362730885,7,6,0.20000000000000001
67,46,17,0.39948422165896591,3,3,2.6345238095238095
67,47,73,0.69378599251555084,5,5,0.16666666666666666
67,48,13,0.23965988860584986,2,2,1.7694444444444444
67,49,57,1.0676606207882442,8,7,0.5
67,50,9,0.77872227594497001,5,5,0.25
67,51,57,1.0906431465645121,8,7,1
67,52,9,0.77122251758827665,5,5,0.5
67,53,17,0.29170851761541411,3,3,0.20000000000000001
67,54,96,1.0218740191065792,8,7,1
67,55,8,0.22496159687236561,2,2,7.8329365079365072
67,56,73,0.64403377893045577,5,5,0.33333333333333331
67,57,19,0.94708642586394087,7,6,2.2428571428571429
67,58,9,0.7847106035632857,5,5,0.5
67,59,28,0.65205493689153415,5,5,0.14285714285714285
67,60,30,0.6815949795119014,4,4,2.8190476190476188
67,61,99,0.68090673469121099,5,5,0.22500000000000001
67,62,35,0.74795778520112977,6,5,0.14285714285714285
67,63,13,0.29588446021494746,2,2,0.56111111111111112
67,64,44,0.76595934256699871,7,6,0.20000000000000001
67,65,57,1.0158704315415117,8,7,0.33333333333333331
67,66,17,0.39940341417371439,3,3,0.5
67,67,-1,0,0,0,29.99722222222222
67,68,0,0.65520996216774618,4,4,0.66666666666666663
67,69,24,0.26386288518472895,2,2,0.125
67,70,46,0.51640891639440123,4,4,0.16666666666666666
67,71,68,0.74700652588723859,5,5,0.33333333333333331
67,72,17,0.28411447650435517,3,3,0.20000000000000001
67,73,46,0.58012944134505418,4,4,1.125
67,74,67,0.15200870323771135,1,1,0.20000000000000001
67,75,83,0.93755340651206998,6,6,0.1111111111111111
67,76,35,0.71842212447651199,6,5,0.43333333333333335
67,77,76,0.84079603771965361,7,6,0.33333333333333331
67,78,73,0.72772774980301813,5,5,0.16666666666666666
67,79,9,0.84295099892557757,5,5,0.16666666666666666
67,80,96,1.0318939691666775,8,7,0.16666666666666666
67,81,48,0.38052148504461447,3,3,1.4583333333333333
67,82,91,0.40796457493391625,4,3,0.25
67,83,9,0.8495745469812942,5,5,0.27777777777777779
67,84,20,1.1130187382788461,7,7,0.10000000000000001
67,85,16,0.58620317566818836,5,4,4.503968253968254
67,86,57,1.0592489555032101,8,7,0.14285714285714285
67,87,81,0.44655474127774858,4,3,0.45833333333333331
67,88,20,1.1028580124837033,7,7,0.10000000000000001
67,89,9,0.80630737016753318,5,5,0.61111111111111116
67,90,1,0.94431379820157657,6,6,0.14285714285714285
67,91,17,0.34223915023119772,3,3,0.5
67,92,9,0.73616649685596702,5,5,0.20000000000000001
67,93,13,0.23191731027758122,2,2,1
67,94,24,0.28707070304681148,2,2,2.0416666666666665
67,95,12,0.4240898894030809,3,3,1
67,96,19,0.94567692061798247,7,6,1.4166666666666665
67,97,63,0.47584710612607012,3,3,0.32500000000000001
67,98,31,0.91304279121867338,6,6,0.14285714285714285
67,99,23,0.52706053090713401,4,4,0.42500000000000004
68,0,68,0.18964192256175935,1,1,18.087301587301589
68,1,71,0.24033128864703737,2,2,0.97619047619047605
68,2,51,1.0492748822891651,7,7,0.16666666666666666
68,3,9,0.3667308149533488,2,2,1
68,4,85,0.85522996095649662,5,5,0.10000000000000001
68,5,20,0.76893033002955657,5,5,1.9761904761904761
68,6,58,0.46468383167342464,3,3,0.33333333333333331
68,7,66,0.58870480868476782,4,4,0.5
68,8,24,0.65542333383654294,4,4,0.25
68,9,68,0.1986223779143475,1,1,9.2630952380952376
68,10,0,0.27547398348592178,2,2,2.0194444444444444
68,11,89,0.43930450100308371,3,3,0.1111111111111111
68,12,10,0.43664424671988467,3,3,0.32500000000000001
68,13,17,0.74186536361356048,5,5,0.10000000000000001
68,14,47,0.87189483963872161,5,5,0.20000000000000001
68,15,83,0.53543088886948587,4,3,0.33333333333333331
68,16,46,0.64901814819495274,5,5,0.8833333333333333
68,17,33,0.59617018911970376,4,4,1.411111111111111
68,18,85,0.84578725413961986,5,5,0.2361111111111111
68,19,47,0.79993106670936076,5,5,0.46111111111111114
68,20,31,0.65379925728411914,4,4,4.8428571428571425
68,21,0,0.33605090702240215,2,2,0.16666666666666666
68,22,1,0.35091007435575483,3,2,0.33333333333333331
68,23,82,0.60570403059964373,4,4,0.33333333333333331
68,24,94,0.50667082028044219,3,3,0.69444444444444442
68,25,63,0.91802086316032583,6,6,0.1111111111111111
68,26,9,0.25114269852545157,2,2,0.125
68,27,9,0.39154240027666709,2,2,0.47619047619047616
68,28,32,0.54649510493003106,3,3,2.3944444444444444
68,29,63,0.92148966458929993,6,6,0.45833333333333331
68,30,0,0.30000241638519975,2,2,2.9039682539682543
68,31,58,0.50893362300733769,3,3,5.1523809523809527
68,32,0,0.3700399699070851,2,2,2.5944444444444446
68,33,40,0.45076473482107993,3,3,1.836111111111111
68,34,18,0.95228404094760066,6,6,0.125
68,35,16,0.76659252502504371,6,5,0.43333333333333335
68,36,10,0.42918186371553113,3,3,1.1111111111111112
68,37,99,0.93283157087040891,7,6,0.125
68,38,28,0.73626604471989621,4,4,0.33333333333333331
68,39,31,0.5295367867897941,4,3,0.16666666666666666
68,40,0,0.3039974308324892,2,2,8.0833333333333339
68,41,10,0.47118961042258739,3,3,0.33333333333333331
68,42,29,1.0411067971516768,7,7,0.33333333333333331
68,43,0,0.24613230762645441,2,2,0.5
68,44,85,0.81045237350937671,5,5,1.1428571428571428
68,45,47,0.87866314847727778,5,5,0.20000000000000001
68,46,82,0.52822462437445916,4,4,1.8833333333333333
68,47,28,0.71550180318323653,4,4,1.3611111111111112
68,48,55,0.74402462194259467,5,5,0.20000000000000001
68,49,84,1.0230067611673168,6,6,0.5
68,50,71,0.2230747416945309,2,2,0.39285714285714285
68,51,84,0.87746130849572357,6,6,1.1666666666666667
68,52,9,0.29687061397886721,2,2,0.5
68,53,91,0.55737396753853052,4,4,0.20000000000000001
68,54,86,1.0471780421376653,7,7,1
68,55,33,0.59573993764388045,4,4,0.32500000000000001
68,56,28,0.69981274349043332,4,4,0.33333333333333331
68,57,19,0.99334260562334975,6,6,0.10000000000000001
68,58,9,0.31035869995387633,2,2,5.9857142857142858
68,59,60,0.60376678104887205,4,4,0.14285714285714285
68,60,92,0.45010009908308146,3,3,0.30952380952380953
68,61,35,0.89693626848753305,7,6,0.10000000000000001
68,62,44,0.93031771782827155,6,6,0.14285714285714285
68,63,72,0.72907331269620723,5,5,2.0055555555555555
68,64,76,0.88483838347465982,6,5,0.20000000000000001
68,65,86,0.97020563023108797,7,6,0.33333333333333331
68,66,40,0.40633629086531386,3,3,3.2055555555555557
68,67,24,0.65520996216774618,4,4,0.1111111111111111
68,68,-1,0,0,0,29.775000000000002
68,69,12,0.54863753431331996,4,3,0.125
68,70,30,0.48280201675200518,3,3,2.4039682539682543
68,71,68,0.091796563719492436,1,1,2.4246031746031744
68,72,66,0.54033163702210352,4,4,2.2055555555555557
68,73,70,0.64075969161375845,4,4,0.42500000000000004
68,74,17,0.76680375516487143,5,5,0.20000000000000001
68,75,89,0.43598874959665423,3,3,0.1111111111111111
68,76,73,0.83496691739785256,5,5,0.30000000000000004
68,77,47,0.91294765951855927,5,5,0.33333333333333331
68,78,28,0.74597947400695352,4,4,0.16666666666666666
68,79,9,0.36859909531616813,2,2,0.16666666666666666
68,80,86,1.0337091235384319,7,7,0.16666666666666666
68,81,63,0.87536914516515962,6,6,1
68,82,40,0.41906029327382999,3,3,2.4666666666666668
68,83,1,0.35489589479552314,3,2,0.5
68,84,20,0.82367057067589333,5,5,1.7666666666666666
68,85,70,0.68005127416558753,4,4,1.8123015873015873
68,86,5,0.88413751176401723,6,6,1.6428571428571428
68,87,63,0.92202809418645204,6,6,0.125
68,88,20,0.8135098448807504,5,5,0.10000000000000001
68,89,71,0.27459774088761557,2,2,0.72222222222222232
68,90,50,0.41762914589690892,3,3,0.14285714285714285
68,91,40,0.47528614818117826,3,3,0.45000000000000001
68,92,9,0.26181459324655754,2,2,0.50952380952380949
68,93,17,0.73116031292411998,5,5,1
68,94,0,0.3681392591209347,2,2,0.81944444444444442
68,95,36,0.51288776078350962,4,3,1
68,96,19,0.99193310037739124,6,6,0.25
68,97,63,0.90903595860732989,6,6,0.20000000000000001
68,98,27,0.53294462609283311,3,3,0.14285714285714285
68,99,16,0.79170064104898086,6,5,0.32500000000000001
69,0,10,0.35899561175156064,3,2,1.6666666666666665
69,1,9,0.65871412710024457,5,5,0.2857142857142857
69,2,57,1.209554994931233,7,7,0.16666666666666666
69,3,9,0.754187128822838,5,5,1.3333333333333333
69,4,35,0.84287345349196796,6,5,0.10000000000000001
69,5,20,0.98475927425083853,7,7,0.47619047619047616
69,6,60,0.79102851952963349,5,5,0.33333333333333331
69,7,8,0.46172613700368903,3,3,0.5
69,8,24,0.2640762568535257,2,2,5.1499999999999995
69,9,43,0.58607869178383676,4,4,5.4162698412698411
69,10,12,0.27316355082739818,2,2,7.8329365079365072
69,11,89,0.88411854054308114,6,6,0.1111111111111111
69,12,69,0.11199328759343526,1,1,8.0329365079365065
69,13,8,0.35419054100697073,3,3,0.10000000000000001
69,14,56,0.93678877503726499,6,6,0.53333333333333333
69,15,3,0.93637018800223792,6,6,0.33333333333333331
69,16,46,0.62922996685599697,4,4,2.0373015873015872
69,17,8,0.41579599950798141,3,3,0.1111111111111111
69,18,35,0.85488072805902915,6,5,0.1111111111111111
69,19,73,0.87128170802279259,5,5,2.6277777777777773
69,20,31,0.8696282015054011,6,6,2.6761904761904765
69,21,94,0.25151845548986068,2,2,0.66666666666666663
69,22,9,0.75924052302699052,5,5,0.33333333333333331
69,23,55,0.54404035449278265,4,3,0.53333333333333333
69,24,69,0.11532374329742495,1,1,5.5944444444444432
69,25,48,0.63903448818875819,4,4,0.1111111111111111
69,26,9,0.63859901239494088,5,4,0.125
69,27,9,0.77899871414615629,5,5,0.33333333333333331
69,28,70,0.62414443988082091,4,4,0.86666666666666659
69,29,63,0.70650967273370913,5,5,0.125
69,30,21,0.41341431926692107,3,3,0.5
69,31,60,0.72476256722861965,5,5,2.961904761904762
69,32,40,0.49931090007475987,3,3,3.8285714285714287
69,33,94,0.37540579583395706,2,2,0.75
69,34,35,0.93272060498209541,6,6,0.125
69,35,16,0.74680434368608795,5,5,1.9123015873015874
69,36,69,0.16690791802644808,1,1,0.1111111111111111
69,37,97,0.83351596834772546,6,5,0.125
69,38,28,0.81391537967068606,5,5,0.33333333333333331
69,39,60,0.74483244486553957,5,5,0.16666666666666666
69,40,94,0.34917256164112687,2,2,3.9535714285714287
69,41,69,0.089864512696458662,1,1,1.3333333333333333
69,42,87,0.81411282001153584,6,5,0.33333333333333331
69,43,10,0.38630422120969399,3,3,5.9162698412698411
69,44,35,0.85358214666552523,6,5,1
69,45,56,0.94616787773191402,6,6,0.20000000000000001
69,46,66,0.50843644303550339,3,3,7.4900793650793638
69,47,28,0.79315113813402638,5,5,0.16666666666666666
69,48,8,0.45831607731740709,3,3,1.7694444444444444
69,49,57,1.1852674418610849,7,7,0.5
69,50,9,0.69182668620504983,5,5,0.25
69,51,84,1.0932902527170056,8,7,1
69,52,9,0.68432692784835647,5,5,0.5
69,53,33,0.48973645656273213,3,3,0.20000000000000001
69,54,96,1.1394808401794199,7,7,1
69,55,8,0.43424718077663055,3,3,0.65833333333333333
69,56,73,0.75298600030699325,5,5,1.0666666666666667
69,57,19,1.0646932469367816,6,6,1.0999999999999999
69,58,9,0.69781501382336553,5,5,0.5
69,59,70,0.68842213181285916,4,4,0.14285714285714285
69,60,32,0.60807575613023046,4,4,3.6285714285714286
69,61,35,0.87714808714857728,6,5,0.10000000000000001
69,62,35,0.93973587805578362,6,6,0.14285714285714285
69,63,93,0.51409332084061643,4,4,0.56111111111111112
69,64,76,0.93316035458249302,6,6,0.20000000000000001
69,65,57,1.1334772526143524,7,7,0.33333333333333331
69,66,94,0.36927595309804295,2,2,9.4162698412698393
69,67,24,0.26386288518472895,2,2,0.1111111111111111
69,68,0,0.54863753431331996,4,3,0.66666666666666663
69,69,-1,0,0,0,29.983333333333324
69,70,66,0.54132544451345921,3,3,1.176190476190476
69,71,68,0.64043409803281237,5,4,0.33333333333333331
69,72,33,0.46875804897983692,3,3,0.20000000000000001
69,73,46,0.68908166272159166,4,4,4.4527777777777766
69,74,8,0.38720868723815888,3,3,0.20000000000000001
69,75,83,0.8506578167721498,6,6,0.1111111111111111
69,76,73,0.88328888850568577,5,5,0.30000000000000004
69,77,14,0.98376300715619103,7,6,0.33333333333333331
69,78,28,0.82362880895774337,5,5,0.16666666666666666
69,79,9,0.75605540918565739,5,5,0.16666666666666666
69,80,96,1.1495007902395182,7,7,0.16666666666666666
69,81,48,0.5991776737561717,4,4,1.4583333333333333
69,82,66,0.40484864151438182,3,3,0.25
69,83,9,0.76267895724137402,5,5,0.27777777777777779
69,84,20,1.0394995148971753,7,7,1.1000000000000001
69,85,73,0.73011881708272486,5,4,0.33333333333333331
69,86,5,1.0999664559852993,8,7,0.14285714285714285
69,87,81,0.66521092998930575,5,5,0.45833333333333331
69,88,20,1.0293387891020322,7,7,0.10000000000000001
69,89,9,0.719411780427613,5,5,0.61111111111111116
69,90,1,0.85741820846165639,6,6,0.14285714285714285
69,91,33,0.41749523659749993,3,3,0.25
69,92,9,0.64927090711604685,5,4,0.20000000000000001
69,93,8,0.44758098927559298,3,3,1.5611111111111111
69,94,69,0.18328978608831523,1,1,14.911507936507935
69,95,41,0.23323018609651097,2,2,1
69,96,19,1.0632837416908232,6,6,1.4166666666666665
69,97,63,0.69405596675173908,5,5,0.32500000000000001
69,98,31,0.83952356783700244,6,6,0.14285714285714285
69,99,23,0.73634611481139889,5,4,0.20000000000000001
70,0,30,0.2931600941902458,2,2,1.3333333333333333
70,1,26,0.42810288642429151,3,3,0.14285714285714285
70,2,57,0.6745282440551319,5,4,0.16666666666666666
70,3,79,0.41076231681060721,3,3,1.1428571428571428
70,4,85,0.37242794420449132,2,2,0.20000000000000001
70,5,20,0.56328442285573976,4,4,0.33333333333333331
70,6,60,0.36955366813453472,2,2,0.66666666666666663
70,7,46,0.27073164391935389,2,2,0.69999999999999996
70,8,17,0.46161824344514035,3,3,0.3611111111111111
70,9,92,0.39878062050804131,3,3,0.5
70,10,40,0.30380956461737912,2,2,1.3611111111111112
70,11,83,0.64708531376033629,4,4,0.1111111111111111
70,12,94,0.43285524987814022,3,3,0.20000000000000001
70,13,55,0.45477825262678395,3,3,0.10000000000000001
70,14,56,0.4056647871774266,3,3,0.20000000000000001
70,15,6,0.54599694468550386,3,3,0.33333333333333331
70,16,46,0.23771821855592878,2,2,0.98333333333333339
70,17,46,0.30989850079068471,2,2,0.47222222222222221
70,18,85,0.36298523738761457,2,2,0.2361111111111111
70,19,47,0.33625495714669151,3,2,2.7706349206349206
70,20,31,0.44815335011030233,3,3,2.5333333333333337
70,21,82,0.29459587680781602,2,2,0.5
70,22,79,0.4837205070758312,3,3,0.33333333333333331
70,23,46,0.22662934568395562,2,2,1.8055555555555556
70,24,21,0.46812226119255518,3,3,0.33333333333333331
70,25,63,0.57049398328188772,4,4,0.1111111111111111
70,26,32,0.34939797433641795,2,2,0.51785714285714279
70,27,60,0.36489147666192628,2,2,0.44444444444444442
70,28,70,0.082818995367361731,1,1,4.1706349206349209
70,29,63,0.57396278471086182,4,4,0.125
70,30,70,0.1827996003668054,1,1,2.333333333333333
70,31,60,0.30328771583352082,2,2,2.8190476190476192
70,32,70,0.16085614649483637,1,1,2.7511904761904757
70,33,82,0.20494981040034732,2,2,0.10000000000000001
70,34,18,0.46948202419559537,3,3,0.125
70,35,73,0.32001184731649512,2,2,0.33333333333333331
70,36,10,0.45751744484698847,3,3,1.1111111111111112
70,37,99,0.52153164123138496,4,3,0.125
70,38,28,0.27258993515722685,2,2,0.33333333333333331
70,39,60,0.3233575934704408,2,2,0.16666666666666666
70,40,70,0.19665009095693747,1,1,1.4861111111111112
70,41,94,0.47481689781554237,3,3,0.33333333333333331
70,42,97,0.67652062073558461,5,4,0.33333333333333331
70,43,30,0.23753789965966354,2,2,0.5
70,44,85,0.32765035675737142,2,2,1.1428571428571428
70,45,47,0.41498703891460859,3,3,0.20000000000000001
70,46,70,0.11692469473543526,1,1,6.7861111111111114
70,47,28,0.25182569362056728,2,2,3.4706349206349207
70,48,7,0.43242225274827983,3,3,0.20000000000000001
70,49,57,0.65024069098498383,5,4,0.5
70,50,26,0.47594922326069833,3,3,0.25
70,51,84,0.67181540132190676,5,4,1
70,52,92,0.39122689247628978,3,3,0.5
70,53,46,0.22575157023957781,2,2,1.2
70,54,96,0.60445408930331879,5,4,1
70,55,46,0.295841368299114,2,2,0.42500000000000004
70,56,73,0.22186201244715487,2,2,0.53333333333333333
70,57,19,0.5296664960606805,4,3,1.2428571428571427
70,58,60,0.37440217659993624,2,2,0.5
70,59,70,0.14709668729939995,1,1,0.14285714285714285
70,60,70,0.18660090473513169,1,1,6.6841269841269835
70,61,4,0.42812968477765839,3,3,0.10000000000000001
70,62,44,0.4475157010762662,3,3,0.14285714285714285
70,63,23,0.38154643281776912,3,3,1.4722222222222223
70,64,76,0.40203636672265464,3,3,0.20000000000000001
70,65,57,0.59845050173825121,5,4,0.33333333333333331
70,66,70,0.1720494914154162,1,1,1.2833333333333332
70,67,8,0.51640891639440112,4,4,0.1111111111111111
70,68,0,0.48280201675200518,3,3,0.33333333333333331
70,69,94,0.54132544451345921,3,3,0.125
70,70,-1,0,0,0,29.941666666666666
70,71,92,0.52422104440256523,3,3,0.33333333333333331
70,72,46,0.23419997000562542,2,2,0.20000000000000001
70,73,70,0.15795767486175324,1,1,1.2916666666666665
70,74,55,0.47737772684311164,3,3,0.20000000000000001
70,75,27,0.53221190825792042,3,3,0.1111111111111111
70,76,73,0.35216490064584738,2,2,0.30000000000000004
70,77,47,0.44927154995589003,3,3,0.33333333333333331
70,78,28,0.28230336444428417,2,2,0.16666666666666666
70,79,60,0.37243174934976386,2,2,1.9206349206349205
70,80,96,0.61447403936341705,5,4,0.16666666666666666
70,81,63,0.52784226528672151,4,4,1
70,82,70,0.13783619771562824,1,1,0.84999999999999998
70,83,79,0.48259214948440871,3,3,0.27777777777777779
70,84,20,0.61802466350207652,4,4,1.1000000000000001
70,85,70,0.19724925741358229,1,1,1.9123015873015872
70,86,57,0.64182902569994971,5,4,0.14285714285714285
70,87,63,0.57450121430801393,4,4,0.125
70,88,20,0.60786393770693359,4,4,0.10000000000000001
70,89,92,0.48350531076780467,3,3,0.5
70,90,3,0.57910961085528401,4,4,0.14285714285714285
70,91,70,0.17771936049777526,1,1,0.25
70,92,32,0.33558840517583127,2,2,2.0333333333333332
70,93,53,0.41897417281783023,3,3,1
70,94,66,0.35803565842514395,2,2,0.78333333333333321
70,95,36,0.54122334191496702,4,3,1
70,96,19,0.5282569908147221,4,3,1.4166666666666665
70,97,99,0.51837701826858973,4,4,0.53333333333333333
70,98,31,0.41804871644190361,3,3,0.14285714285714285
70,99,16,0.38040071140995696,3,3,0.85833333333333339
71,0,68,0.28143848628125179,2,2,11.655555555555555
71,1,71,0.14853472492754494,1,1,1.9761904761904761
71,2,51,0.97609319176462295,7,7,0.16666666666666666
71,3,1,0.28031155769874899,2,2,1
71,4,85,0.87762361430567259,5,5,0.20000000000000001
71,5,20,0.69574863950501442,5,5,1.9761904761904761
71,6,58,0.39150214114888249,3,3,0.33333333333333331
71,7,66,0.68050137240426023,5,4,0.5
71,8,24,0.74721989755603535,5,5,0.25
71,9,71,0.12544068738980535,1,1,8.7285714285714295
71,10,0,0.36727054720541424,3,3,2.0194444444444444
71,11,89,0.34750793728359131,2,2,0.1111111111111111
71,12,10,0.52844081043937718,4,4,0.32500000000000001
71,13,17,0.83366192733305289,6,5,0.10000000000000001
71,14,78,0.81394847535859305,5,5,0.20000000000000001
71,15,83,0.4436343251499934,3,3,0.33333333333333331
71,16,46,0.74081471191444515,6,5,0.45000000000000001
71,17,33,0.68796675283919617,5,4,1.411111111111111
71,18,85,0.86818090748879584,5,5,0.2361111111111111
71,19,78,0.74013363996220949,5,5,0.3611111111111111
71,20,31,0.58061756675957699,4,4,4.9428571428571431
71,21,0,0.42784747074189455,3,3,0.16666666666666666
71,22,1,0.25911351063626242,2,2,0.33333333333333331
71,23,82,0.69750059431913614,5,4,0.33333333333333331
71,24,94,0.5984673839999346,4,4,0.69444444444444442
71,25,63,1.0098174268798183,7,6,0.1111111111111111
71,26,71,0.1773225694903606,1,1,0.125
71,27,9,0.31836070975212494,2,2,0.47619047619047616
71,28,60,0.52607802021699202,3,3,1.4277777777777776
71,29,63,1.0132862283087922,7,6,0.45833333333333331
71,30,43,0.37995345725680624,3,3,0.5
71,31,58,0.43575193248279553,3,3,5.2523809523809533
71,32,92,0.36336489790772886,2,2,0.3666666666666667
71,33,40,0.54256129854057233,4,4,1.836111111111111
71,34,18,0.97467769429677664,6,6,0.125
71,35,73,0.82424909398674484,5,5,0.33333333333333331
71,36,10,0.52097842743502354,4,4,1.1111111111111112
71,37,99,1.0246281345899013,8,6,0.125
71,38,59,0.67334246156475586,4,4,0.53333333333333333
71,39,31,0.45635509626525195,4,3,0.16666666666666666
71,40,0,0.39579399455198161,3,3,7.6500000000000004
71,41,10,0.56298617414207985,4,4,0.33333333333333331
71,42,29,1.1329033608711689,8,7,0.33333333333333331
71,43,9,0.32521515796394806,2,2,1
71,44,56,0.8300309703048121,5,5,1
71,45,38,0.81875268012487157,5,5,0.20000000000000001
71,46,82,0.62002118809395157,5,4,1.45
71,47,59,0.66119963426829165,4,4,0.16666666666666666
71,48,55,0.83582118566208707,6,5,0.20000000000000001
71,49,84,0.94982507064277455,6,6,0.5
71,50,71,0.13127817797503846,1,1,0.39285714285714285
71,51,84,0.80427961797118142,6,6,1.1666666666666667
71,52,9,0.22368892345432506,2,2,0.5
71,53,91,0.64917053125802304,5,4,0.20000000000000001
71,54,86,0.97399635161312303,7,7,1
71,55,33,0.68753650136337285,5,4,0.32500000000000001
71,56,59,0.66557732091313093,4,4,1.5761904761904761
71,57,84,0.92070482358717198,6,6,0.10000000000000001
71,58,9,0.23717700942933417,2,2,6.0857142857142863
71,59,60,0.53058482702904841,3,3,3.68015873015873
71,60,92,0.37691814506325788,2,2,5.2746031746031736
71,61,4,0.93332535487883972,6,6,0.10000000000000001
71,62,76,0.94866174485164168,6,6,0.14285714285714285
71,63,72,0.82086987641569964,6,5,2.0055555555555555
71,64,78,0.87659469461607231,5,5,0.20000000000000001
71,65,86,0.89702393970654581,7,6,0.33333333333333331
71,66,40,0.49813285458480627,4,3,3.2055555555555557
71,67,24,0.74700652588723859,5,5,0.1111111111111111
71,68,71,0.091796563719492436,1,1,11.988888888888889
71,69,12,0.64043409803281248,5,4,0.125
71,70,32,0.52422104440256523,3,3,0.16666666666666666
71,71,-1,0,0,0,29.774999999999999
71,72,66,0.63212820074159592,5,4,2.2055555555555557
71,73,28,0.66219492153200288,4,4,0.45833333333333331
71,74,17,0.85860031888436383,6,5,0.20000000000000001
71,75,89,0.34419218587716183,2,2,0.1111111111111111
71,76,56,0.83318755962540614,5,5,0.24285714285714285
71,77,78,0.85795743456187989,5,5,0.33333333333333331
71,78,59,0.68482428652625271,4,4,1.2611111111111111
71,79,9,0.29541740479162598,2,2,0.16666666666666666
71,80,86,0.96052743301388976,7,7,0.16666666666666666
71,81,63,0.96716570888465203,7,6,1
71,82,40,0.51085685699332239,4,3,2.0333333333333332
71,83,1,0.26309933107603067,2,2,0.5
71,84,20,0.75048888015135118,5,5,1.8666666666666667
71,85,28,0.70244492751476351,4,4,0.76944444444444438
71,86,5,0.81095582123947507,6,6,1.6428571428571428
71,87,63,1.0138246579059444,7,6,0.125
71,88,20,0.74032815435620825,5,5,0.10000000000000001
71,89,71,0.18280117716812314,1,1,0.72222222222222232
71,90,50,0.32583258217741651,2,2,0.14285714285714285
71,91,40,0.56708271190067072,4,4,0.45000000000000001
71,92,71,0.18863263922673398,1,1,5.8412698412698401
71,93,17,0.82295687664361239,6,5,1
71,94,0,0.45993582284042711,3,3,0.81944444444444442
71,95,36,0.60468432450300202,5,4,1
71,96,19,0.93213567363023997,6,6,0.25
71,97,63,1.0008325223268222,7,6,0.20000000000000001
71,98,27,0.45976293556829095,3,3,0.14285714285714285
71,99,16,0.88349720476847327,7,5,0.32500000000000001
72,0,40,0.35068971446034408,3,3,1.6666666666666665
72,1,9,0.58859167407811053,4,4,0.14285714285714285
72,2,57,0.8183938271659198,5,5,0.16666666666666666
72,3,92,0.63096714537392917,4,4,1
72,4,35,0.39395881242651304,3,3,0.10000000000000001
72,5,20,0.79748439286136519,6,6,0.33333333333333331
72,6,60,0.60375363814016014,4,4,0.66666666666666663
72,7,72,0.049835151184660184,1,1,0.69999999999999996
72,8,17,0.22932380355509435,2,2,0.69444444444444442
72,9,43,0.51595623876170271,3,3,1.503968253968254
72,10,21,0.30622129595153286,3,2,0.25
72,11,89,0.8139960875209471,5,5,0.1111111111111111
72,12,94,0.36028785434451799,3,3,0.20000000000000001
72,13,17,0.22329923539449542,2,2,0.10000000000000001
72,14,56,0.54562760727195181,4,4,0.20000000000000001
72,15,6,0.78019691469112928,5,5,0.33333333333333331
72,16,72,0.18031532579054205,1,1,3.003968253968254
72,17,72,0.077604060900638691,1,1,1.1055555555555556
72,18,35,0.40596608699357417,3,3,0.1111111111111111
72,19,73,0.48012054025747941,3,3,3.8706349206349207
72,20,31,0.68235332011592775,5,5,1.4333333333333333
72,21,33,0.23466106742533199,2,2,0.41666666666666663
72,22,92,0.6613581605661405,4,4,0.47619047619047616
72,23,72,0.088621795512426743,1,1,0.65833333333333333
72,24,8,0.3780763171111951,3,3,0.33333333333333331
72,25,63,0.37768922613822231,2,2,0.1111111111111111
72,26,32,0.51989944219764195,3,3,0.125
72,27,60,0.59909144666755165,4,4,0.33333333333333331
72,28,46,0.3054283829304974,2,2,0.34285714285714286
72,29,63,0.38115802756719641,2,2,0.45833333333333331
72,30,82,0.28342490806343851,2,2,0.5
72,31,60,0.5374876858391463,4,4,1.7190476190476189
72,32,82,0.33135761435606037,2,2,3.2789682539682543
72,33,72,0.093352253145879846,1,1,2.411111111111111
72,34,35,0.48380596391664044,3,3,0.125
72,35,16,0.29788970262063302,2,2,2.5456349206349205
72,36,94,0.39583075388337152,3,3,0.1111111111111111
72,37,99,0.42205848565247106,3,3,0.125
72,38,73,0.44418059911202068,3,3,0.33333333333333331
72,39,60,0.55755756347606622,4,4,0.16666666666666666
72,40,66,0.23633420618961426,2,2,1.7916666666666665
72,41,94,0.40224950228192013,3,3,0.33333333333333331
72,42,29,0.50077516012957313,3,3,0.33333333333333331
72,43,66,0.31618176818755994,2,2,2.003968253968254
72,44,35,0.40466750560007031,3,3,1.2
72,45,56,0.55500670996660084,4,4,0.20000000000000001
72,46,72,0.11727527527019017,1,1,10.12420634920635
72,47,73,0.41157704612677504,3,3,0.16666666666666666
72,48,7,0.21152576001358614,2,2,0.20000000000000001
72,49,57,0.79410627409577172,5,5,0.5
72,50,9,0.62170423318291579,4,4,0.25
72,51,57,0.81708879987203953,5,5,1
72,52,92,0.56172836033751383,4,4,0.61111111111111116
72,53,72,0.024695853814832112,1,1,0.20000000000000001
72,54,96,0.74831967241410657,5,5,1
72,55,72,0.066996293930242923,1,1,0.125
72,56,73,0.36182483254168007,3,3,0.73333333333333339
72,57,19,0.6735320791714684,4,4,2.342857142857143
72,58,92,0.56544553073220949,4,4,0.5
72,59,28,0.3698459905027584,3,3,0.14285714285714285
72,60,70,0.42080087474075711,3,3,3.2190476190476192
72,61,35,0.42823344608312242,3,3,0.10000000000000001
72,62,35,0.49082123699032865,3,3,0.14285714285714285
72,63,72,0.18874167567410371,1,1,2.0055555555555555
72,64,44,0.50882279435619759,4,4,0.20000000000000001
72,65,57,0.7423160848490391,5,5,0.33333333333333331
72,66,72,0.13399534615678962,1,1,4.2956349206349209
72,67,8,0.28411447650435512,3,3,0.1111111111111111
72,68,0,0.54033163702210341,4,4,0.66666666666666663
72,69,94,0.46875804897983697,3,3,0.125
72,70,46,0.23419997000562542,2,2,3.3857142857142857
72,71,68,0.63212820074159581,5,4,0.33333333333333331
72,72,-1,0,0,0,29.908333333333335
72,73,46,0.29792049495627843,2,2,5.3956349206349206
72,74,17,0.24823762694580637,2,2,0.20000000000000001
72,75,52,0.74719558229081706,5,5,0.1111111111111111
72,76,35,0.46128557626571087,3,3,0.43333333333333335
72,77,76,0.58365948950885249,4,4,0.33333333333333331
72,78,73,0.44551880341424238,3,3,0.16666666666666666
72,79,60,0.60663171935538929,4,4,0.16666666666666666
72,80,96,0.75833962247420483,5,5,0.16666666666666666
72,81,63,0.33503750814305611,2,2,1
72,82,72,0.13200321533366094,1,1,4.0289682539682543
72,83,92,0.66365543721018916,4,4,0.16666666666666666
72,84,57,0.84374802260728921,5,5,0.10000000000000001
72,85,16,0.32906662745738724,2,2,0.33333333333333331
72,86,57,0.7856946088107376,5,5,0.14285714285714285
72,87,63,0.38169645716434852,2,2,0.125
72,88,20,0.84206390771255901,6,6,0.10000000000000001
72,89,9,0.64928932740547896,4,4,0.61111111111111116
72,90,22,0.76761550343965623,5,5,0.14285714285714285
72,91,72,0.066744113895258209,1,1,0.25
72,92,32,0.50608987303705533,3,3,2.9539682539682541
72,93,72,0.19931311080130612,1,1,1
72,94,33,0.28546826289152172,2,2,1.8944444444444444
72,95,94,0.47670310021182627,3,3,1
72,96,19,0.67212257392550989,4,4,1.4166666666666665
72,97,63,0.36870432158522637,2,2,0.20000000000000001
72,98,31,0.65224868644752909,5,5,0.14285714285714285
72,99,23,0.28092755583104301,2,2,0.32500000000000001
73,0,30,0.45111776905199907,3,3,1.3333333333333333
73,1,92,0.56722134394945778,4,4,0.14285714285714285
73,2,57,0.52047333220964132,3,3,0.16666666666666666
73,3,79,0.50943818854422052,4,3,1.1428571428571428
73,4,85,0.21621584115204223,2,2,0.32500000000000001
73,5,20,0.59807993453820962,4,4,0.33333333333333331
73,6,31,0.43564888614426156,3,3,0.66666666666666663
73,7,46,0.33445216887000689,2,2,0.5
73,8,17,0.5253387683957933,3,3,0.3611111111111111
73,9,92,0.53675449763747896,4,4,0.5
73,10,40,0.46176723947913234,3,3,0.3611111111111111
73,11,83,0.74576118549394954,5,5,0.1111111111111111
73,12,94,0.58061146808627262,4,4,0.20000000000000001
73,13,55,0.51849877757743701,3,3,0.10000000000000001
73,14,56,0.24770711231567336,2,2,0.53333333333333333
73,15,6,0.6120921626952307,4,4,0.33333333333333331
73,16,73,0.15032246526080248,1,1,2.7694444444444444
73,17,46,0.37361902574133765,2,2,0.47222222222222221
73,18,85,0.2067731343351655,2,2,0.2361111111111111
73,19,73,0.18220004530120099,1,1,3.8706349206349207
73,20,31,0.48294886179277219,3,3,1.4333333333333333
73,21,66,0.44390265920737332,3,3,0.5
73,22,79,0.5823963788094445,4,4,0.33333333333333331
73,23,16,0.25301956867362796,2,2,2.6444444444444444
73,24,21,0.61742904359211248,4,4,0.33333333333333331
73,25,97,0.57801504605392651,4,4,0.1111111111111111
73,26,92,0.48881153217405926,4,3,0.125
73,27,60,0.46356734839553959,3,3,0.44444444444444442
73,28,73,0.13611690131501089,1,1,5.9829365079365084
73,29,97,0.46602684768638042,4,4,0.125
73,30,70,0.34075727522855864,2,2,2.333333333333333
73,31,59,0.33808322751599074,2,2,2.5523809523809522
73,32,28,0.31257203633795683,2,2,0.20000000000000001
73,33,46,0.31746795688442975,2,2,0.10000000000000001
73,34,18,0.31326992114314633,3,2,0.125
73,35,73,0.16205417245474191,1,1,1.4277777777777776
73,36,10,0.61547511970874169,4,4,0.1111111111111111
73,37,4,0.39906892974990715,3,3,0.125
73,38,73,0.14626010415574228,1,1,0.33333333333333331
73,39,31,0.35868639129844715,3,3,0.16666666666666666
73,40,70,0.35460776581869069,2,2,0.4861111111111111
73,41,94,0.62257311602367482,4,4,0.33333333333333331
73,42,97,0.55804219006604283,4,4,0.33333333333333331
73,43,30,0.39549557452141682,3,3,0.5
73,44,73,0.17142457910075268,1,1,1.1428571428571428
73,45,56,0.25708621501032236,2,2,0.20000000000000001
73,46,73,0.18064521968608824,1,1,6.1805555555555554
73,47,73,0.11365655117049663,1,1,0.16666666666666666
73,48,93,0.46103958787555543,4,3,0.20000000000000001
73,49,57,0.4961857791394933,3,3,0.5
73,50,92,0.61533102896367742,4,4,0.25
73,51,57,0.51916830491576105,3,3,1
73,52,58,0.49347235215048324,4,4,0.5
73,53,46,0.28947209519023076,2,2,0.20000000000000001
73,54,96,0.4503991774578282,3,3,1
73,55,46,0.35956189324976701,2,2,0.42500000000000004
73,56,73,0.063904337585401622,1,1,1.0666666666666667
73,57,19,0.37561158421518992,2,2,2.342857142857143
73,58,60,0.47307804833354949,3,3,1.5
73,59,73,0.14654833013567614,1,1,2.695238095238095
73,60,28,0.285276776468745,2,2,5.5829365079365081
73,61,4,0.2719175817252093,3,2,0.10000000000000001
73,62,44,0.29128992341964749,2,2,0.14285714285714285
73,63,23,0.40793665580744148,3,3,1.1111111111111112
73,64,76,0.24407869186090136,2,2,0.20000000000000001
73,65,57,0.44439558989276068,3,3,0.33333333333333331
73,66,46,0.31980570962354865,2,2,2.7833333333333332
73,67,8,0.58012944134505406,4,4,0.1111111111111111
73,68,0,0.64075969161375845,4,4,0.33333333333333331
73,69,94,0.68908166272159166,4,4,0.125
73,70,73,0.15795767486175324,1,1,2.9861111111111107
73,71,92,0.66219492153200288,4,4,0.33333333333333331
73,72,46,0.29792049495627843,2,2,0.20000000000000001
73,73,-1,0,0,0,29.983333333333334
73,74,55,0.54109825179376458,3,3,0.20000000000000001
73,75,27,0.63088777999153378,4,4,0.1111111111111111
73,76,73,0.19420722578409411,1,1,0.30000000000000004
73,77,14,0.29468134443459942,3,2,0.33333333333333331
73,78,73,0.14759830845796396,1,1,0.16666666666666666
73,79,60,0.47110762108337717,3,3,1.9206349206349205
73,80,96,0.46041912751792652,3,3,0.16666666666666666
73,81,63,0.55423248827639382,4,4,1
73,82,46,0.28980955078671738,2,2,0.25
73,83,79,0.58126802121802201,4,4,0.27777777777777779
73,84,57,0.54582752765101072,3,3,0.10000000000000001
73,85,73,0.041037154361133206,1,1,0.89444444444444438
73,86,57,0.48777411385445918,3,3,0.14285714285714285
73,87,97,0.53473259741970802,4,4,0.125
73,88,20,0.64265944938940345,4,4,0.10000000000000001
73,89,58,0.60938805345125469,4,4,0.5
73,90,3,0.67778548258889737,5,4,0.14285714285714285
73,91,46,0.27822894930689623,2,2,0.25
73,92,60,0.47356228230526887,3,3,1.5511904761904762
73,93,23,0.44737302680553936,3,3,1.2
73,94,66,0.5057918766332764,3,3,1.7833333333333332
73,95,94,0.69702671395358096,4,4,1
73,96,19,0.37420207896923152,2,2,1.4166666666666665
73,97,99,0.39989858759904795,3,3,0.89444444444444438
73,98,31,0.45284422812437353,3,3,0.14285714285714285
73,99,35,0.26192228074041524,2,2,1.0944444444444443
74,0,40,0.57716183260311205,4,4,1.6666666666666665
74,1,9,0.81551876518047939,6,5,0.14285714285714285
74,2,57,1.0485229355300243,7,6,0.16666666666666666
74,3,92,0.87105165541563556,6,5,1
74,4,35,0.60767012230894613,5,4,0.10000000000000001
74,5,20,1.0406621496988515,7,7,0.33333333333333331
74,6,60,0.84693139497764636,5,5,0.66666666666666663
74,7,55,0.20931413166217486,2,2,0.5
74,8,74,0.12313243038463316,1,1,2.8944444444444444
74,9,43,0.74288332986407157,5,4,1.503968253968254
74,10,94,0.50317261111501099,4,3,0.25
74,11,89,1.040923178623316,7,6,0.1111111111111111
74,12,24,0.3823702589474271,3,3,1.2
74,13,74,0.035578668169703016,1,1,0.10000000000000001
74,14,19,0.78406568858827175,6,5,0.20000000000000001
74,15,6,1.0233746715286156,6,6,0.33333333333333331
74,16,23,0.39402663567297519,3,3,7.0734126984126977
74,17,74,0.17063356604516769,1,1,8.985714285714284
74,18,35,0.61967739687600731,5,4,0.1111111111111111
74,19,85,0.71024964862158391,5,4,4.2706349206349206
74,20,31,0.92553107695341397,6,6,1.4333333333333333
74,21,24,0.44541132832547309,3,3,0.16666666666666666
74,22,92,0.90144267060784689,6,5,0.47619047619047616
74,23,55,0.29132953226014974,2,2,7.4067460317460307
74,24,8,0.27188494394073393,2,2,2.6444444444444444
74,25,48,0.28223308404904046,2,2,0.1111111111111111
74,26,32,0.75998395223934834,5,4,0.125
74,27,60,0.84226920350503787,5,5,0.33333333333333331
74,28,46,0.54860613976798356,3,3,0.34285714285714286
74,29,63,0.35673112030460319,2,2,0.125
74,30,66,0.51538436896700035,3,3,0.5
74,31,60,0.78066544267663251,5,5,1.7190476190476189
74,32,82,0.57144212439776676,4,3,3.2789682539682543
74,33,17,0.3160390203437915,2,2,3.8956349206349206
74,34,37,0.6414837802984672,4,4,0.26785714285714285
74,35,16,0.51160101250306611,4,4,2.1777777777777776
74,36,24,0.46702742684920862,3,3,0.1111111111111111
74,37,97,0.48373741591861952,3,3,0.49285714285714288
74,38,73,0.68735835594950689,4,4,0.33333333333333331
74,39,60,0.80073532031355243,5,5,0.16666666666666666
74,40,33,0.46280632433238222,3,3,3.7956349206349205
74,41,24,0.40619706697165125,3,3,0.33333333333333331
74,42,87,0.45731141587181823,4,3,0.33333333333333331
74,43,40,0.5431088592899288,4,3,2.003968253968254
74,44,35,0.6183788154825034,5,4,1.2
74,45,19,0.78941616529894088,6,5,0.20000000000000001
74,46,55,0.36045303210767637,2,2,5.6869047619047617
74,47,73,0.65475480296426125,4,4,0.16666666666666666
74,48,74,0.10151467317768935,1,1,1.7694444444444444
74,49,57,1.0242353824598762,7,6,0.5
74,50,9,0.84863132428528465,6,5,0.25
74,51,57,1.0472179082361441,7,6,1
74,52,92,0.80181287037922022,6,5,0.61111111111111116
74,53,55,0.25170837521769851,2,2,0.20000000000000001
74,54,96,0.97844878077821118,7,6,1
74,55,74,0.18153635854399761,1,1,13.918650793650791
74,56,73,0.60500258937916618,4,4,0.33333333333333331
74,57,19,0.9036611875355729,6,5,2.342857142857143
74,58,92,0.80553004077391588,6,5,0.5
74,59,28,0.61302374734024456,4,4,0.14285714285714285
74,60,70,0.66397863157824333,4,4,3.2190476190476192
74,61,37,0.62067923661944846,4,4,0.10000000000000001
74,62,34,0.69976591072887917,5,5,0.14285714285714285
74,63,74,0.16431476841151052,1,1,1.128968253968254
74,64,44,0.72253410423863074,6,5,0.20000000000000001
74,65,57,0.9724451932131436,7,6,0.33333333333333331
74,66,17,0.36352656461516564,2,2,1
74,67,74,0.15200870323771135,1,1,0.1111111111111111
74,68,0,0.76680375516487143,5,5,0.66666666666666663
74,69,24,0.38720868723815888,3,3,0.125
74,70,46,0.47737772684311164,3,3,3.3857142857142857
74,71,68,0.85860031888436383,6,5,0.33333333333333331
74,72,17,0.24823762694580637,2,2,0.20000000000000001
74,73,46,0.54109825179376458,3,3,0.95833333333333326
74,74,-1,0,0,0,29.908333333333331
74,75,52,0.98728009233252345,7,6,0.1111111111111111
74,76,35,0.67499688614814402,5,4,0.43333333333333335
74,77,76,0.79737079939128563,6,5,0.33333333333333331
74,78,85,0.6874678819610075,5,4,0.16666666666666666
74,79,60,0.8498094761928755,5,5,0.16666666666666666
74,80,96,0.98846873083830944,7,6,0.16666666666666666
74,81,48,0.24237626961645398,2,2,1.4583333333333333
74,82,91,0.37208772537536738,3,2,3.5289682539682543
74,83,92,0.90373994725189555,6,5,0.16666666666666666
74,84,57,1.0738771309713937,7,6,0.10000000000000001
74,85,16,0.54277793733982038,4,4,4.7706349206349206
74,86,57,1.0158237171748421,7,6,0.14285714285714285
74,87,81,0.30840952584958808,3,2,0.45833333333333331
74,88,20,1.0852416645500451,7,7,0.10000000000000001
74,89,9,0.87621641850784782,6,5,0.61111111111111116
74,90,22,1.0077000134813625,7,6,0.14285714285714285
74,91,17,0.30636230067264891,2,2,3.7789682539682543
74,92,32,0.74617438307876172,5,4,2.9539682539682541
74,93,74,0.097805114819026956,1,1,1
74,94,24,0.41041650510024141,3,3,0.375
74,95,12,0.54743569145651083,4,4,1
74,96,19,0.9022516822896145,6,5,1.4166666666666665
74,97,63,0.34427741432263315,2,2,0.89285714285714279
74,98,31,0.89542644328501531,6,6,0.14285714285714285
74,99,97,0.48225372118126586,3,3,0.20000000000000001
75,0,43,0.52084398062715087,4,4,1
75,1,22,0.20216983392324148,2,2,0.14285714285714285
75,2,51,0.81667275777200299,6,6,0.16666666666666666
75,3,75,0.12792984017709316,1,1,1
75,4,85,0.8412816447449567,5,5,0.32500000000000001
75,5,20,0.53632820551239446,4,4,1.9761904761904761
75,6,75,0.19663920091823944,1,1,10.303174603174604
75,7,82,0.79702595614698235,5,5,0.69999999999999996
75,8,24,0.93776677818086673,6,6,0.25
75,9,83,0.26457912498831304,2,2,5.6305555555555555
75,10,43,0.57749426594475151,4,4,2.1444444444444444
75,11,75,0.14443808794912416,1,1,0.1111111111111111
75,12,10,0.73866452917871439,5,5,0.32500000000000001
75,13,17,0.96234170078121251,7,6,0.10000000000000001
75,14,78,0.76910340525636944,5,5,0.20000000000000001
75,15,75,0.10834102313881126,1,1,0.33333333333333331
75,16,46,0.7699301268138492,5,5,0.125
75,17,91,0.81664652628735579,6,5,0.41111111111111109
75,18,44,0.82549653902261533,6,5,0.1111111111111111
75,19,78,0.69528856985998588,5,5,0.1111111111111111
75,20,39,0.42119713276695703,3,3,5.1928571428571431
75,21,43,0.61548788024002676,4,4,0.86111111111111105
75,22,75,0.09159104821452399,1,1,0.47619047619047616
75,23,46,0.75884125394187596,5,5,1.6805555555555556
75,24,21,0.78901426462476598,5,5,0.69444444444444442
75,25,63,1.1027058915398082,7,7,0.1111111111111111
75,26,83,0.23764908398588536,2,2,0.125
75,27,75,0.16732043159599419,1,1,5.1888888888888882
75,28,60,0.49477087867652292,3,3,1.5166666666666666
75,29,97,1.0969146276779145,8,7,0.125
75,30,32,0.50493416577669237,4,3,0.5
75,31,6,0.29420485954651027,2,2,4.4674603174603185
75,32,92,0.41583796793475664,3,3,3.7361111111111116
75,33,82,0.68230597964187512,5,4,0.10000000000000001
75,34,44,0.9306377623413965,6,6,0.125
75,35,73,0.79294195244627574,5,5,1.1916666666666667
75,36,10,0.73120214617436086,5,5,1.1111111111111112
75,37,4,1.0241347333428217,6,6,0.125
75,38,59,0.62849739146253225,4,4,0.53333333333333333
75,39,6,0.29177241525306608,2,2,5.35952380952381
75,40,43,0.54465613052000239,4,4,0.125
75,41,10,0.77320989288141706,5,5,0.33333333333333331
75,42,97,1.1889299700575768,8,7,0.33333333333333331
75,43,9,0.46435359556245576,3,3,5.1305555555555555
75,44,56,0.78518590020258849,5,5,1.2361111111111112
75,45,38,0.77390761002264796,5,5,0.20000000000000001
75,46,70,0.64913660299335563,4,4,3.0055555555555555
75,47,59,0.61635456416606804,4,4,0.16666666666666666
75,48,7,0.95871656497590829,6,6,0.20000000000000001
75,49,84,0.79040463665015459,5,5,0.5
75,50,89,0.21313095821820033,2,2,0.25
75,51,84,0.64485918397856146,5,5,1.1666666666666667
75,52,75,0.18546722195330326,1,1,4.4361111111111118
75,53,46,0.75796347849749823,5,5,0.20000000000000001
75,54,86,0.81457591762050308,6,6,1
75,55,82,0.81071269468010532,5,5,1.125
75,56,59,0.62073225081090733,4,4,1.8123015873015873
75,57,84,0.76128438959455202,5,5,0.34999999999999998
75,58,75,0.18924908342460917,1,1,0.5
75,59,31,0.48573975692682481,3,3,4.3246031746031752
75,60,27,0.34561100352278878,2,2,4.8555555555555552
75,61,4,0.89698338531812383,6,6,0.10000000000000001
75,62,76,0.90381667474941807,6,6,0.14285714285714285
75,63,23,0.91375834107568954,6,6,1.3472222222222223
75,64,78,0.83174962451384871,5,5,0.20000000000000001
75,65,86,0.73760350571392586,6,5,0.33333333333333331
75,66,43,0.6465400175932261,4,4,0.5
75,67,24,0.93755340651206998,6,6,0.1111111111111111
75,68,71,0.43598874959665423,3,3,0.33333333333333331
75,69,12,0.85065781677214969,6,6,0.125
75,70,60,0.53221190825792042,3,3,3.1722222222222221
75,71,89,0.34419218587716183,2,2,0.66666666666666663
75,72,82,0.74719558229081695,5,5,0.20000000000000001
75,73,28,0.63088777999153378,4,4,1.3166666666666667
75,74,17,0.98728009233252345,7,6,0.20000000000000001
75,75,-1,0,0,0,29.997222222222224
75,76,56,0.78834248952318253,5,5,0.24285714285714285
75,77,78,0.81311236445965629,5,5,0.33333333333333331
75,78,59,0.63997921642402911,4,4,1.0111111111111111
75,79,75,0.16161556952025222,1,1,0.16666666666666666
75,80,86,0.80110699902126981,6,6,0.16666666666666666
75,81,63,1.0600541735446418,7,7,1
75,82,32,0.61519236695715607,4,4,3.0361111111111114
75,83,75,0.087978859530775763,1,1,5.9222222222222225
75,84,20,0.59106844615873122,4,4,2.1166666666666667
75,85,59,0.66610295795404773,4,4,0.65833333333333333
75,86,5,0.65153538724685511,5,5,1.6428571428571428
75,87,63,1.1067131225659343,7,7,0.125
75,88,20,0.58090772036358829,4,4,0.10000000000000001
75,89,75,0.16139100870903866,1,1,1.4166666666666665
75,90,75,0.064557645680913683,1,1,0.14285714285714285
75,91,82,0.68091779165987454,5,4,0.66111111111111109
75,92,52,0.24110570925376174,2,2,3.9361111111111118
75,93,55,0.94630456471725855,6,6,1
75,94,10,0.67025037195952109,5,5,0.125
75,95,36,0.81490804324233934,6,6,1
75,96,57,0.82101659439626751,6,6,0.25
75,97,99,1.030786367590582,7,7,0.65833333333333333
75,98,6,0.26491776161037778,2,2,0.14285714285714285
75,99,35,0.89281006073194913,6,6,0.85833333333333339
76,0,30,0.64532499483609329,4,4,1.3333333333333333
76,1,92,0.73821398204286115,5,5,0.14285714285714285
76,2,96,0.4280977711483635,3,3,0.16666666666666666
76,3,79,0.68043082663762378,5,4,1.1428571428571428
76,4,76,0.10435820250514656,1,1,0.10000000000000001
76,5,86,0.53215976939877485,4,4,0.33333333333333331
76,6,31,0.59170328860494315,4,4,0.77777777777777768
76,7,16,0.46627914336536513,3,3,0.59999999999999998
76,8,55,0.66363145152725123,5,4,0.3611111111111111
76,9,92,0.70774713573088233,5,5,0.5
76,10,40,0.65597446526322656,4,4,0.3611111111111111
76,11,83,0.91675382358735291,6,6,0.1111111111111111
76,12,94,0.77481869387036695,5,5,0.20000000000000001
76,13,7,0.65118882465992378,4,4,0.10000000000000001
76,14,76,0.12977456602087048,1,1,2.3095238095238098
76,15,6,0.76814656515591229,5,5,0.33333333333333331
76,16,35,0.28097025047516883,2,2,3.5666666666666664
76,17,23,0.51215611170584963,4,3,0.1111111111111111
76,18,76,0.079009104475836756,1,1,0.1111111111111111
76,19,76,0.14461850326885922,1,1,0.1111111111111111
76,20,31,0.63900326425345377,4,4,1
76,21,66,0.63810988499146748,4,4,0.5
76,22,79,0.75338901690284787,5,5,0.33333333333333331
76,23,16,0.38366735388799428,3,3,2.4416666666666664
76,24,21,0.8116362693762067,5,5,0.33333333333333331
76,25,97,0.56703734765464431,4,4,0.1111111111111111
76,26,92,0.65980417026746263,5,4,0.125
76,27,60,0.63455998648894285,4,4,0.33333333333333331
76,28,56,0.32092787727267746,2,2,0.40000000000000002
76,29,97,0.45504914928709822,4,3,0.125
76,30,70,0.5349645010126528,3,3,2.333333333333333
76,31,59,0.49413762997667232,3,3,2.2301587301587298
76,32,28,0.49738301229562337,3,3,0.20000000000000001
76,33,46,0.51167518266852385,3,3,0.10000000000000001
76,34,76,0.16043344276784416,1,1,0.125
76,35,76,0.16339587364507788,1,1,3.8999999999999999
76,36,10,0.80968234549283591,5,5,0.1111111111111111
76,37,61,0.28601011731707404,2,2,0.45833333333333331
76,38,76,0.18749069824185235,1,1,0.33333333333333331
76,39,31,0.51474079375912873,4,4,0.16666666666666666
76,40,70,0.54881499160278491,3,3,0.4861111111111111
76,41,94,0.81678034180776904,5,5,0.33333333333333331
76,42,37,0.48062813431784546,3,3,0.33333333333333331
76,43,30,0.58970280030551092,4,4,0.5
76,44,76,0.057009110017556971,1,1,2.7611111111111111
76,45,76,0.14279467372571078,1,1,2.2833333333333332
76,46,73,0.37485244547018237,2,2,4.3833333333333329
76,47,76,0.17837958484835933,1,1,0.16666666666666666
76,48,93,0.59168737308992181,5,4,0.20000000000000001
76,49,96,0.41166021685115611,3,3,0.5
76,50,92,0.78632366705708079,5,5,0.25
76,51,57,0.44834677872561601,3,3,1
76,52,58,0.66446499024388661,5,5,0.5
76,53,16,0.43879288105726266,3,3,0.20000000000000001
76,54,96,0.35698601965047194,3,3,1
76,55,23,0.49346052760414638,4,3,0.68611111111111112
76,56,76,0.16761023871227523,1,1,8.5781746031746025
76,57,14,0.30479005802504489,2,2,2.1095238095238096
76,58,60,0.64407068642695287,4,4,1.5
76,59,56,0.30260273259635778,2,2,7.8448412698412691
76,60,59,0.45626941456214831,3,3,5.4718253968253965
76,61,76,0.1490682966162451,1,1,0.55833333333333335
76,62,76,0.11547418522623552,1,1,0.14285714285714285
76,63,23,0.5385844410218078,4,4,0.1111111111111111
76,64,76,0.049871466076807251,1,1,0.20000000000000001
76,65,57,0.37357406370261564,3,3,0.33333333333333331
76,66,46,0.51401293540764281,3,3,2.7833333333333332
76,67,8,0.71842212447651199,6,5,0.1111111111111111
76,68,0,0.83496691739785267,5,5,0.33333333333333331
76,69,94,0.88328888850568588,5,5,0.125
76,70,73,0.35216490064584738,2,2,2.9861111111111107
76,71,92,0.83318755962540625,5,5,0.33333333333333331
76,72,16,0.46128557626571087,3,3,0.20000000000000001
76,73,76,0.19420722578409411,1,1,7.4944444444444436
76,74,55,0.67499688614814402,5,4,0.20000000000000001
76,75,6,0.78834248952318253,5,5,0.1111111111111111
76,76,-1,0,0,0,30.008333333333329
76,77,76,0.12237391324314166,1,1,0.33333333333333331
76,78,76,0.17601987585710385,1,1,0.16666666666666666
76,79,60,0.64210025917678049,4,4,1.9206349206349205
76,80,96,0.36700596971057026,3,3,0.16666666666666666
76,81,97,0.55029383970139556,4,4,1
76,82,46,0.48401677657081149,3,3,0.25
76,83,79,0.75226065931142538,5,5,0.27777777777777779
76,84,57,0.47500600146086569,3,3,0.20000000000000001
76,85,76,0.15562916026322973,1,1,0.33333333333333331
76,86,57,0.41695258766431414,3,3,0.47619047619047616
76,87,97,0.52375489902042582,4,4,0.125
76,88,84,0.59939449418571311,4,4,0.10000000000000001
76,89,58,0.78038069154465806,5,5,0.5
76,90,3,0.84877812068230063,6,5,0.14285714285714285
76,91,46,0.47243617509099034,3,3,0.25
76,92,60,0.64455492039867224,4,4,1.5511904761904762
76,93,23,0.57802081201990574,4,4,1.2
76,94,66,0.69999910241737062,4,4,1.7833333333333332
76,95,94,0.89123393973767517,5,5,1
76,96,45,0.28078892116187526,2,2,2.083333333333333
76,97,99,0.38892088919976575,3,3,1.5611111111111111
76,98,31,0.60889863058505511,4,4,0.14285714285714285
76,99,44,0.25094458234113298,2,2,1.7611111111111111
77,0,32,0.72330573695679989,4,4,1.3333333333333333
77,1,92,0.7629838569793348,5,5,0.14285714285714285
77,2,96,0.30681317887614518,2,2,0.16666666666666666
77,3,79,0.70520070157409742,5,4,1.1428571428571428
77,4,18,0.22307440516292476,2,2,0.10000000000000001
77,5,86,0.4239522101804013,3,3,0.33333333333333331
77,6,31,0.6164731635414169,4,4,0.77777777777777768
77,7,16,0.58865305660850686,4,4,0.59999999999999998
77,8,55,0.78600536477039296,6,5,0.3611111111111111
77,9,92,0.73251701066735597,5,5,0.5
77,10,40,0.75308111457326909,5,5,1.3611111111111112
77,11,83,0.94152369852382656,6,6,0.1111111111111111
77,12,94,0.8752928125208721,7,6,0.20000000000000001
77,13,7,0.77356273790306551,5,5,0.10000000000000001
77,14,77,0.046974232118926047,1,1,4.041666666666667
77,15,6,0.79291644009238604,5,5,0.33333333333333331
77,16,35,0.4033441637183105,3,3,3.5666666666666664
77,17,23,0.63453002494899124,5,4,0.1111111111111111
77,18,77,0.19769095438042186,1,1,0.21111111111111111
77,19,77,0.11835847546975467,1,1,0.1111111111111111
77,20,84,0.53666975563426633,3,3,1
77,21,66,0.73858400364197274,6,5,0.5
77,22,79,0.77815889183932141,5,5,0.33333333333333331
77,23,16,0.50604126713113595,4,3,2.4416666666666664
77,24,21,0.91211038802671185,7,6,0.33333333333333331
77,25,97,0.68915028902531172,4,4,0.1111111111111111
77,26,92,0.68457404520393628,5,4,0.125
77,27,60,0.65932986142541661,4,4,0.33333333333333331
77,28,47,0.36645255458852832,2,2,4.3861111111111111
77,29,97,0.57716209065776558,4,4,0.125
77,30,32,0.63200388745340996,4,4,0.5
77,31,59,0.51890750491314608,3,3,1.23015873015873
77,32,28,0.54290768961147418,3,3,2.5333333333333332
77,33,46,0.61214930131902912,5,4,0.10000000000000001
77,34,62,0.24869393442449095,2,2,0.125
77,35,76,0.28576978688821952,2,2,3.8999999999999999
77,36,10,0.90678899480287845,6,6,1.1111111111111112
77,37,61,0.39457519627721238,3,3,0.45833333333333331
77,38,77,0.18530580872530886,1,1,0.33333333333333331
77,39,31,0.53951066869560249,4,4,0.16666666666666666
77,40,70,0.64592164091282744,4,4,1.4861111111111112
77,41,94,0.91725446045827419,7,6,0.33333333333333331
77,42,37,0.5891932132779838,4,4,0.33333333333333331
77,43,32,0.66975499270139816,4,4,0.5
77,44,77,0.1791220513882244,1,1,2.7611111111111111
77,45,77,0.049927240130849107,1,1,0.20000000000000001
77,46,73,0.47532656412068763,4,3,3.3833333333333333
77,47,77,0.19744585633532277,1,1,4.552777777777778
77,48,93,0.71406128633306343,6,5,0.20000000000000001
77,49,96,0.29037562457893779,2,2,0.5
77,50,92,0.81109354199355443,5,5,0.25
77,51,57,0.34013921950724246,2,2,1
77,52,58,0.68923486518036026,5,5,0.5
77,53,16,0.56116679430040428,4,4,0.20000000000000001
77,54,96,0.23570142737825361,2,2,1
77,55,23,0.61583444084728811,5,4,0.68611111111111112
77,56,14,0.23077700684919777,2,2,3.8416666666666668
77,57,77,0.19658249880667134,1,1,2.7761904761904765
77,58,60,0.66884056136342651,4,4,1.5
77,59,78,0.32737260753283148,2,2,6.8448412698412691
77,60,59,0.48103928949862201,3,3,5.4718253968253965
77,61,64,0.25763337557638344,2,2,0.55833333333333335
77,62,77,0.19041180399407898,1,1,0.26785714285714285
77,63,23,0.66095835426494953,5,4,0.1111111111111111
77,64,77,0.084753523435377356,1,1,0.7583333333333333
77,65,96,0.26498224426496436,2,2,0.33333333333333331
77,66,46,0.61448705405814807,5,4,1.7833333333333332
77,67,8,0.84079603771965372,7,6,0.1111111111111111
77,68,0,0.91294765951855927,5,5,0.33333333333333331
77,69,94,0.98376300715619103,7,6,0.125
77,70,28,0.44927154995589003,3,3,1.6527777777777779
77,71,92,0.85795743456187989,5,5,0.33333333333333331
77,72,16,0.58365948950885249,4,4,0.20000000000000001
77,73,56,0.29468134443459937,3,2,3.5083333333333333
77,74,55,0.79737079939128575,6,5,0.20000000000000001
77,75,6,0.81311236445965629,5,5,0.1111111111111111
77,76,77,0.12237391324314166,1,1,4.333333333333333
77,77,-1,0,0,0,29.775000000000002
77,78,77,0.17313314803562721,1,1,7.011507936507936
77,79,60,0.66687013411325413,4,4,1.9206349206349205
77,80,96,0.24572137743835193,2,2,0.16666666666666666
77,81,97,0.67240678107206298,4,4,1
77,82,46,0.58449089522131681,5,4,0.25
77,83,79,0.77703053424789903,5,5,0.27777777777777779
77,84,57,0.36679844224249214,2,2,1.2000000000000002
77,85,76,0.27800307350637138,2,2,0.33333333333333331
77,86,57,0.30874502844594059,2,2,0.47619047619047616
77,87,97,0.64586784039109324,4,4,0.125
77,88,84,0.49118693496733962,3,3,0.10000000000000001
77,89,58,0.8051505664811317,5,5,0.5
77,90,3,0.87354799561877428,6,5,0.14285714285714285
77,91,46,0.5729102937414956,5,4,0.25
77,92,60,0.66932479533514588,4,4,1.5511904761904762
77,93,23,0.70039472526304736,5,4,1.2
77,94,66,0.80047322106787577,6,5,0.78333333333333321
77,95,36,0.99049489187085693,7,6,1
77,96,77,0.15950432888965693,1,1,2.416666666666667
77,97,99,0.51103383057043317,3,3,1.5611111111111111
77,98,31,0.63366850552152887,4,4,0.14285714285714285
77,99,44,0.37305752371180045,2,2,1.7611111111111111
78,0,32,0.55633755144519415,3,3,1.3333333333333333
78,1,92,0.58985070894370761,4,4,0.14285714285714285
78,2,57,0.39358264034439711,3,3,0.16666666666666666
78,3,79,0.53206755353847024,4,3,1.1428571428571428
78,4,44,0.25922741691416068,2,2,0.55833333333333335
78,5,86,0.47609060372367568,4,4,0.33333333333333331
78,6,31,0.44334001550578966,3,3,0.77777777777777768
78,7,16,0.47875013917822862,3,3,0.59999999999999998
78,8,17,0.67293707685375725,4,4,0.3611111111111111
78,9,92,0.55938386263172879,4,4,0.5
78,10,40,0.58611292906166335,4,4,1.3611111111111112
78,11,83,0.76839055048819938,5,5,0.1111111111111111
78,12,94,0.71515861432242445,5,5,0.20000000000000001
78,13,7,0.66365982047278727,4,4,0.10000000000000001
78,14,78,0.12912418883234036,1,1,0.20000000000000001
78,15,6,0.61978329205675886,4,4,0.33333333333333331
78,16,85,0.29344124628803231,2,2,2.6944444444444442
78,17,46,0.52121733419930161,3,3,0.47222222222222221
78,18,44,0.23899236672870772,2,2,0.1111111111111111
78,19,78,0.055309353435956748,1,1,4.3039682539682538
78,20,31,0.49063999115430035,3,3,1
78,21,82,0.57689924125210024,4,4,0.5
78,22,79,0.60502574380369434,4,4,0.33333333333333331
78,23,16,0.39613834970085776,3,3,1.9694444444444443
78,24,21,0.75042562563683934,5,5,0.33333333333333331
78,25,97,0.69170451085164508,5,4,0.1111111111111111
78,26,92,0.51144089716830909,4,3,0.125
78,27,60,0.48619671338978937,3,3,0.33333333333333331
78,28,78,0.19948436907692246,1,1,6.4194444444444443
78,29,97,0.57971631248409894,5,4,0.125
78,30,32,0.46503570194180416,3,3,0.5
78,31,59,0.34577435687751884,2,2,2.2301587301587298
78,32,28,0.37593950409986837,2,2,2.5333333333333332
78,33,46,0.4650662653423937,3,3,0.10000000000000001
78,34,76,0.33645331862494798,2,2,0.125
78,35,85,0.27574363725246043,2,2,2.0944444444444446
78,36,10,0.7398208092912727,5,5,1.1111111111111112
78,37,4,0.4420805055120256,3,3,0.45833333333333331
78,38,78,0.012609059961858821,1,1,0.33333333333333331
78,39,31,0.36637752065997525,3,3,0.16666666666666666
78,40,70,0.47895345540122164,3,3,1.4861111111111112
78,41,94,0.75712026225982654,5,5,0.33333333333333331
78,42,37,0.63669852251279702,4,4,0.33333333333333331
78,43,32,0.5027868071897923,3,3,0.5
78,44,78,0.19868172790868091,1,1,1.7694444444444446
78,45,78,0.13409788629912542,1,1,0.20000000000000001
78,46,73,0.32824352814405222,2,2,2.2222222222222223
78,47,78,0.035501432211625161,1,1,0.16666666666666666
78,48,93,0.60415836890278529,5,4,0.20000000000000001
78,49,57,0.36929508727424909,3,3,0.5
78,50,92,0.63796039395792725,4,4,0.25
78,51,57,0.39227761305051689,3,3,1
78,52,58,0.51610171714473307,4,4,0.5
78,53,46,0.43707040364819477,3,3,0.20000000000000001
78,54,96,0.32350848559258394,3,3,1
78,55,23,0.50593152341700987,4,3,0.32500000000000001
78,56,78,0.083927055165630662,1,1,0.33333333333333331
78,57,19,0.24872089234994571,2,2,2.7761904761904765
78,58,60,0.49570741332779933,3,3,1.5
78,59,78,0.15423945949720427,1,1,7.8448412698412691
78,60,59,0.30790614146299478,2,2,5.4718253968253965
78,61,44,0.31343305919022885,2,2,0.10000000000000001
78,62,76,0.29149406108333936,2,2,0.14285714285714285
78,63,23,0.55105543683467129,4,4,0.1111111111111111
78,64,78,0.19177040808981963,1,1,0.20000000000000001
78,65,57,0.31750489802751647,3,3,0.33333333333333331
78,66,70,0.45435285585970037,3,3,1.2833333333333332
78,67,8,0.72772774980301802,5,5,0.1111111111111111
78,68,0,0.74597947400695352,4,4,0.33333333333333331
78,69,94,0.82362880895774337,5,5,0.125
78,70,28,0.28230336444428417,2,2,3.6861111111111109
78,71,92,0.68482428652625271,4,4,0.33333333333333331
78,72,46,0.44551880341424238,3,3,0.20000000000000001
78,73,78,0.14759830845796396,1,1,2.3472222222222223
78,74,55,0.6874678819610075,5,4,0.20000000000000001
78,75,6,0.63997921642402911,4,4,0.1111111111111111
78,76,78,0.17601987585710385,1,1,0.36785714285714288
78,77,78,0.17313314803562721,1,1,0.33333333333333331
78,78,-1,0,0,0,29.941666666666663
78,79,60,0.49373698607762695,3,3,1.9206349206349205
78,80,96,0.33352843565268225,3,3,0.16666666666666666
78,81,97,0.67496100289839633,5,4,1
78,82,70,0.42013956215991244,3,3,0.75
78,83,79,0.60389738621227185,4,4,0.27777777777777779
78,84,57,0.41893683578576657,3,3,0.20000000000000001
78,85,78,0.14468994462118714,1,1,5.1222222222222218
78,86,57,0.36088342198921497,3,3,0.47619047619047616
78,87,97,0.6484220622174266,5,4,0.125
78,88,84,0.54332532851061399,4,4,0.10000000000000001
78,89,58,0.63201741844550452,4,4,0.5
78,90,3,0.70041484758314709,5,4,0.14285714285714285
78,91,46,0.42582725776486019,3,3,0.25
78,92,60,0.4961916472995187,3,3,1.5511904761904762
78,93,23,0.59049180783276922,4,4,1.2
78,94,66,0.64033902286942812,4,4,0.78333333333333321
78,95,36,0.82352670635925118,6,5,1
78,96,19,0.24731138710398728,2,2,1.4166666666666665
78,97,99,0.51358805239676653,4,3,1.5611111111111111
78,98,31,0.46053535748590163,3,3,0.14285714285714285
78,99,35,0.37561174553813376,3,2,1.7611111111111111
79,0,43,0.42624157304065841,3,3,1
79,1,79,0.1496669364845232,1,1,0.14285714285714285
79,2,51,0.69554565550872405,5,5,0.16666666666666666
79,3,79,0.038330567460843332,1,1,1.1428571428571428
79,4,85,0.68653631385704683,4,4,0.32500000000000001
79,5,20,0.41520110324911552,3,3,1.9761904761904761
79,6,79,0.099190982134504405,1,1,0.33333333333333331
79,7,46,0.64316339326911776,4,4,0.69999999999999996
79,8,17,0.83404999279490422,5,5,0.25
79,9,79,0.16997671740182063,1,1,5.4222222222222216
79,10,43,0.48289185835825915,3,3,2.1444444444444444
79,11,83,0.27465356441057243,2,2,0.1111111111111111
79,12,10,0.64406212159222209,4,4,0.32500000000000001
79,13,55,0.82721000197654782,5,5,0.10000000000000001
79,14,78,0.62286117490996729,4,4,0.20000000000000001
79,15,79,0.19965439198403578,1,1,0.33333333333333331
79,16,46,0.61014996790569265,4,4,0.125
79,17,46,0.68233025014044857,4,4,0.3611111111111111
79,18,85,0.67709360704017008,4,4,0.2361111111111111
79,19,78,0.54904633951358373,4,4,0.1111111111111111
79,20,39,0.30007003050367809,2,2,5.1928571428571431
79,21,43,0.52088547265353435,3,3,0.61111111111111105
79,22,79,0.11128875772606733,1,1,0.33333333333333331
79,23,46,0.59906109503371952,4,4,1.6805555555555556
79,24,21,0.69441185703827357,4,4,0.44444444444444442
79,25,63,0.94292573263165169,6,6,0.1111111111111111
79,26,79,0.11985540465059298,1,1,0.125
79,27,79,0.024949531391445241,1,1,0.33333333333333331
79,28,60,0.33499071976836625,2,2,2.411111111111111
79,29,97,0.93713446876975759,7,6,0.125
79,30,32,0.37990023200590245,3,2,0.5
79,31,79,0.16179965198124252,1,1,0.14285714285714285
79,32,92,0.29080403416396666,2,2,1.675
79,33,82,0.55727204587108514,4,3,0.10000000000000001
79,34,18,0.78359039384815088,5,5,0.125
79,35,73,0.63316179353811908,4,4,1.1916666666666667
79,36,10,0.63659973858786856,4,4,1.1111111111111112
79,37,4,0.86938940245491181,5,5,0.125
79,38,59,0.48225516111613009,3,3,0.53333333333333333
79,39,79,0.17064531298978713,1,1,5.35952380952381
79,40,32,0.44094237259759966,3,3,0.125
79,41,10,0.67860748529492476,4,4,0.33333333333333331
79,42,97,1.0291498111494199,7,6,0.33333333333333331
79,43,9,0.36975118797596335,2,2,4.2555555555555555
79,44,56,0.63894366985618645,4,4,1
79,45,38,0.6276653796762458,4,4,0.20000000000000001
79,46,70,0.48935644408519913,3,3,5.6916666666666673
79,47,59,0.47011233381966588,3,3,0.16666666666666666
79,48,7,0.8048540020980437,5,5,0.20000000000000001
79,49,84,0.66927753438687565,4,4,0.5
79,50,79,0.19423253106980257,1,1,0.25
79,51,84,0.52373208171528252,4,4,1.1666666666666667
79,52,79,0.073195163161094146,1,1,0.5
79,53,46,0.59818331958934168,4,4,1.2
79,54,86,0.69344881535722414,5,5,1
79,55,46,0.66827311764887787,4,4,0.42500000000000004
79,56,59,0.47449002046450528,3,3,1.5761904761904761
79,57,84,0.64015728733127308,4,4,0.34999999999999998
79,58,79,0.058420363560926045,1,1,0.5
79,59,60,0.3394975265804227,2,2,3.43015873015873
79,60,79,0.18583084461463217,1,1,12.116269841269842
79,61,4,0.74223805443021396,5,5,0.10000000000000001
79,62,76,0.75757444440301602,5,5,0.14285714285714285
79,63,23,0.7539781821675331,5,5,1.3472222222222223
79,64,78,0.68550739416744655,4,4,0.20000000000000001
79,65,86,0.61647640345064691,5,4,0.33333333333333331
79,66,82,0.52573112160270496,4,3,0.5
79,67,24,0.84295099892557757,5,5,0.1111111111111111
79,68,9,0.36859909531616813,2,2,0.33333333333333331
79,69,12,0.75605540918565739,5,5,0.125
79,70,60,0.37243174934976386,2,2,6.1083333333333343
79,71,9,0.29541740479162598,2,2,0.33333333333333331
79,72,46,0.60663171935538929,4,4,0.20000000000000001
79,73,28,0.47110762108337711,3,3,1.3166666666666667
79,74,55,0.8498094761928755,5,5,0.20000000000000001
79,75,79,0.16161556952025222,1,1,0.1111111111111111
79,76,56,0.64210025917678049,4,4,0.24285714285714285
79,77,78,0.66687013411325413,4,4,0.33333333333333331
79,78,59,0.49373698607762695,3,3,1.0111111111111111
79,79,-1,0,0,0,29.941666666666663
79,80,86,0.67997989675799086,5,5,0.16666666666666666
79,81,63,0.90027401463648549,6,6,1
79,82,32,0.49015843318636609,3,3,0.84999999999999998
79,83,79,0.11016040013464486,1,1,0.27777777777777779
79,84,20,0.46994134389545222,3,3,2.1166666666666667
79,85,28,0.51135762706613774,3,3,0.89444444444444438
79,86,5,0.53040828498357617,4,4,1.6428571428571428
79,87,63,0.9469329636577779,6,6,0.125
79,88,20,0.45978061810030935,3,3,0.10000000000000001
79,89,79,0.16589742709194499,1,1,0.5
79,90,3,0.20667786150552014,2,2,0.14285714285714285
79,91,70,0.55015110984753912,3,3,0.25
79,92,79,0.11607177548297176,1,1,1.875
79,93,53,0.79140592216759409,5,5,1
79,94,10,0.57564796437302868,4,4,0.125
79,95,36,0.72030563565584704,5,5,1
79,96,57,0.69988949213298857,5,5,0.25
79,97,99,0.87100620868242518,6,6,0.65833333333333333
79,98,79,0.16583928660771929,1,1,0.14285714285714285
79,99,35,0.73302990182379246,5,5,0.85833333333333339
80,0,32,0.88850822636432691,6,6,1
80,1,58,0.82583881294931472,6,6,0.14285714285714285
80,2,80,0.061134144940793292,1,1,0.16666666666666666
80,3,27,0.71372972521337519,6,5,1
80,4,18,0.46879578260127674,4,4,0.10000000000000001
80,5,86,0.26477879350887534,2,2,8.2019841269841258
80,6,39,0.60446779810303042,5,5,0.69841269841269837
80,7,16,0.77975098805553056,5,5,0.59999999999999998
80,8,55,0.97710329621741665,7,6,0.3611111111111111
80,9,58,0.83508674562408436,6,6,1.1666666666666665
80,10,40,0.91828360398079611,7,6,1.3611111111111112
80,11,75,0.94554508697039397,7,7,0.1111111111111111
80,12,94,1.0410305956041992,7,7,0.20000000000000001
80,13,7,0.96466066935008921,6,6,0.10000000000000001
80,14,96,0.23760101105346432,2,2,0.20000000000000001
80,15,98,0.72001289068660324,5,5,0.33333333333333331
80,16,85,0.59444209516533419,4,4,3.1666666666666665
80,17,23,0.82562795639601494,6,5,0.1111111111111111
80,18,77,0.44341233181877382,3,3,0.21111111111111111
80,19,96,0.27821908221672553,2,2,12.881746031746033
80,20,5,0.37990986625431278,3,3,7.8686507936507928
80,21,66,0.90432178672529984,6,6,0.5
80,22,27,0.78684887252237101,6,6,0.33333333333333331
80,23,16,0.69713919857815965,5,5,2.4416666666666664
80,24,21,1.0778481711100389,7,7,0.33333333333333331
80,25,97,0.92972057041354472,6,6,0.1111111111111111
80,26,58,0.78490785016631159,6,6,0.125
80,27,39,0.65750170704239963,5,5,1.8333333333333333
80,28,47,0.53165504399605523,4,4,4.052777777777778
80,29,97,0.81773237204599858,6,6,0.125
80,30,32,0.79720637686093698,6,5,0.5
80,31,20,0.52477550053109423,4,4,2.7773809523809523
80,32,28,0.7081101790190012,5,5,2.2000000000000002
80,33,46,0.77788708440235621,5,5,0.10000000000000001
80,34,62,0.49441531186284288,4,4,0.125
80,35,44,0.52647013575589474,4,4,0.33333333333333331
80,36,10,1.0719914842104055,8,7,1.1111111111111112
80,37,61,0.64029657371556425,5,5,0.45833333333333331
80,38,19,0.34536951449698072,3,3,0.33333333333333331
80,39,20,0.50933458376820373,4,4,3.6150793650793647
80,40,70,0.81112413032035446,6,5,1.4861111111111112
80,41,94,1.0829922435416013,7,7,0.33333333333333331
80,42,37,0.83491459071633567,6,6,0.33333333333333331
80,43,32,0.83495748210892518,6,6,0.5
80,44,45,0.41969233277645746,3,3,3.0944444444444446
80,45,96,0.22421129598485945,2,2,3.3944444444444448
80,46,73,0.64106434720401473,4,4,3.7833333333333337
80,47,19,0.36264834574284976,3,3,4.219444444444445
80,48,93,0.90515921778008712,7,6,0.20000000000000001
80,49,80,0.047019971800966134,1,1,0.5
80,50,79,0.8742124278277934,6,6,0.25
80,51,80,0.16682701528609059,1,1,1
80,52,58,0.74374472740148934,6,6,0.5
80,53,46,0.74989122270815733,5,5,0.20000000000000001
80,54,80,0.017568023335126238,1,1,1
80,55,23,0.80693237229431181,6,5,0.68611111111111112
80,56,19,0.39845144755971529,3,3,0.33333333333333331
80,57,80,0.091068462023995267,1,1,0.10000000000000001
80,58,31,0.72335042358455559,5,5,2.6345238095238095
80,59,78,0.48776789514988661,4,4,0.30952380952380953
80,60,59,0.64143457711567708,5,5,0.16666666666666666
80,61,64,0.50335475301473531,4,4,0.55833333333333335
80,62,77,0.43613318143243091,3,3,0.26785714285714285
80,63,23,0.85205628571197312,6,6,0.1111111111111111
80,64,77,0.33047490087372927,3,3,0.7583333333333333
80,65,80,0.063508561500957891,1,1,0.53333333333333333
80,66,46,0.78022483714147517,5,5,1.7833333333333332
80,67,8,1.0318939691666775,8,7,0.1111111111111111
80,68,9,1.0337091235384319,7,7,0.33333333333333331
80,69,94,1.149500790239518,7,7,0.125
80,70,28,0.61447403936341694,5,4,1.6527777777777779
80,71,9,0.96052743301388976,7,7,0.33333333333333331
80,72,46,0.75833962247420494,5,5,0.20000000000000001
80,73,19,0.46041912751792652,3,3,3.9083333333333337
80,74,55,0.98846873083830944,7,6,0.20000000000000001
80,75,6,0.80110699902126981,6,6,0.36507936507936506
80,76,45,0.3670059697105702,3,3,0.10000000000000001
80,77,96,0.24572137743835193,2,2,1.5706349206349206
80,78,19,0.33352843565268231,3,3,0.47619047619047616
80,79,39,0.67997989675799086,5,5,0.91666666666666663
80,80,-1,0,0,0,29.94166666666667
80,81,97,0.91297706246029597,6,6,1
80,82,46,0.7502286783046439,5,5,0.25
80,83,27,0.78512896506149432,6,6,0.16666666666666666
80,84,65,0.21266417198333748,2,2,0.20000000000000001
80,85,19,0.44569079349848906,3,3,3.5
80,86,80,0.14957161177441464,1,1,8.3448412698412682
80,87,97,0.88643812177932624,6,6,0.125
80,88,84,0.33705266470818496,3,2,0.10000000000000001
80,89,79,0.84587732384993586,6,6,0.5
80,90,75,0.86566464470218352,7,6,0.14285714285714285
80,91,46,0.7386480768248227,5,5,0.25
80,92,58,0.78270608127970975,6,6,0.20000000000000001
80,93,23,0.89149265671007105,6,6,1.2
80,94,66,0.96621100415120287,6,6,0.78333333333333321
80,95,36,1.155697381278384,9,7,1
80,96,80,0.086217048548694983,1,1,18.296825396825398
80,97,99,0.75160411195866617,5,5,1.5611111111111111
80,98,20,0.54746019449577532,4,4,0.47619047619047616
80,99,44,0.61362780510003345,4,4,1.7611111111111111
81,0,40,0.68572722260340024,5,5,1.6666666666666665
81,1,9,0.92362918222116663,6,6,0.14285714285714285
81,2,96,0.97406886389808944,6,6,0.16666666666666666
81,3,79,0.93860458209732878,7,6,1
81,4,99,0.4551863570226401,3,3,0.10000000000000001
81,5,86,1.0778079938600349,7,7,0.33333333333333331
81,6,60,0.89739593342125634,6,6,0.66666666666666663
81,7,63,0.28678061704647939,2,2,1.1416666666666666
81,8,48,0.335101416902646,2,2,2.3527777777777779
81,9,43,0.85099374690475882,5,5,1.503968253968254
81,10,21,0.63854762700861067,5,4,0.25
81,11,89,1.1490335956640032,7,7,0.1111111111111111
81,12,24,0.59433924546543992,4,4,1.2
81,13,48,0.2545640860225607,2,2,0.21111111111111111
81,14,44,0.67542279048213061,4,4,2.2095238095238097
81,15,6,1.0738392099722256,7,7,0.33333333333333331
81,16,23,0.40391002301559137,3,3,0.25
81,17,48,0.2891053244625067,2,2,0.1111111111111111
81,18,99,0.47760457833341452,3,3,0.31111111111111112
81,19,44,0.6743685226503211,4,4,0.1111111111111111
81,20,31,0.97599561539702395,7,7,1.1000000000000001
81,21,33,0.56698739848240987,4,4,0.41666666666666663
81,22,92,0.9950080763814606,6,6,0.47619047619047616
81,23,63,0.30121291960276592,2,2,6.0896825396825394
81,24,8,0.48385393045874675,3,3,2.1027777777777779
81,25,81,0.042678572211111154,1,1,0.1111111111111111
81,26,32,0.85354935801296206,5,5,0.125
81,27,60,0.89273374194864785,6,6,0.44444444444444442
81,28,46,0.59907067821159354,4,4,0.34285714285714286
81,29,81,0.11883746911141368,1,1,0.125
81,30,82,0.61707482387875867,4,4,0.5
81,31,60,0.8311299811202425,6,6,1.3857142857142857
81,32,82,0.66500753017138048,4,4,2.1678571428571431
81,33,7,0.42567858420295768,3,3,0.64166666666666661
81,34,37,0.45857931647746397,3,3,0.26785714285714285
81,35,99,0.39921736564593591,3,3,1.6666666666666665
81,36,24,0.67899641336722139,4,4,0.1111111111111111
81,37,97,0.30083295209761624,2,2,0.49285714285714288
81,38,56,0.67644173825160947,5,5,0.33333333333333331
81,39,60,0.85119985875716242,6,6,0.16666666666666666
81,40,66,0.57137171433267042,4,4,1.7916666666666665
81,41,24,0.61816605348966414,4,4,0.33333333333333331
81,42,87,0.2149351462553642,2,2,0.33333333333333331
81,43,66,0.65121927633061616,4,4,2.003968253968254
81,44,99,0.49328472968383863,3,3,6.0373015873015863
81,45,44,0.68876576647543664,4,4,2.2833333333333332
81,46,23,0.4109175705512863,3,3,5.5063492063492063
81,47,56,0.64408188471745753,5,4,0.16666666666666666
81,48,81,0.14086159643876461,1,1,3.0750000000000006
81,49,96,0.95763130960088194,6,6,0.5
81,50,9,0.9567417413259719,6,6,0.25
81,51,57,0.99399500318687617,6,6,1
81,52,92,0.89537827615283394,6,6,0.5
81,53,63,0.32120165462933514,2,2,3.1178571428571433
81,54,96,0.90295711240019783,6,6,1
81,55,63,0.284859814131598,2,2,0.125
81,56,35,0.5928257989374156,4,4,0.83333333333333326
81,57,14,0.85043828248630504,5,5,2.0095238095238095
81,58,92,0.8990954465475296,6,6,0.5
81,59,28,0.66348828578385455,5,5,0.14285714285714285
81,60,70,0.71444317002185331,5,5,3.9968253968253968
81,61,37,0.43777477279844518,3,3,0.10000000000000001
81,62,34,0.51686144690787594,4,4,0.14285714285714285
81,63,81,0.14629583246895239,1,1,15.330952380952379
81,64,18,0.59264247284186478,4,4,0.20000000000000001
81,65,57,0.91922228816387574,6,6,0.33333333333333331
81,66,72,0.46903285429984576,3,3,4.2956349206349209
81,67,13,0.38052148504461447,3,3,0.1111111111111111
81,68,0,0.87536914516515962,6,6,0.66666666666666663
81,69,24,0.5991776737561717,4,4,0.125
81,70,46,0.52784226528672162,4,4,4.1634920634920638
81,71,68,0.96716570888465203,7,6,0.33333333333333331
81,72,63,0.33503750814305611,2,2,4.7456349206349211
81,73,16,0.55423248827639382,4,4,0.125
81,74,48,0.24237626961645398,2,2,0.20000000000000001
81,75,27,1.060054173544642,7,7,0.1111111111111111
81,76,44,0.55029383970139556,4,4,0.10000000000000001
81,77,44,0.67240678107206309,4,4,0.33333333333333331
81,78,85,0.67496100289839633,5,4,0.16666666666666666
81,79,60,0.90027401463648549,6,6,1.1666666666666667
81,80,96,0.91297706246029608,6,6,0.16666666666666666
81,81,-1,0,0,0,29.108333333333327
81,82,53,0.4656531311489811,3,3,2.9178571428571431
81,83,92,0.99730535302550927,6,6,0.16666666666666666
81,84,57,1.0206542259221258,6,6,0.10000000000000001
81,85,35,0.53027105827720922,4,4,0.5
81,86,57,0.96260081212557425,6,6,0.47619047619047616
81,87,81,0.066033256233134094,1,1,0.45833333333333331
81,88,20,1.1357062029936551,8,7,0.10000000000000001
81,89,9,0.98432683554853506,6,6,0.61111111111111116
81,90,22,1.1012654192549762,7,7,0.14285714285714285
81,91,72,0.4017816220383143,3,3,0.25
81,92,32,0.83973978885237544,5,5,1.842857142857143
81,93,81,0.1543738243626924,1,1,1
81,94,33,0.61779459394859959,4,4,0.125
81,95,12,0.75940467797452371,5,5,1
81,96,45,0.82676001391160114,5,5,2.083333333333333
81,97,81,0.16137295050162984,1,1,9.0079365079365061
81,98,31,0.94589098172862529,7,7,0.14285714285714285
81,99,97,0.29934925736026258,2,2,8.3150793650793631
82,0,40,0.22941837071207061,2,2,1.6666666666666665
82,1,9,0.46301776911668152,3,3,0.14285714285714285
82,2,57,0.81028288299635876,5,5,0.16666666666666666
82,3,92,0.49896393004026812,3,3,1
82,4,35,0.44360134155709363,4,3,0.10000000000000001
82,5,20,0.68480277319847804,5,5,0.33333333333333331
82,6,60,0.491072018477273,3,3,0.66666666666666663
82,7,82,0.18183358918982628,1,1,0.69999999999999996
82,8,17,0.35317390198465543,3,2,0.3611111111111111
82,9,43,0.39038233380027365,2,2,0.89285714285714279
82,10,66,0.21276477087167009,2,2,0.25
82,11,89,0.68671032341083582,4,4,0.1111111111111111
82,12,94,0.2963784468790629,3,2,0.20000000000000001
82,13,17,0.34714933382405649,3,2,0.10000000000000001
82,14,56,0.53751666310239077,4,4,0.53333333333333333
82,15,6,0.66751529502824214,4,4,0.33333333333333331
82,16,46,0.22995785492112267,2,2,2.3623015873015873
82,17,91,0.20145415933019975,2,2,0.77222222222222225
82,18,35,0.45560861612415476,4,3,0.1111111111111111
82,19,73,0.47200959608791837,3,3,2.7706349206349206
82,20,31,0.56967170045304061,4,4,2.5333333333333337
82,21,82,0.15675967909218777,1,1,1.6111111111111112
82,22,92,0.5293549452324795,3,3,0.47619047619047616
82,23,82,0.18664373732581371,1,1,0.33333333333333331
82,24,21,0.33028606347692691,2,2,0.33333333333333331
82,25,63,0.50830484914414731,3,3,0.1111111111111111
82,26,32,0.38789622686398106,2,2,0.125
82,27,60,0.48640982700466456,3,3,0.33333333333333331
82,28,70,0.22065519308298998,2,2,0.86666666666666659
82,29,63,0.51177365057312141,3,3,0.45833333333333331
82,30,82,0.15142169272977757,1,1,0.5
82,31,60,0.4248060661762591,3,3,2.8190476190476192
82,32,82,0.19935439902239943,1,1,8.2091269841269856
82,33,82,0.067113612684719076,1,1,0.10000000000000001
82,34,35,0.53344849304722108,4,4,0.125
82,35,16,0.34753223175121362,3,3,1.9123015873015874
82,36,21,0.32881216226485666,2,2,1.1111111111111112
82,37,99,0.51377127759657892,4,3,0.125
82,38,28,0.41042613287285512,3,3,0.33333333333333331
82,39,60,0.44487594381317908,3,3,0.16666666666666666
82,40,82,0.11506286244134077,1,1,1.7916666666666665
82,41,94,0.3383400948164651,3,2,0.33333333333333331
82,42,29,0.63139078313549812,4,4,0.33333333333333331
82,43,82,0.19060786322613091,1,1,1.3928571428571428
82,44,35,0.4543100347306509,4,3,1
82,45,56,0.5468957657970398,4,4,0.20000000000000001
82,46,82,0.10916433110062913,1,1,7.9579365079365072
82,47,28,0.3896618913361955,3,3,0.16666666666666666
82,48,7,0.34352419801875222,2,2,0.20000000000000001
82,49,57,0.78599532992621068,5,5,0.5
82,50,9,0.49613032822148673,3,3,0.25
82,51,84,0.79333375166464493,6,5,1
82,52,92,0.42972514500385284,3,3,0.61111111111111116
82,53,82,0.14445147651964599,1,1,2.2055555555555557
82,54,96,0.74020872824454553,5,5,1
82,55,82,0.19552032772294925,1,1,1.125
82,56,73,0.35371388837211903,3,3,1.0666666666666667
82,57,19,0.66542113500190736,4,4,1.2428571428571427
82,58,92,0.43344231539854855,3,3,0.5
82,59,70,0.28493288501502823,2,2,0.14285714285714285
82,60,32,0.30811925507786997,2,2,4.1523809523809527
82,61,35,0.47787597521370295,4,3,0.10000000000000001
82,62,35,0.54046376612090929,4,4,0.14285714285714285
82,63,53,0.31935729868002871,2,2,2.0055555555555555
82,64,76,0.53388824264761869,4,4,0.20000000000000001
82,65,57,0.73420514067947806,5,5,0.33333333333333331
82,66,82,0.035572688416338892,1,1,1.5333333333333332
82,67,8,0.40796457493391619,4,3,0.1111111111111111
82,68,0,0.41906029327382999,3,3,0.66666666666666663
82,69,94,0.40484864151438188,3,3,0.125
82,70,82,0.13783619771562824,1,1,1.176190476190476
82,71,68,0.51085685699332239,4,3,0.33333333333333331
82,72,82,0.13200321533366094,1,1,0.20000000000000001
82,73,46,0.28980955078671738,2,2,4.5956349206349199
82,74,17,0.37208772537536744,3,2,0.20000000000000001
82,75,52,0.61519236695715607,4,4,0.1111111111111111
82,76,73,0.48401677657081149,3,3,0.30000000000000004
82,77,14,0.58449089522131681,5,4,0.33333333333333331
82,78,28,0.42013956215991244,3,3,0.16666666666666666
82,79,92,0.49015843318636609,3,3,0.16666666666666666
82,80,96,0.75022867830464379,5,5,0.16666666666666666
82,81,63,0.4656531311489811,3,3,1
82,82,-1,0,0,0,29.858333333333341
82,83,92,0.53165222187652816,3,3,0.16666666666666666
82,84,20,0.73954301384481469,5,5,1.1000000000000001
82,85,73,0.33084670514785058,3,2,0.33333333333333331
82,86,57,0.77758366464117656,5,5,0.14285714285714285
82,87,63,0.51231208017027352,3,3,0.125
82,88,20,0.72938228804967187,5,5,0.10000000000000001
82,89,92,0.52200356329536768,3,3,0.61111111111111116
82,90,22,0.63561228810599524,4,4,0.14285714285714285
82,91,82,0.065725424702718499,1,1,1.0222222222222221
82,92,32,0.37408665770339433,2,2,3.7317460317460318
82,93,55,0.33111219776010248,2,2,1
82,94,66,0.22155885542606665,2,2,0.78333333333333321
82,95,36,0.41251805933283514,3,3,1
82,96,19,0.66401162975594885,4,4,1.4166666666666665
82,97,63,0.49931994459115137,3,3,0.20000000000000001
82,98,31,0.53956706678464195,4,4,0.14285714285714285
82,99,16,0.37264034777515087,3,2,0.32500000000000001
83,0,43,0.43286512109637504,3,3,1
83,1,83,0.11456460614848575,1,1,0.80952380952380953
83,2,51,0.80069472381222728,6,6,0.16666666666666666
83,3,83,0.072146368715661324,1,1,1
83,4,85,0.79669671399169162,5,5,0.32500000000000001
83,5,20,0.52035017155261898,4,4,1.9761904761904761
83,6,83,0.1864899719951939,1,1,0.47619047619047616
83,7,82,0.71348581106635434,4,4,0.69999999999999996
83,8,24,0.84978791865009096,5,5,0.25
83,9,83,0.17660026545753726,1,1,5.6305555555555555
83,10,43,0.48951540641397578,3,3,2.1444444444444444
83,11,83,0.16449316427592756,1,1,0.1111111111111111
83,12,10,0.65068566964793872,4,4,0.32500000000000001
83,13,17,0.87880155570058449,6,5,0.10000000000000001
83,14,78,0.73302157504461218,5,5,0.20000000000000001
83,15,83,0.18053499407396273,1,1,0.33333333333333331
83,16,46,0.72031036804033755,5,5,0.125
83,17,91,0.73310638120672778,5,4,0.41111111111111109
83,18,85,0.78725400717481497,5,5,0.2361111111111111
83,19,78,0.65920673964822862,5,5,0.1111111111111111
83,20,39,0.40521909880718149,3,3,5.1928571428571431
83,21,43,0.52750902070925099,3,3,0.86111111111111105
83,22,83,0.0042733073641428058,1,1,0.33333333333333331
83,23,46,0.7092214951683643,5,4,0.33333333333333331
83,24,21,0.7010354050939902,4,4,0.69444444444444442
83,25,63,1.0399570710206754,6,6,0.1111111111111111
83,26,83,0.14967022445510961,1,1,0.125
83,27,83,0.12762725801909464,1,1,5.8357142857142863
83,28,60,0.44515111990301115,3,3,2.286111111111111
83,29,63,1.0434258724496495,6,6,0.125
83,30,32,0.42139402069606446,3,3,0.5
83,31,27,0.26843790947964108,2,2,0.14285714285714285
83,32,92,0.33229782285412868,2,2,5.4083333333333341
83,33,82,0.5987658345612471,4,4,0.10000000000000001
83,34,18,0.89375079398279578,6,6,0.125
83,35,73,0.74332219367276386,5,5,1.0666666666666667
83,36,10,0.64322328664358519,4,4,1.1111111111111112
83,37,4,0.9795498025895566,6,6,0.125
83,38,59,0.59241556125077499,4,4,0.53333333333333333
83,39,27,0.27579438129329054,2,2,5.35952380952381
83,40,43,0.45667727098922661,3,3,0.125
83,41,10,0.68523103335064139,4,4,0.33333333333333331
83,42,97,1.1393102112840647,8,7,0.33333333333333331
83,43,9,0.37637473603167998,2,2,5.1305555555555555
83,44,56,0.74910406999083123,5,5,1
83,45,38,0.7378257798108907,5,5,0.20000000000000001
83,46,70,0.59951684421984397,4,4,1.4583333333333333
83,47,59,0.58027273395431078,4,4,0.16666666666666666
83,48,7,0.87517641989528028,5,5,0.20000000000000001
83,49,84,0.774426602690379,5,5,0.5
83,50,83,0.13412638363386423,1,1,0.25
83,51,84,0.62888115001878586,5,5,1.1666666666666667
83,52,83,0.10465107317930071,1,1,0.5
83,53,82,0.67610369839617401,4,4,1.6722222222222223
83,54,86,0.79859788366072759,6,6,1
83,55,82,0.7271725495994773,4,4,1.125
83,56,59,0.58465042059915007,4,4,1.5761904761904761
83,57,84,0.74530635563477643,5,5,0.34999999999999998
83,58,83,0.11385448562547767,1,1,0.5
83,59,60,0.44965792671506755,3,3,3.43015873015873
83,60,79,0.29599124474927702,2,2,7.5079365079365079
83,61,4,0.85239845456485874,6,6,0.10000000000000001
83,62,76,0.86773484453766081,6,6,0.14285714285714285
83,63,53,0.85100952055655676,5,5,1.4722222222222223
83,64,78,0.79566779430209145,5,5,0.20000000000000001
83,65,86,0.72162547175415037,6,5,0.33333333333333331
83,66,43,0.55856115806245032,3,3,0.5
83,67,24,0.8495745469812942,5,5,0.1111111111111111
83,68,71,0.35489589479552308,3,2,0.33333333333333331
83,69,12,0.76267895724137402,5,5,0.125
83,70,60,0.48259214948440871,3,3,1.625
83,71,1,0.26309933107603067,2,2,0.66666666666666663
83,72,82,0.66365543721018905,4,4,0.20000000000000001
83,73,28,0.58126802121802201,4,4,1.1916666666666667
83,74,17,0.90373994725189544,6,5,0.20000000000000001
83,75,83,0.087978859530775763,1,1,0.1111111111111111
83,76,56,0.75226065931142527,5,5,0.24285714285714285
83,77,78,0.77703053424789903,5,5,0.33333333333333331
83,78,59,0.60389738621227185,4,4,1.0111111111111111
83,79,83,0.11016040013464486,1,1,7.6746031746031749
83,80,86,0.78512896506149432,6,6,0.16666666666666666
83,81,63,0.99730535302550916,6,6,1
83,82,32,0.53165222187652805,3,3,4.7083333333333339
83,83,-1,0,0,0,29.941666666666666
83,84,20,0.57509041219895563,4,4,2.1166666666666667
83,85,28,0.62151802720078264,4,4,0.89444444444444438
83,86,5,0.63555735328707963,5,5,1.6428571428571428
83,87,63,1.0439643020468015,6,6,0.125
83,88,20,0.56492968640381269,4,4,0.10000000000000001
83,89,83,0.085950025928812762,1,1,0.5
83,90,83,0.10478335660154413,1,1,0.14285714285714285
83,91,82,0.59737764657924652,4,4,0.66111111111111109
83,92,83,0.1575655641731338,1,1,5.6083333333333343
83,93,55,0.86276441963663053,5,5,1
83,94,10,0.58227151242874531,4,4,0.125
83,95,36,0.72692918371156368,5,5,1
83,96,57,0.80503856043649191,6,6,0.25
83,97,99,0.98116660881706996,7,6,0.53333333333333333
83,98,6,0.25476853268733224,2,2,0.14285714285714285
83,99,35,0.84319030195843725,6,5,0.73333333333333339
84,0,32,0.72058666216774103,5,5,1
84,1,58,0.61580026008677613,4,4,0.14285714285714285
84,2,51,0.22560431161327174,2,2,0.16666666666666666
84,3,27,0.50369117235083649,4,3,1
84,4,76,0.57936420396601229,4,4,0.10000000000000001
84,5,84,0.059685086681624096,1,1,0.33333333333333331
84,6,39,0.39442924524049172,3,3,0.69841269841269837
84,7,16,0.86515938818861482,5,5,0.59999999999999998
84,8,55,1.062511696350501,7,6,0.25
84,9,58,0.62504819276154577,4,4,1.1666666666666665
84,10,30,0.7761354902096943,5,5,1.6944444444444444
84,11,75,0.73550653410785538,5,5,0.1111111111111111
84,12,94,0.93102932026185625,7,6,0.20000000000000001
84,13,7,1.0500690694831734,6,6,0.10000000000000001
84,14,57,0.34523143543999524,2,2,4.1638888888888896
84,15,98,0.50997433782406465,3,3,0.33333333333333331
84,16,85,0.67985049529841846,4,4,3.0555555555555558
84,17,23,0.9110363565290992,6,5,0.1111111111111111
84,18,76,0.55401510593670245,4,3,0.1111111111111111
84,19,57,0.36362748234980979,2,2,6.0250000000000004
84,20,84,0.16987131339177414,1,1,14.725396825396825
84,21,30,0.79095321200680302,5,5,0.61111111111111105
84,22,27,0.57681031965983232,4,4,0.33333333333333331
84,23,16,0.78254759871124391,5,5,2.3305555555555557
84,24,21,0.96447959639154224,6,6,0.44444444444444442
84,25,97,1.0373977338753746,6,6,0.1111111111111111
84,26,58,0.57486929730377301,4,4,0.125
84,27,39,0.44746315417986099,3,3,1.8333333333333333
84,28,59,0.57068945262113124,4,4,0.20000000000000001
84,29,97,0.92540953550782845,6,6,0.125
84,30,60,0.62905734822974269,4,4,2.8055555555555554
84,31,20,0.31473694766855564,2,2,9.6341269841269828
84,32,60,0.54018861482241531,4,4,3.125
84,33,82,0.80665662652953374,6,5,0.10000000000000001
84,34,62,0.61549237666698309,4,4,0.125
84,35,44,0.63414729921772461,4,4,0.33333333333333331
84,36,10,0.92984337043930365,6,6,1.1111111111111112
84,37,61,0.76101611877793973,5,5,0.45833333333333331
84,38,19,0.43077791463006498,3,3,0.33333333333333331
84,39,20,0.29929603090566509,2,2,3.6150793650793647
84,40,32,0.69032695325604831,5,5,0.57499999999999996
84,41,10,0.97185111714635997,6,6,0.33333333333333331
84,42,37,0.95563413577871115,6,6,0.33333333333333331
84,43,32,0.66703591791233929,5,5,0.5
84,44,14,0.52736949623828733,3,3,3.0944444444444446
84,45,57,0.33236544896795384,2,2,0.40000000000000002
84,46,73,0.72647274733709899,4,4,1.3999999999999999
84,47,19,0.44805674587593403,3,3,0.16666666666666666
84,48,93,0.99056761791317138,7,6,0.20000000000000001
84,49,84,0.1993361904914234,1,1,0.5
84,50,79,0.66417387496525482,4,4,0.25
84,51,84,0.053790737819830264,1,1,1.1666666666666667
84,52,58,0.53370617453895075,4,4,0.5
84,53,46,0.83529962284124148,5,5,0.20000000000000001
84,54,86,0.22649407967925284,2,2,1
84,55,23,0.89234077242739607,6,5,0.57499999999999996
84,56,19,0.48385984769279955,3,3,0.33333333333333331
84,57,84,0.17021594343582083,1,1,11.540079365079366
84,58,31,0.51331187072201701,3,3,2.6345238095238095
84,59,31,0.50627184504887024,3,3,0.34285714285714286
84,60,31,0.43142375876694478,3,3,6.5138888888888884
84,61,76,0.62407429807711079,4,4,0.55833333333333335
84,62,77,0.55721024623657112,3,3,0.26785714285714285
84,63,23,0.93746468584505749,6,6,0.1111111111111111
84,64,45,0.45153983221156552,3,3,0.20000000000000001
84,65,84,0.1491556104823796,1,1,0.5
84,66,82,0.77511570226115356,6,5,0.5
84,67,24,1.1130187382788463,7,7,0.1111111111111111
84,68,9,0.82367057067589333,5,5,0.33333333333333331
84,69,94,1.0394995148971751,7,7,0.125
84,70,60,0.61802466350207652,4,4,0.41666666666666663
84,71,9,0.75048888015135118,5,5,0.33333333333333331
84,72,46,0.84374802260728921,5,5,0.20000000000000001
84,73,19,0.54582752765101072,3,3,1.5249999999999999
84,74,55,1.0738771309713937,7,6,0.20000000000000001
84,75,6,0.59106844615873122,4,4,0.36507936507936506
84,76,14,0.47500600146086569,3,3,0.86944444444444446
84,77,57,0.36679844224249214,2,2,0.60119047619047616
84,78,19,0.41893683578576657,3,3,0.16666666666666666
84,79,39,0.46994134389545222,3,3,0.91666666666666663
84,80,65,0.21266417198333748,2,2,0.16666666666666666
84,81,97,1.0206542259221258,6,6,1
84,82,32,0.73954301384481469,5,5,0.84999999999999998
84,83,27,0.57509041219895563,4,4,0.16666666666666666
84,84,-1,0,0,0,30.008333333333336
84,85,19,0.53109919363157332,3,3,3.3888888888888893
84,86,84,0.063453549305604859,1,1,1.1428571428571428
84,87,97,0.99411528524115611,6,6,0.125
84,88,84,0.12438849272484746,1,1,0.10000000000000001
84,89,79,0.63583877098739716,4,4,0.5
84,90,75,0.65562609183964493,5,4,0.14285714285714285
84,91,70,0.79574402399985178,5,5,0.25
84,92,58,0.57266752841717117,4,4,0.20000000000000001
84,93,23,0.97690105684315531,6,6,1.2
84,94,40,0.85620972880885993,6,6,0.45000000000000001
84,95,36,1.0135492675072821,7,7,1
84,96,57,0.22994814823753634,2,2,0.25
84,97,99,0.85928127542049604,5,5,1.5611111111111111
84,98,20,0.33742164163323674,2,2,0.47619047619047616
84,99,44,0.72130496856186332,4,4,1.7611111111111111
85,0,30,0.49040935160382809,3,3,1.3333333333333333
85,1,92,0.60747134993221841,4,4,0.14285714285714285
85,2,57,0.50574499819020391,3,3,0.16666666666666666
85,3,79,0.54968819452698103,4,3,1.1428571428571428
85,4,85,0.17517868679090903,1,1,0.32500000000000001
85,5,86,0.58825296156948248,4,4,0.33333333333333331
85,6,31,0.46946375703580828,3,3,0.77777777777777768
85,7,16,0.3340601945570415,2,2,0.59999999999999998
85,8,55,0.53141250271892759,4,3,0.3611111111111111
85,9,92,0.57700450362023958,4,4,0.5
85,10,40,0.50105882203096141,3,3,0.3611111111111111
85,11,83,0.78601119147671017,5,5,0.1111111111111111
85,12,94,0.62164862244740582,5,4,0.20000000000000001
85,13,7,0.51896987585160015,3,3,0.10000000000000001
85,14,19,0.24128775124845142,2,2,0.20000000000000001
85,15,6,0.64590703358677748,4,4,0.33333333333333331
85,16,85,0.14875130166684516,1,1,3.5666666666666664
85,17,23,0.37993716289752599,3,3,0.1111111111111111
85,18,85,0.1657359799740323,1,1,0.2361111111111111
85,19,85,0.16747171128176355,1,1,4.7039682539682541
85,20,31,0.51676373268431897,3,3,1
85,21,66,0.48493981356850652,4,3,0.5
85,22,79,0.62264638479220502,4,4,0.33333333333333331
85,23,16,0.25144840507967064,2,2,2.4416666666666664
85,24,21,0.65846619795324568,5,4,0.33333333333333331
85,25,97,0.54701456623045785,4,4,0.1111111111111111
85,26,92,0.52906153815681989,4,3,0.125
85,27,60,0.50381735437830022,3,3,0.33333333333333331
85,28,85,0.17636690729777146,1,1,5.8718253968253968
85,29,97,0.43502636786291177,4,3,0.125
85,30,70,0.38004885778038766,2,2,2.333333333333333
85,31,59,0.37189809840753746,2,2,2.2301587301587298
85,32,28,0.35282204232071734,2,2,0.20000000000000001
85,33,46,0.35850511124556295,3,3,0.10000000000000001
85,34,18,0.27223276678201314,2,2,0.125
85,35,85,0.13105369263127326,1,1,2.427777777777778
85,36,10,0.65476670226057077,4,4,0.1111111111111111
85,37,4,0.35803177538877395,2,2,0.125
85,38,85,0.14688376239009496,1,1,0.33333333333333331
85,39,31,0.39250126218999387,3,3,0.16666666666666666
85,40,70,0.39389934837051976,2,2,0.4861111111111111
85,41,94,0.66361027038480802,5,4,0.33333333333333331
85,42,97,0.52704171024257418,4,3,0.33333333333333331
85,43,30,0.43478715707324583,3,3,0.5
85,44,85,0.13040109934378916,1,1,1.1428571428571428
85,45,19,0.24663822795912055,2,2,0.20000000000000001
85,46,73,0.22168237404722144,2,2,4.3833333333333329
85,47,85,0.11571147601871562,1,1,0.16666666666666666
85,48,93,0.45946842428159812,4,3,0.20000000000000001
85,49,57,0.48145744512005589,3,3,0.5
85,50,92,0.65558103494643805,4,4,0.25
85,51,57,0.50443997089632364,3,3,1
85,52,58,0.53372235813324387,4,4,0.5
85,53,16,0.30657393224893897,2,2,0.20000000000000001
85,54,96,0.4356708434383908,3,3,1
85,55,23,0.36124157879582275,3,3,0.68611111111111112
85,56,85,0.065901318304213738,1,1,0.33333333333333331
85,57,19,0.36088325019575251,2,2,2.7761904761904765
85,58,60,0.51332805431631012,3,3,1.5
85,59,85,0.18036320102722289,1,1,2.3730158730158726
85,60,28,0.32552678245150557,2,2,5.4718253968253965
85,61,4,0.23088042736407613,2,2,0.10000000000000001
85,62,44,0.25026644366268397,2,2,0.14285714285714285
85,63,23,0.40636549221348417,3,3,0.1111111111111111
85,64,76,0.20550062634003699,2,2,0.20000000000000001
85,65,57,0.42966725587332327,3,3,0.33333333333333331
85,66,46,0.36084286398468185,3,2,2.7833333333333332
85,67,8,0.58620317566818836,5,4,0.1111111111111111
85,68,0,0.68005127416558742,4,4,0.33333333333333331
85,69,94,0.73011881708272486,5,4,0.125
85,70,85,0.19724925741358229,1,1,2.9861111111111107
85,71,92,0.70244492751476351,4,4,0.33333333333333331
85,72,16,0.32906662745738724,2,2,0.20000000000000001
85,73,85,0.041037154361133206,1,1,4.5083333333333329
85,74,55,0.54277793733982038,4,4,0.20000000000000001
85,75,6,0.66610295795404773,4,4,0.1111111111111111
85,76,85,0.15562916026322973,1,1,0.6333333333333333
85,77,76,0.27800307350637138,2,2,0.33333333333333331
85,78,85,0.14468994462118714,1,1,0.16666666666666666
85,79,60,0.51135762706613774,3,3,1.9206349206349205
85,80,96,0.44569079349848911,3,3,0.16666666666666666
85,81,97,0.53027105827720911,4,4,1
85,82,46,0.33084670514785058,3,2,0.25
85,83,79,0.62151802720078264,4,4,0.27777777777777779
85,84,57,0.53109919363157332,3,3,0.20000000000000001
85,85,-1,0,0,0,29.774999999999995
85,86,57,0.47304577983502177,3,3,0.47619047619047616
85,87,97,0.50373211759623937,4,4,0.125
85,88,84,0.65548768635642074,4,4,0.10000000000000001
85,89,58,0.64963805943401531,4,4,0.5
85,90,3,0.71803548857165789,5,4,0.14285714285714285
85,91,46,0.31926610366802943,3,2,0.25
85,92,60,0.5138122882880295,3,3,1.5511904761904762
85,93,23,0.44580186321158205,3,3,1.2
85,94,66,0.5468290309944096,4,3,1.7833333333333332
85,95,94,0.73806386831471416,5,4,1
85,96,19,0.35947374494979412,2,2,1.4166666666666665
85,97,99,0.3688981077755793,3,3,1.8944444444444444
85,98,31,0.48665909901592025,3,3,0.14285714285714285
85,99,35,0.23092180091694658,2,2,2.0944444444444446
86,0,32,0.78105360325586504,6,6,1
86,1,58,0.67626720117490013,5,5,0.14285714285714285
86,2,86,0.16655855917198895,1,1,0.16666666666666666
86,3,27,0.56415811343896061,5,4,1
86,4,76,0.52131079016946069,4,4,0.10000000000000001
86,5,86,0.11520718173446069,1,1,13.338095238095237
86,6,39,0.45489618632861573,4,4,0.69841269841269837
86,7,16,0.80710597439206322,5,5,0.59999999999999998
86,8,55,1.0044582825539492,7,6,0.3611111111111111
86,9,58,0.68551513384966978,5,5,1.1666666666666665
86,10,30,0.83660243129781831,6,6,1.6944444444444444
86,11,75,0.79597347519597939,6,6,0.1111111111111111
86,12,94,0.99149626134998026,8,7,0.20000000000000001
86,13,7,0.99201565568662187,6,6,0.10000000000000001
86,14,57,0.28717802164344364,2,2,4.1638888888888896
86,15,98,0.57044127891218865,4,4,0.33333333333333331
86,16,85,0.62179708150186686,4,4,3.1666666666666665
86,17,23,0.8529829427325476,6,5,0.1111111111111111
86,18,76,0.49596169214015084,4,3,0.1111111111111111
86,19,57,0.30557406855325819,2,2,7.7456349206349193
86,20,5,0.23033825447989814,2,2,13.004761904761903
86,21,30,0.85142015309492702,6,6,0.5
86,22,27,0.63727726074795643,5,5,0.33333333333333331
86,23,16,0.72449418491469231,5,5,2.4416666666666664
86,24,21,1.0249465374796662,7,7,0.33333333333333331
86,25,97,0.97934432007882299,6,6,0.1111111111111111
86,26,58,0.63533623839189701,5,5,0.125
86,27,39,0.50793009526798505,4,4,1.8333333333333333
86,28,47,0.559010030332588,4,4,0.3666666666666667
86,29,97,0.86735612171127685,6,6,0.125
86,30,60,0.68952428931786669,5,5,2.6944444444444446
86,31,20,0.37520388875667965,3,3,7.9134920634920629
86,32,60,0.60065555591053932,5,5,2.2749999999999999
86,33,46,0.80524207073888887,5,5,0.10000000000000001
86,34,62,0.55743896287043149,4,4,0.125
86,35,44,0.5760938854211729,4,4,0.33333333333333331
86,36,10,0.99031031152742766,7,7,1.1111111111111112
86,37,61,0.70296270498138813,5,5,0.45833333333333331
86,38,19,0.37272450083351338,3,3,0.33333333333333331
86,39,20,0.35976297199378909,3,3,3.6150793650793647
86,40,32,0.75079389434417232,6,5,0.57499999999999996
86,41,10,1.032318058234484,7,7,0.33333333333333331
86,42,37,0.89758072198215955,6,6,0.33333333333333331
86,43,32,0.7275028590004633,6,6,0.5
86,44,14,0.46931608244173567,3,3,3.0944444444444446
86,45,57,0.27431203517140229,2,2,0.40000000000000002
86,46,73,0.66841933354054739,4,4,2.5
86,47,19,0.39000333207938243,3,3,0.53333333333333333
86,48,93,0.93251420411661978,7,6,0.20000000000000001
86,49,86,0.14036086306168974,1,1,0.5
86,50,79,0.72464081605337882,5,5,0.25
86,51,86,0.034581633664162573,1,1,1
86,52,58,0.59417311562707475,5,5,0.5
86,53,46,0.77724620904468988,5,5,0.20000000000000001
86,54,86,0.16304053037364799,1,1,1
86,55,23,0.83428735863084447,6,5,0.68611111111111112
86,56,19,0.42580643389624795,3,3,0.33333333333333331
86,57,86,0.11216252963926925,1,1,13.010714285714286
86,58,31,0.57377881181014101,4,4,2.6345238095238095
86,59,78,0.51512288148641927,4,4,0.14285714285714285
86,60,31,0.49189069985506878,4,4,5.1361111111111111
86,61,76,0.56602088428055919,4,4,0.55833333333333335
86,62,77,0.49915683244001957,3,3,0.26785714285714285
86,63,23,0.87941127204850589,6,6,0.1111111111111111
86,64,45,0.39348641841501397,3,3,0.20000000000000001
86,65,86,0.086068118467070742,1,1,0.33333333333333331
86,66,46,0.80757982347800783,5,5,0.5
86,67,8,1.0592489555032101,8,7,0.1111111111111111
86,68,9,0.88413751176401734,6,6,0.33333333333333331
86,69,94,1.0999664559852991,8,7,0.125
86,70,28,0.64182902569994971,5,4,0.16666666666666666
86,71,9,0.81095582123947518,6,6,0.33333333333333331
86,72,46,0.7856946088107376,5,5,0.20000000000000001
86,73,19,0.48777411385445918,3,3,2.625
86,74,55,1.0158237171748421,7,6,0.20000000000000001
86,75,6,0.65153538724685522,5,5,0.36507936507936506
86,76,14,0.41695258766431409,3,3,0.86944444444444446
86,77,57,0.30874502844594059,2,2,0.60119047619047616
86,78,19,0.36088342198921497,3,3,0.30952380952380953
86,79,39,0.53040828498357628,4,4,0.91666666666666663
86,80,86,0.14957161177441464,1,1,0.16666666666666666
86,81,97,0.96260081212557425,6,6,1
86,82,46,0.77758366464117656,5,5,0.25
86,83,27,0.63555735328707974,5,5,0.16666666666666666
86,84,86,0.063453549305604859,1,1,0.10000000000000001
86,85,19,0.47304577983502172,3,3,3.5
86,86,-1,0,0,0,29.965476190476192
86,87,97,0.93606187144460451,6,6,0.125
86,88,86,0.1877806060875514,1,1,0.10000000000000001
86,89,79,0.69630571207552128,5,5,0.5
86,90,75,0.71609303292776894,6,5,0.14285714285714285
86,91,46,0.76600306316135536,5,5,0.25
86,92,58,0.63313446950529517,5,5,0.20000000000000001
86,93,23,0.91884764304660371,6,6,1.2
86,94,40,0.91667666989698393,7,6,0.45000000000000001
86,95,36,1.0740162085954061,8,7,1
86,96,86,0.16957193259256556,1,1,0.25
86,97,99,0.80122786162394444,5,5,1.5611111111111111
86,98,20,0.39788858272136074,3,3,0.47619047619047616
86,99,44,0.66325155476531172,4,4,1.7611111111111111
87,0,40,0.73238617162469266,5,5,1.6666666666666665
87,1,9,0.97028813124245894,6,6,0.14285714285714285
87,2,96,0.94752992321711949,6,6,0.16666666666666666
87,3,79,0.98526353111862108,7,6,1
87,4,99,0.42864741634167036,3,3,0.10000000000000001
87,5,86,1.0512690531790652,7,7,0.33333333333333331
87,6,60,0.94405488244254865,6,6,0.66666666666666663
87,7,63,0.33343956606777181,2,2,1.1416666666666666
87,8,48,0.40113467313578011,3,3,2.3527777777777779
87,9,43,0.89765269592605113,5,5,1.503968253968254
87,10,21,0.68520657602990298,5,4,0.25
87,11,89,1.1956925446852955,7,7,0.1111111111111111
87,12,24,0.66037250169857398,5,5,1.2
87,13,48,0.32059734225569481,3,2,0.21111111111111111
87,14,44,0.64888384980116087,4,4,2.3095238095238098
87,15,6,1.1204981589935179,7,7,0.33333333333333331
87,16,99,0.41549280953332096,3,3,0.125
87,17,63,0.33970228260859181,2,2,0.1111111111111111
87,18,99,0.45106563765244473,3,3,0.31111111111111112
87,19,44,0.64782958196935136,4,4,0.1111111111111111
87,20,31,1.0176814592124803,7,7,1
87,21,33,0.61364634750370217,4,4,0.41666666666666663
87,22,92,1.0416670254027531,6,6,0.47619047619047616
87,23,63,0.34787186862405828,2,2,4.1444444444444439
87,24,8,0.54988718669188086,4,4,2.1027777777777779
87,25,87,0.051536353522415472,1,1,0.1111111111111111
87,26,32,0.90020830703425458,5,5,0.125
87,27,60,0.93939269096994016,6,6,0.44444444444444442
87,28,46,0.64572962723288585,4,4,0.20000000000000001
87,29,87,0.073908356477842857,1,1,0.61785714285714288
87,30,82,0.66373377290005109,4,4,0.5
87,31,59,0.87281582493569876,6,6,1.4523809523809523
87,32,82,0.71166647919267301,4,4,2.1678571428571431
87,33,7,0.47233753322425009,3,3,0.64166666666666661
87,34,37,0.41734669854074946,3,3,0.26785714285714285
87,35,99,0.37267842496496612,3,3,3.3869047619047619
87,36,24,0.74502966960035555,5,5,0.1111111111111111
87,37,29,0.25960033416090178,2,2,0.49285714285714288
87,38,56,0.64990279757063973,5,5,0.33333333333333331
87,39,31,0.89341898871815517,7,6,0.16666666666666666
87,40,66,0.61803066335396284,4,4,1.7916666666666665
87,41,24,0.68419930972279819,5,5,0.33333333333333331
87,42,87,0.14890189002223012,1,1,0.33333333333333331
87,43,66,0.69787822535190847,4,4,2.003968253968254
87,44,99,0.46674578900286878,3,3,6.1373015873015868
87,45,44,0.66222682579446679,4,4,2.2833333333333332
87,46,23,0.45757651957257861,3,3,3.8111111111111109
87,47,56,0.6175429440364878,5,4,0.16666666666666666
87,48,81,0.20689485267189872,2,2,2.9638888888888895
87,49,96,0.93109236891991221,6,6,0.5
87,50,9,1.0034006903472643,6,6,0.25
87,51,57,0.96745606250590643,6,6,1
87,52,92,0.94203722517412647,6,6,0.5
87,53,63,0.3678606036506275,2,2,3.1178571428571433
87,54,96,0.87641817171922798,6,6,1
87,55,63,0.33151876315289036,2,2,0.125
87,56,35,0.56628685825644587,4,4,0.83333333333333326
87,57,14,0.82389934180533531,5,5,2.1095238095238096
87,58,92,0.94575439556882213,6,6,0.5
87,59,73,0.68128092755538416,5,5,1.5952380952380951
87,60,70,0.76110211904314562,5,5,2.4444444444444446
87,61,37,0.39654215486173072,3,3,0.10000000000000001
87,62,34,0.47562882897116143,4,4,0.14285714285714285
87,63,87,0.19295478149024478,1,1,13.496825396825397
87,64,18,0.56610353216089493,4,4,0.20000000000000001
87,65,57,0.89268334748290601,6,6,0.33333333333333331
87,66,72,0.51569180332113818,3,3,4.2956349206349209
87,67,13,0.44655474127774858,4,3,0.1111111111111111
87,68,0,0.92202809418645204,6,6,0.66666666666666663
87,69,24,0.66521092998930587,5,5,0.125
87,70,46,0.57450121430801393,4,4,2.6111111111111112
87,71,68,1.0138246579059444,7,6,0.33333333333333331
87,72,63,0.38169645716434852,2,2,4.7456349206349211
87,73,35,0.53473259741970802,4,4,1.7202380952380951
87,74,48,0.30840952584958808,3,2,0.20000000000000001
87,75,27,1.1067131225659343,7,7,0.1111111111111111
87,76,44,0.52375489902042571,4,4,0.10000000000000001
87,77,44,0.64586784039109313,4,4,0.33333333333333331
87,78,85,0.64842206221742649,5,4,0.16666666666666666
87,79,60,0.94693296365777779,6,6,1.1666666666666667
87,80,96,0.88643812177932624,6,6,0.16666666666666666
87,81,87,0.066033256233134094,1,1,4.9638888888888895
87,82,53,0.51231208017027352,3,3,2.9178571428571431
87,83,92,1.0439643020468017,6,6,0.16666666666666666
87,84,57,0.99411528524115611,6,6,0.20000000000000001
87,85,35,0.50373211759623937,4,4,0.5
87,86,57,0.93606187144460451,6,6,0.47619047619047616
87,87,-1,0,0,0,29.983333333333334
87,88,84,1.1185037779660036,7,7,0.10000000000000001
87,89,9,1.0309857845698274,6,6,0.61111111111111116
87,90,22,1.1479243682762688,7,7,0.14285714285714285
87,91,72,0.44844057105960672,3,3,0.25
87,92,32,0.88639873787366796,5,5,1.842857142857143
87,93,81,0.22040708059582648,2,2,1
87,94,33,0.6644535429698919,4,4,0.125
87,95,12,0.82543793420765776,6,5,1
87,96,45,0.8002210732306313,5,5,2.083333333333333
87,97,87,0.13483400982066007,1,1,10.460317460317459
87,98,31,0.98757682554408155,7,7,0.14285714285714285
87,99,97,0.27281031667929279,2,2,10.260317460317459
88,0,32,0.7104259363725981,5,5,1
88,1,58,0.6056395342916332,4,4,0.14285714285714285
88,2,51,0.34262344805536926,2,2,0.16666666666666666
88,3,27,0.49353044655569361,4,3,1
88,4,76,0.70375269669085971,5,5,0.10000000000000001
88,5,88,0.091864648151695108,1,1,0.33333333333333331
88,6,39,0.3842685194453489,3,3,0.69841269841269837
88,7,46,0.87859558162628737,6,6,0.69999999999999996
88,8,17,1.0694821811520738,7,7,0.25
88,9,58,0.61488746696640284,4,4,1.1666666666666665
88,10,30,0.76597476441455137,5,5,1.6944444444444444
88,11,75,0.72534580831271256,5,5,0.1111111111111111
88,12,94,0.92086859446671321,7,6,0.20000000000000001
88,13,55,1.0626421903337175,7,7,0.10000000000000001
88,14,57,0.46961992816484266,3,3,3.1638888888888892
88,15,98,0.49981361202892177,3,3,0.33333333333333331
88,16,73,0.79298191465020595,5,5,0.125
88,17,46,0.91776243849761818,6,6,0.3611111111111111
88,18,76,0.67840359866154987,5,4,0.1111111111111111
88,19,57,0.48801597507465722,3,3,1.4444444444444444
88,20,88,0.15971058759663123,1,1,20.30595238095238
88,21,30,0.7807924862116602,5,5,0.61111111111111105
88,22,27,0.56664959386468938,4,4,0.33333333333333331
88,23,46,0.83449328339088902,6,6,1.4444444444444444
88,24,21,0.95431887059639942,6,6,0.44444444444444442
88,25,97,1.1617862266002219,7,7,0.1111111111111111
88,26,58,0.56470857150863008,4,4,0.125
88,27,39,0.43730242838471811,3,3,1.8333333333333333
88,28,59,0.56052872682598831,4,4,0.20000000000000001
88,29,97,1.0497980282326758,7,7,0.125
88,30,60,0.61889662243459975,4,4,2.8055555555555554
88,31,20,0.30457622187341271,2,2,15.21468253968254
88,32,60,0.53002788902727238,4,4,3.125
88,33,82,0.79649590073439092,6,5,0.10000000000000001
88,34,62,0.73988086939183062,5,5,0.125
88,35,44,0.75853579194257192,5,5,0.33333333333333331
88,36,10,0.91968264464416072,6,6,1.1111111111111112
88,37,61,0.88540461150278715,6,6,0.45833333333333331
88,38,19,0.55516640735491241,4,4,0.33333333333333331
88,39,20,0.28913530511052221,2,2,3.6150793650793647
88,40,32,0.68016622746090538,5,5,0.57499999999999996
88,41,10,0.96169039135121692,6,6,0.33333333333333331
88,42,37,1.0800226285035586,7,7,0.33333333333333331
88,43,32,0.65687519211719636,5,5,0.5
88,44,14,0.65175798896313464,4,4,2.0944444444444446
88,45,57,0.45675394169280131,3,3,0.40000000000000002
88,46,70,0.72478863244236869,5,5,5.3305555555555557
88,47,19,0.57244523860078145,4,4,0.16666666666666666
88,48,7,1.0402861904552134,7,7,0.20000000000000001
88,49,51,0.3188529750947845,2,2,0.5
88,50,79,0.65401314917011188,4,4,0.25
88,51,88,0.17080987426192776,1,1,1.6666666666666667
88,52,58,0.52354544874380782,4,4,0.5
88,53,46,0.83361550794651129,6,6,1.2
88,54,86,0.35082113646119939,2,2,1
88,55,46,0.90370530600604748,6,6,0.42500000000000004
88,56,19,0.60824834041764697,4,4,0.33333333333333331
88,57,84,0.29460443616066828,2,2,5.9595238095238106
88,58,31,0.50315114492687407,3,3,2.6345238095238095
88,59,31,0.49611111925372731,3,3,0.59285714285714286
88,60,31,0.42126303297180184,3,3,11.844444444444445
88,61,76,0.74846279080195821,5,5,0.55833333333333335
88,62,77,0.68159873896141865,4,4,0.26785714285714285
88,63,23,0.9894103705247026,7,7,1.1111111111111112
88,64,45,0.57592832493641299,4,4,0.20000000000000001
88,65,84,0.27354410320722705,2,2,0.5
88,66,82,0.76495497646601074,6,5,0.5
88,67,24,1.1028580124837033,7,7,0.1111111111111111
88,68,9,0.81350984488075029,5,5,0.33333333333333331
88,69,94,1.0293387891020322,7,7,0.125
88,70,60,0.60786393770693348,4,4,5.7472222222222227
88,71,9,0.74032815435620813,5,5,0.33333333333333331
88,72,46,0.8420639077125589,6,6,0.20000000000000001
88,73,59,0.64265944938940345,4,4,0.25
88,74,55,1.0852416645500451,7,7,0.20000000000000001
88,75,6,0.5809077203635884,4,4,0.36507936507936506
88,76,14,0.59939449418571311,4,4,0.86944444444444446
88,77,57,0.49118693496733962,3,3,0.60119047619047616
88,78,19,0.54332532851061399,4,4,0.16666666666666666
88,79,39,0.45978061810030935,3,3,0.91666666666666663
88,80,65,0.33705266470818496,3,2,0.16666666666666666
88,81,63,1.1357062029936551,8,7,1
88,82,32,0.72938228804967187,5,5,0.84999999999999998
88,83,27,0.56492968640381269,4,4,0.16666666666666666
88,84,88,0.12438849272484746,1,1,6.5595238095238102
88,85,19,0.65548768635642074,4,4,0.33333333333333331
88,86,88,0.1877806060875514,1,1,1.1428571428571428
88,87,97,1.1185037779660034,7,7,0.125
88,88,-1,0,0,0,30.008333333333333
88,89,79,0.62567804519225434,4,4,0.5
88,90,75,0.64546536604450211,5,4,0.14285714285714285
88,91,70,0.78558329820470874,5,5,0.25
88,92,58,0.56250680262202835,4,4,0.20000000000000001
88,93,53,1.0268381105247637,7,7,1
88,94,40,0.84604900301371699,6,6,0.45000000000000001
88,95,36,1.0033885417121393,7,7,1
88,96,57,0.35433664096238376,3,2,0.25
88,97,99,0.98366976814534335,6,6,0.56111111111111112
88,98,20,0.3272609158380938,2,2,0.47619047619047616
88,99,44,0.84569346128671063,5,5,0.76111111111111107
89,0,43,0.38959794428261396,3,3,1
89,1,89,0.060989997298409065,1,1,0.14285714285714285
89,2,51,0.86144308260066893,6,6,0.16666666666666666
89,3,89,0.13580511415831978,1,1,1.4761904761904761
89,4,85,0.82481674622492429,5,5,0.20000000000000001
89,5,20,0.58109853034106052,4,4,1.9761904761904761
89,6,3,0.25868725271429394,2,2,0.33333333333333331
89,7,66,0.69766249906814315,4,4,0.5
89,8,24,0.80652074183632982,5,5,0.25
89,9,89,0.13333308864377619,1,1,10.722222222222221
89,10,43,0.44624822960021471,3,3,2.1444444444444444
89,11,89,0.16470676011546814,1,1,0.1111111111111111
89,12,10,0.60741849283417759,4,4,0.32500000000000001
89,13,17,0.85127802695653665,6,5,0.10000000000000001
89,14,78,0.76114160727784486,5,5,0.20000000000000001
89,15,83,0.26648502000277552,2,2,0.33333333333333331
89,16,46,0.72122352932373346,5,5,0.65000000000000002
89,17,33,0.70558285246267993,5,4,1.411111111111111
89,18,85,0.81537403940804765,5,5,0.2361111111111111
89,19,78,0.6873267718814613,5,5,0.1111111111111111
89,20,39,0.46596745759562308,3,3,5.1928571428571431
89,21,43,0.48424184389548985,3,3,0.86111111111111105
89,22,89,0.081755546798987402,1,1,0.33333333333333331
89,23,82,0.70864730062118142,4,4,0.33333333333333331
89,24,21,0.65776822828022907,4,4,0.69444444444444442
89,25,63,1.0269785535437013,6,6,0.1111111111111111
89,26,89,0.1341209529985215,1,1,0.125
89,27,89,0.18925761176432426,1,1,0.33333333333333331
89,28,60,0.47327115213624382,3,3,1.4277777777777776
89,29,63,1.0304473549726754,6,6,0.45833333333333331
89,30,43,0.38784585851077708,3,3,0.5
89,31,79,0.32769707907318751,2,2,0.14285714285714285
89,32,92,0.3226491642729683,2,2,2.7999999999999998
89,33,40,0.56017739816405621,4,4,1.836111111111111
89,34,18,0.92187082621602845,6,6,0.125
89,35,73,0.77144222590599654,5,5,0.33333333333333331
89,36,10,0.59995610982982406,4,4,1.1111111111111112
89,37,99,1.0050369519991897,7,6,0.125
89,38,59,0.62053559348400766,4,4,0.53333333333333333
89,39,79,0.33654274008173213,2,2,5.35952380952381
89,40,43,0.41341009417546554,3,3,2.2111111111111112
89,41,10,0.64196385653688037,4,4,0.33333333333333331
89,42,29,1.1500644875350521,7,7,0.33333333333333331
89,43,9,0.3331075592179189,2,2,10.222222222222221
89,44,56,0.77722410222406402,5,5,1
89,45,38,0.76594581204412338,5,5,0.20000000000000001
89,46,70,0.60043000550323988,4,4,1.6499999999999999
89,47,59,0.60839276618754345,4,4,0.16666666666666666
89,48,55,0.85343728528557095,6,5,0.20000000000000001
89,49,84,0.83517496147882053,5,5,0.5
89,50,89,0.051739949509161665,1,1,0.25
89,51,84,0.6896295088072274,5,5,1.1666666666666667
89,52,89,0.11729613829390641,1,1,0.5
89,53,82,0.66645503981501364,4,4,0.20000000000000001
89,54,86,0.85934624244916913,6,6,1
89,55,33,0.70515260098685673,5,4,0.32500000000000001
89,56,59,0.61277045283238285,4,4,1.5761904761904761
89,57,84,0.80605471442321797,5,5,0.34999999999999998
89,58,89,0.13631000511770522,1,1,5.5246031746031736
89,59,60,0.47777795894830027,3,3,3.43015873015873
89,60,58,0.32411127698250974,2,2,5.0246031746031736
89,61,4,0.88051848679809142,6,6,0.10000000000000001
89,62,76,0.89585487677089359,6,6,0.14285714285714285
89,63,72,0.83803100307958256,5,5,1.8055555555555556
89,64,78,0.82378782653532412,5,5,0.20000000000000001
89,65,86,0.78237383054259191,6,5,0.33333333333333331
89,66,43,0.51529398124868919,3,3,3.0055555555555555
89,67,24,0.80630737016753307,5,5,0.1111111111111111
89,68,71,0.27459774088761557,2,2,0.33333333333333331
89,69,12,0.71941178042761289,5,5,0.125
89,70,32,0.48350531076780467,3,3,1.8166666666666667
89,71,89,0.18280117716812314,1,1,0.66666666666666663
89,72,66,0.64928932740547884,4,4,2.0055555555555555
89,73,28,0.60938805345125469,4,4,0.45833333333333331
89,74,17,0.87621641850784759,6,5,0.20000000000000001
89,75,89,0.16139100870903866,1,1,0.1111111111111111
89,76,56,0.78038069154465806,5,5,0.24285714285714285
89,77,78,0.8051505664811317,5,5,0.33333333333333331
89,78,59,0.63201741844550452,4,4,1.0111111111111111
89,79,89,0.16589742709194499,1,1,5.6690476190476202
89,80,86,0.84587732384993575,6,6,0.16666666666666666
89,81,63,0.98432683554853495,6,6,1
89,82,32,0.52200356329536768,3,3,0.78333333333333321
89,83,89,0.085950025928812762,1,1,0.5
89,84,20,0.63583877098739716,4,4,2.1166666666666667
89,85,28,0.64963805943401531,4,4,0.76944444444444438
89,86,5,0.69630571207552117,5,5,1.6428571428571428
89,87,63,1.0309857845698274,6,6,0.125
89,88,20,0.62567804519225434,4,4,0.10000000000000001
89,89,-1,0,0,0,29.608333333333331
89,90,89,0.1448413226284487,1,1,0.14285714285714285
89,91,40,0.58469881152415459,4,4,0.25
89,92,89,0.1479169055919734,1,1,3
89,93,17,0.84057297626709615,6,5,1
89,94,10,0.53900433561498429,4,4,0.125
89,95,36,0.68366200689780254,5,5,1
89,96,57,0.86578691922493345,6,6,0.25
89,97,99,1.0018823290363945,7,6,0.20000000000000001
89,98,3,0.32018826762950592,2,2,0.14285714285714285
89,99,16,0.86390602217776169,6,5,0.52500000000000002
90,0,43,0.52760437231665747,4,4,1
90,1,90,0.19870408136141185,1,1,5.8734126984126984
90,2,51,0.88123040345291659,7,6,0.16666666666666666
90,3,90,0.16834729404467683,1,1,9.1329365079365079
90,4,85,0.89321417536256686,6,5,0.32500000000000001
90,5,20,0.60088585119330817,5,4,1.9761904761904761
90,6,75,0.2611968465991531,2,2,5.9785714285714295
90,7,82,0.81744587729582163,5,5,0.69999999999999996
90,8,24,0.94452716987037322,6,6,0.25
90,9,1,0.27133951667781969,2,2,5.7305555555555552
90,10,43,0.58425465763425821,4,4,2.1444444444444444
90,11,90,0.079906196560404305,1,1,0.1111111111111111
90,12,10,0.7454249208682211,5,5,0.32500000000000001
90,13,17,0.98276162193005179,7,6,0.10000000000000001
90,14,78,0.82953903641548743,6,5,0.20000000000000001
90,15,90,0.16373820701757366,1,1,0.33333333333333331
90,16,46,0.81682782941121279,6,5,0.125
90,17,91,0.83706644743619507,6,5,0.41111111111111109
90,18,85,0.88377146854569022,6,5,0.2361111111111111
90,19,78,0.75572420101910387,6,5,0.1111111111111111
90,20,39,0.48575477844787074,4,3,5.1928571428571431
90,21,43,0.62224827192953336,4,4,0.86111111111111105
90,22,90,0.10625734287351574,1,1,6.3416666666666677
90,23,46,0.80573895653923955,6,5,0.33333333333333331
90,24,21,0.79577465631427247,5,5,0.69444444444444442
90,25,63,1.1439171372501427,7,7,0.1111111111111111
90,26,22,0.25333245427919404,2,2,0.125
90,27,3,0.22457531221565233,2,2,0.33333333333333331
90,28,60,0.5416685812738864,4,4,2.411111111111111
90,29,97,1.1438123302752778,9,7,0.125
90,30,32,0.52535408692553165,4,4,0.5
90,31,6,0.35876250522742392,3,2,0.14285714285714285
90,32,92,0.43625788908359586,3,3,5.1833333333333345
90,33,40,0.69818382619809971,5,5,0.10000000000000001
90,34,18,0.99026825535367102,7,6,0.125
90,35,73,0.83983965504363911,6,5,1.1916666666666667
90,36,10,0.73796253786386756,5,5,1.1111111111111112
90,37,4,1.0760672639604318,7,6,0.125
90,38,59,0.68893302262165024,5,4,0.53333333333333333
90,39,6,0.35633006093397979,3,3,5.35952380952381
90,40,43,0.55141652220950899,4,4,0.22500000000000001
90,41,10,0.77997028457092377,5,5,0.33333333333333331
90,42,97,1.2358276726549402,9,7,0.33333333333333331
90,43,9,0.47111398725196241,3,3,5.2305555555555552
90,44,56,0.84562153136170648,6,5,1
90,45,38,0.83434324118176595,6,5,0.20000000000000001
90,46,70,0.69603430559071922,5,5,1.4583333333333333
90,47,59,0.67679019532518603,5,4,0.16666666666666666
90,48,7,0.97913648612474757,6,6,0.20000000000000001
90,49,84,0.85496228233106819,6,5,0.5
90,50,90,0.19455440420237805,1,1,0.91666666666666663
90,51,84,0.70941682965947506,6,5,1.1666666666666667
90,52,22,0.20914111985109299,2,2,0.5
90,53,82,0.78006376462564131,5,5,1.5472222222222223
90,54,86,0.87913356330141679,7,6,1
90,55,82,0.8311326158289446,5,5,1.125
90,56,59,0.68116788197002531,5,4,1.5761904761904761
90,57,84,0.82584203527546562,6,5,0.34999999999999998
90,58,83,0.21863784222702182,2,2,0.5
90,59,60,0.54617538808594279,4,3,3.43015873015873
90,60,79,0.39250870612015232,3,3,7.6329365079365079
90,61,4,0.94891591593573399,7,6,0.10000000000000001
90,62,76,0.96425230590853606,7,6,0.14285714285714285
90,63,53,0.95496958678602406,6,6,1.3472222222222223
90,64,78,0.89218525567296669,6,5,0.20000000000000001
90,65,86,0.80216115139483957,7,5,0.33333333333333331
90,66,43,0.65330040928273281,4,4,0.5
90,67,24,0.94431379820157646,6,6,0.1111111111111111
90,68,71,0.41762914589690892,3,3,0.33333333333333331
90,69,12,0.85741820846165639,6,6,0.125
90,70,60,0.57910961085528401,4,4,1.625
90,71,50,0.32583258217741651,2,2,0.66666666666666663
90,72,82,0.76761550343965634,5,5,0.20000000000000001
90,73,28,0.67778548258889726,5,4,1.3166666666666667
90,74,17,1.0077000134813627,7,6,0.20000000000000001
90,75,90,0.064557645680913683,1,1,6.0896825396825403
90,76,56,0.84877812068230052,6,5,0.24285714285714285
90,77,78,0.87354799561877428,6,5,0.33333333333333331
90,78,59,0.70041484758314709,5,4,1.0111111111111111
90,79,3,0.20667786150552014,2,2,7.7996031746031749
90,80,86,0.86566464470218341,7,6,0.16666666666666666
90,81,63,1.1012654192549765,7,7,1
90,82,32,0.63561228810599535,4,4,4.4833333333333343
90,83,90,0.10478335660154413,1,1,0.66666666666666663
90,84,20,0.65562609183964482,5,4,2.1166666666666667
90,85,28,0.71803548857165789,5,4,0.89444444444444438
90,86,5,0.71609303292776882,6,5,1.6428571428571428
90,87,63,1.1479243682762688,7,7,0.125
90,88,20,0.645465366044502,5,4,0.10000000000000001
90,89,90,0.1448413226284487,1,1,0.5
90,90,-1,0,0,0,29.965476190476195
90,91,82,0.70133771280871382,5,5,0.66111111111111109
90,92,22,0.26152563040260096,2,2,5.3833333333333346
90,93,55,0.96672448586609783,6,6,1
90,94,10,0.67701076364902779,5,5,0.125
90,95,36,0.82166843493184605,6,6,1
90,96,57,0.88557424007718111,7,6,0.25
90,97,99,1.0776840701879453,8,7,0.65833333333333333
90,98,6,0.32947540729129143,3,2,0.14285714285714285
90,99,35,0.9397077633293125,7,6,0.85833333333333339
91,0,40,0.28564422561941888,2,2,1.6666666666666665
91,1,9,0.52400115819678628,4,4,0.14285714285714285
91,2,57,0.79870228151653755,5,5,0.16666666666666666
91,3,92,0.56468935474298665,4,4,1
91,4,35,0.43202074007727254,4,3,0.10000000000000001
91,5,20,0.74100378335351502,5,5,0.33333333333333331
91,6,60,0.54727302863230998,3,3,0.66666666666666663
91,7,91,0.11643794981460966,1,1,0.69999999999999996
91,8,17,0.2874484772819369,2,2,0.3611111111111111
91,9,43,0.45136572288037841,3,3,1.503968253968254
91,10,66,0.24666521346489681,2,2,0.25
91,11,89,0.74940557163962274,5,5,0.1111111111111111
91,12,94,0.309025041962181,3,2,0.20000000000000001
91,13,17,0.28142390912133797,2,2,0.10000000000000001
91,14,56,0.52593606162256956,4,4,0.53333333333333333
91,15,6,0.72371630518327912,4,4,0.33333333333333331
91,16,46,0.21837725344130154,2,2,2.0373015873015872
91,17,91,0.13572873462748125,1,1,0.77222222222222225
91,18,35,0.44402801464433367,4,3,0.1111111111111111
91,19,73,0.46042899460809722,3,3,3.7706349206349206
91,20,31,0.62587271060807759,4,4,1.5333333333333334
91,21,91,0.18144171701090966,1,1,0.5
91,22,92,0.59508036993519808,4,4,0.47619047619047616
91,23,91,0.13424794905764437,1,1,0.65833333333333333
91,24,21,0.35496810139564883,2,2,0.33333333333333331
91,25,63,0.44443334003348056,3,3,0.1111111111111111
91,26,32,0.45362165156669954,3,3,0.125
91,27,60,0.5426108371597016,3,3,0.33333333333333331
91,28,70,0.26053835586513696,2,2,0.20000000000000001
91,29,63,0.44790214146245461,3,3,0.45833333333333331
91,30,82,0.21714711743249607,2,2,0.5
91,31,60,0.48100707633129608,3,3,1.819047619047619
91,32,82,0.26507982372511796,2,2,3.2789682539682543
91,33,91,0.042089440763542887,1,1,1.9944444444444445
91,34,35,0.52186789156739999,4,4,0.125
91,35,16,0.33595163027139252,3,3,1.9123015873015874
91,36,94,0.34456794150103454,3,2,0.1111111111111111
91,37,99,0.46768463919768866,3,3,0.125
91,38,73,0.42448905346263854,3,3,0.33333333333333331
91,39,60,0.50107695396821605,3,3,0.16666666666666666
91,40,91,0.17128871734868906,1,1,3.7956349206349205
91,41,94,0.35098668989958315,3,2,0.33333333333333331
91,42,29,0.56751927402483138,4,4,0.33333333333333331
91,43,40,0.25159125230623569,2,2,2.003968253968254
91,44,35,0.44272943325082981,4,3,1
91,45,56,0.53531516431721859,4,4,0.20000000000000001
91,46,91,0.097583729620807996,1,1,9.299603174603174
91,47,73,0.39188550047739285,3,3,0.16666666666666666
91,48,7,0.27812855864353564,2,2,0.20000000000000001
91,49,57,0.77441472844638948,5,5,0.5
91,50,9,0.55711371730159154,4,4,0.25
91,51,57,0.79739725422265728,5,5,1
91,52,92,0.49545056970657136,4,4,0.61111111111111116
91,53,91,0.082087819357352293,1,1,0.20000000000000001
91,54,96,0.72862812676472444,5,5,1
91,55,91,0.12990963358078031,1,1,1.125
91,56,73,0.34213328689229783,3,3,1.0666666666666667
91,57,19,0.65384053352208615,4,4,2.2428571428571429
91,58,92,0.49916774010126708,4,3,0.5
91,59,70,0.32481604779717521,2,2,0.14285714285714285
91,60,70,0.36432026523290695,2,2,3.3190476190476188
91,61,35,0.46629537373388186,4,3,0.10000000000000001
91,62,35,0.5288831646410882,4,4,0.14285714285714285
91,63,72,0.25548578956936191,2,2,2.0055555555555555
91,64,76,0.5223076411677976,4,4,0.20000000000000001
91,65,57,0.72262453919965686,5,5,0.33333333333333331
91,66,91,0.06947313100956562,1,1,0.75
91,67,8,0.34223915023119766,3,3,0.1111111111111111
91,68,0,0.4752861481811782,3,3,0.66666666666666663
91,69,94,0.41749523659749999,3,3,0.125
91,70,91,0.17771936049777526,1,1,3.8285714285714283
91,71,68,0.56708271190067061,4,4,0.33333333333333331
91,72,91,0.066744113895258209,1,1,2.2055555555555557
91,73,46,0.27822894930689623,2,2,6.2623015873015868
91,74,17,0.30636230067264891,2,2,0.20000000000000001
91,75,52,0.68091779165987465,5,4,0.1111111111111111
91,76,73,0.47243617509099034,3,3,0.30000000000000004
91,77,14,0.5729102937414956,5,4,0.33333333333333331
91,78,73,0.42582725776486019,3,3,0.16666666666666666
91,79,60,0.55015110984753912,3,3,0.16666666666666666
91,80,96,0.7386480768248227,5,5,0.16666666666666666
91,81,63,0.4017816220383143,3,3,1
91,82,91,0.065725424702718499,1,1,4.0289682539682543
91,83,92,0.59737764657924664,4,4,0.16666666666666666
91,84,20,0.79574402399985167,5,5,0.10000000000000001
91,85,73,0.31926610366802943,3,2,0.33333333333333331
91,86,57,0.76600306316135536,5,5,0.14285714285714285
91,87,63,0.44844057105960666,3,3,0.125
91,88,20,0.78558329820470885,5,5,0.10000000000000001
91,89,9,0.58469881152415459,4,4,0.61111111111111116
91,90,22,0.70133771280871382,5,5,0.14285714285714285
91,91,-1,0,0,0,29.858333333333331
91,92,32,0.43981208240611286,3,3,2.9539682539682541
91,93,55,0.26550150361793357,2,2,1
91,94,33,0.23420545050918473,2,2,1.8944444444444444
91,95,94,0.42544028782948928,3,3,1
91,96,19,0.65243102827612776,4,4,1.4166666666666665
91,97,63,0.43544843548048456,3,3,0.20000000000000001
91,98,31,0.59576807693967893,4,4,0.14285714285714285
91,99,23,0.3265537093762606,2,2,0.32500000000000001
92,0,43,0.31945707097104781,3,2,1
92,1,92,0.09365906164418894,1,1,0.14285714285714285
92,2,51,0.79827184003044294,6,6,0.16666666666666666
92,3,92,0.12487727233687379,1,1,1.3333333333333333
92,4,85,0.68899097507893847,4,4,0.20000000000000001
92,5,20,0.51792728777083441,4,4,1.9761904761904761
92,6,27,0.21087582798937862,2,2,0.33333333333333331
92,7,82,0.55592024689322062,3,3,0.69999999999999996
92,8,17,0.7272605596880497,5,4,0.25
92,9,92,0.063192215332210061,1,1,5.0888888888888886
92,10,43,0.37610735628864855,3,3,2.1444444444444444
92,11,89,0.31262366570744154,2,2,0.1111111111111111
92,12,10,0.53727761952261144,4,4,0.32500000000000001
92,13,17,0.72123599152745077,5,4,0.10000000000000001
92,14,78,0.62531583613185904,4,4,0.20000000000000001
92,15,3,0.30706033151627377,2,2,0.33333333333333331
92,16,46,0.57330662373176011,4,4,0.65000000000000002
92,17,91,0.57554081703359405,4,4,0.66111111111111109
92,18,85,0.67954826826206183,4,4,0.2361111111111111
92,19,78,0.55150100073547548,4,4,0.3611111111111111
92,20,31,0.40279621502539698,3,3,4.9428571428571431
92,21,43,0.4141009705839237,3,3,0.61111111111111105
92,22,92,0.15526828752908522,1,1,0.47619047619047616
92,23,82,0.56073039502920807,3,3,0.33333333333333331
92,24,21,0.58762735496866281,4,4,0.44444444444444442
92,25,63,0.88239150684754164,5,5,0.1111111111111111
92,26,92,0.015249249868790398,1,1,0.125
92,27,92,0.13654911900617789,1,1,0.80952380952380953
92,28,60,0.337445380990258,2,2,1.4277777777777776
92,29,63,0.88586030827651574,5,5,0.45833333333333331
92,30,32,0.26382845652293069,2,2,0.5
92,31,58,0.25793058074861552,2,2,5.2523809523809533
92,32,92,0.1747322586809949,1,1,8.7666666666666675
92,33,82,0.44120027038811338,3,3,0.10000000000000001
92,34,18,0.78604505507004263,5,5,0.125
92,35,73,0.63561645476001072,4,4,0.33333333333333331
92,36,10,0.5298152365182579,4,4,1.1111111111111112
92,37,99,0.8571200464072164,6,5,0.125
92,38,59,0.48470982233802185,3,3,0.53333333333333333
92,39,31,0.27853374453107194,3,2,0.16666666666666666
92,40,32,0.3248705971146279,2,2,0.125
92,41,10,0.57182298322531411,4,4,0.33333333333333331
92,42,29,1.0054774408388925,6,6,0.33333333333333331
92,43,9,0.26296668590635275,2,2,4.2555555555555555
92,44,56,0.64139833107807809,4,4,1
92,45,38,0.63012004089813756,4,4,0.20000000000000001
92,46,70,0.45251309991126654,3,3,1.6499999999999999
92,47,59,0.47256699504155764,3,3,0.16666666666666666
92,48,7,0.71761085572214656,4,4,0.20000000000000001
92,49,84,0.77200371890859454,5,5,0.5
92,50,92,0.14176874665840852,1,1,0.25
92,51,84,0.6264582662370014,5,5,1.1666666666666667
92,52,92,0.055638487300458492,1,1,0.61111111111111116
92,53,82,0.51853813422304029,3,3,2.0055555555555555
92,54,86,0.79617499987894302,6,6,1
92,55,82,0.56960698542634358,3,3,1.125
92,56,59,0.47694468168639692,3,3,1.5761904761904761
92,57,84,0.74288347185299197,5,5,0.10000000000000001
92,58,92,0.059355657695154218,1,1,5.7523809523809533
92,59,60,0.3419521878023144,2,2,3.68015873015873
92,60,92,0.1882855058365239,1,1,5.2746031746031736
92,61,4,0.7446927156521056,5,5,0.10000000000000001
92,62,76,0.76002910562490766,5,5,0.14285714285714285
92,63,53,0.69344395638342304,4,4,1.8055555555555556
92,64,78,0.6879620553893383,4,4,0.20000000000000001
92,65,86,0.7192025879723658,6,5,0.33333333333333331
92,66,82,0.4096593461197332,3,3,0.5
92,67,24,0.7361664968559668,5,5,0.1111111111111111
92,68,9,0.26181459324655754,2,2,0.33333333333333331
92,69,12,0.64927090711604674,5,4,0.125
92,70,32,0.33558840517583127,2,2,1.8166666666666667
92,71,92,0.18863263922673398,1,1,0.33333333333333331
92,72,82,0.50608987303705533,3,3,0.20000000000000001
92,73,28,0.47356228230526887,3,3,0.45833333333333331
92,74,17,0.74617438307876172,5,4,0.20000000000000001
92,75,52,0.24110570925376174,2,2,0.1111111111111111
92,76,56,0.64455492039867213,4,4,0.24285714285714285
92,77,78,0.66932479533514588,4,4,0.33333333333333331
92,78,59,0.4961916472995187,3,3,1.2611111111111111
92,79,92,0.11607177548297176,1,1,0.16666666666666666
92,80,86,0.78270608127970975,6,6,0.16666666666666666
92,81,63,0.83973978885237544,5,5,1
92,82,32,0.37408665770339433,2,2,6.125
92,83,92,0.1575655641731338,1,1,0.16666666666666666
92,84,20,0.57266752841717117,4,4,1.8666666666666667
92,85,28,0.5138122882880295,3,3,0.76944444444444438
92,86,5,0.63313446950529506,5,5,1.6428571428571428
92,87,63,0.88639873787366785,5,5,0.125
92,88,20,0.56250680262202823,4,4,0.10000000000000001
92,89,92,0.1479169055919734,1,1,0.61111111111111116
92,90,22,0.26152563040260096,2,2,0.14285714285714285
92,91,82,0.4398120824061128,3,3,0.91111111111111109
92,92,-1,0,0,0,29.908333333333331
92,93,55,0.70519885546349681,4,4,1
92,94,10,0.46886346230341813,4,3,0.125
92,95,36,0.61352113358623639,5,4,1
92,96,19,0.74350303440350607,5,5,0.25
92,97,99,0.85396542344442106,6,5,0.20000000000000001
92,98,27,0.27795134482234385,2,2,0.14285714285714285
92,99,16,0.71598911658578834,5,4,0.52500000000000002
93,0,40,0.5415183903623606,4,4,1.6666666666666665
93,1,9,0.77987532293972794,6,5,0.14285714285714285
93,2,57,0.9515468614017859,6,6,0.16666666666666666
93,3,79,0.82973648962843749,6,5,1
93,4,35,0.51069404818070785,4,3,0.10000000000000001
93,5,20,0.9822585956735701,7,7,0.33333333333333331
93,6,60,0.78852784095236506,5,5,0.66666666666666663
93,7,93,0.14998127666573288,1,1,0.5
93,8,93,0.1835047324220673,1,1,2.4777777777777779
93,9,43,0.70723988762332013,5,4,1.503968253968254
93,10,21,0.49326462090869305,4,3,0.25
93,11,89,1.0052797363825645,7,6,0.1111111111111111
93,12,24,0.44274256098486126,3,3,1.2
93,13,93,0.10595991125552745,1,1,0.21111111111111111
93,14,19,0.68708961446003336,5,4,0.20000000000000001
93,15,6,0.9649711175033342,6,6,0.33333333333333331
93,16,23,0.29705056154473686,2,2,8.0317460317460316
93,17,93,0.13499012380441625,1,1,4.4234126984126982
93,18,35,0.52270132274776904,4,3,0.1111111111111111
93,19,85,0.61327357449334552,4,4,4.2706349206349206
93,20,31,0.86712752292813267,6,6,1.4333333333333333
93,21,33,0.42170439238249219,3,3,0.41666666666666663
93,22,92,0.86046714299258209,5,5,0.47619047619047616
93,23,93,0.19435345813191141,1,1,8.3650793650793656
93,24,8,0.33225724597816808,2,2,2.2277777777777779
93,25,93,0.19436068051119379,1,1,0.1111111111111111
93,26,32,0.71900842462408354,4,4,0.125
93,27,60,0.78386564947975668,5,5,0.33333333333333331
93,28,46,0.49020258574270226,3,3,0.34285714285714286
93,29,63,0.25892868345811615,2,2,0.125
93,30,66,0.47870449062209408,3,3,0.5
93,31,60,0.72226188865135121,5,5,1.7190476190476189
93,32,82,0.53046659678250196,3,3,2.2789682539682543
93,33,17,0.28039557810304006,2,2,4.3123015873015875
93,34,37,0.54368134345198016,4,4,0.26785714285714285
93,35,16,0.41462493837482783,3,3,2.1777777777777776
93,36,24,0.52739972888664277,3,3,0.1111111111111111
93,37,97,0.38593497907213248,3,3,0.49285714285714288
93,38,85,0.59268562560167692,4,4,0.33333333333333331
93,39,60,0.74233176628827113,5,5,0.16666666666666666
93,40,33,0.42716288209163078,3,3,3.7956349206349205
93,41,24,0.46656936900908541,3,3,0.33333333333333331
93,42,87,0.36930897061805656,3,2,0.33333333333333331
93,43,40,0.50746541704917736,4,3,2.003968253968254
93,44,35,0.52140274135426512,4,3,1.2
93,45,19,0.69244009117070249,5,4,0.20000000000000001
93,46,53,0.30204947808239502,2,2,5.7285714285714295
93,47,73,0.56102957797603603,4,4,0.16666666666666666
93,48,93,0.013666561070016084,1,1,0.20000000000000001
93,49,57,0.92725930833163783,6,6,0.5
93,50,9,0.81298788204453321,6,5,0.25
93,51,57,0.95024183410790564,6,6,1
93,52,92,0.76083734276395543,5,5,0.61111111111111116
93,53,93,0.19322260257825244,1,1,5.9285714285714297
93,54,96,0.88147270664997279,6,6,1
93,55,93,0.13559187003715323,1,1,3.9039682539682543
93,56,73,0.51127736439094096,4,4,0.33333333333333331
93,57,19,0.80668511340733451,5,5,2.342857142857143
93,58,92,0.76455451315865108,5,5,0.5
93,59,28,0.55462019331496326,4,4,0.14285714285714285
93,60,70,0.60557507755296203,4,4,4.2190476190476192
93,61,37,0.52287679977296142,4,3,0.10000000000000001
93,62,34,0.60196347388239213,5,4,0.14285714285714285
93,63,93,0.066512331565023439,1,1,1.128968253968254
93,64,44,0.62555803011039246,5,4,0.20000000000000001
93,65,57,0.87546911908490521,6,6,0.33333333333333331
93,66,55,0.32684668627025931,2,2,1
93,67,13,0.23191731027758122,2,2,0.1111111111111111
93,68,0,0.73116031292411998,5,5,0.66666666666666663
93,69,24,0.44758098927559303,3,3,0.125
93,70,46,0.41897417281783028,3,3,4.3857142857142861
93,71,68,0.82295687664361239,6,5,0.33333333333333331
93,72,93,0.19931311080130612,1,1,0.20000000000000001
93,73,16,0.44737302680553936,3,3,0.625
93,74,93,0.097805114819026956,1,1,0.20000000000000001
93,75,52,0.94630456471725866,6,6,0.1111111111111111
93,76,35,0.57802081201990574,4,4,0.43333333333333335
93,77,76,0.70039472526304736,5,4,0.33333333333333331
93,78,85,0.59049180783276911,4,4,0.16666666666666666
93,79,60,0.7914059221675942,5,5,1.1666666666666667
93,80,96,0.89149265671007105,6,6,0.16666666666666666
93,81,93,0.1543738243626924,1,1,1.4583333333333333
93,82,55,0.33111219776010248,2,2,2.5289682539682543
93,83,92,0.86276441963663075,5,5,0.16666666666666666
93,84,57,0.97690105684315531,6,6,0.10000000000000001
93,85,16,0.44580186321158199,3,3,5.1039682539682536
93,86,57,0.91884764304660371,6,6,0.14285714285714285
93,87,81,0.22040708059582648,2,2,0.45833333333333331
93,88,20,1.0268381105247639,7,7,0.10000000000000001
93,89,9,0.84057297626709637,6,5,0.61111111111111116
93,90,22,0.96672448586609783,6,6,0.14285714285714285
93,91,55,0.26550150361793357,2,2,0.25
93,92,32,0.70519885546349692,4,4,1.9539682539682541
93,93,-1,0,0,0,29.108333333333334
93,94,24,0.47078880713767557,3,3,0.125
93,95,12,0.60780799349394499,4,4,1
93,96,19,0.80527560816137611,5,5,1.4166666666666665
93,97,63,0.24647497747614611,2,2,0.89285714285714279
93,98,31,0.837022889259734,6,6,0.14285714285714285
93,99,97,0.38445128433477882,3,2,0.20000000000000001
94,0,94,0.17849733655917535,1,1,1.6666666666666665
94,1,9,0.47830668228761591,4,4,0.2857142857142857
94,2,57,1.0262652088429178,6,6,0.16666666666666666
94,3,9,0.57377968401020929,4,4,1.3333333333333333
94,4,35,0.6595836674036526,5,4,0.10000000000000001
94,5,20,0.80146948816252317,6,6,0.47619047619047616
94,6,60,0.60773873344131824,4,4,0.33333333333333331
94,7,33,0.33101397690212009,2,2,2.5055555555555555
94,8,24,0.28728407471560824,2,2,1.75
94,9,43,0.40567124697120804,3,3,5.4162698412698411
94,10,94,0.092756106014769552,1,1,6.1662698412698411
94,11,89,0.70371109573045243,5,5,0.1111111111111111
94,12,94,0.07481959145299627,1,1,0.20000000000000001
94,13,8,0.37739835886905326,3,3,0.10000000000000001
94,14,56,0.75349898894894973,5,5,0.53333333333333333
94,15,3,0.75596274318960921,5,5,0.33333333333333331
94,16,46,0.44594018076768166,3,3,2.0373015873015872
94,17,33,0.33752146404426564,2,2,0.1111111111111111
94,18,35,0.67159094197071378,5,4,0.1111111111111111
94,19,73,0.68799192193447745,4,4,2.6277777777777773
94,20,31,0.68633841541708573,5,5,2.6761904761904765
94,21,94,0.068228669401545441,1,1,0.66666666666666663
94,22,9,0.57883307821436181,4,4,0.33333333333333331
94,23,33,0.36455388600857885,2,2,0.65833333333333333
94,24,94,0.13853156115950749,1,1,2.1944444444444446
94,25,63,0.66044631194376568,4,4,0.1111111111111111
94,26,9,0.45819156758231211,4,3,0.125
94,27,9,0.59859126933352758,4,4,0.33333333333333331
94,28,70,0.44085465379250566,3,3,0.86666666666666659
94,29,63,0.66391511337273978,4,4,0.45833333333333331
94,30,21,0.23012453317860582,2,2,0.5
94,31,60,0.54147278114030428,4,4,2.961904761904762
94,32,40,0.31602111398644461,2,2,3.8285714285714287
94,33,94,0.19211600974564186,1,1,4.1500000000000004
94,34,35,0.74943081889378005,5,5,0.125
94,35,16,0.56351455759777258,4,4,1.9123015873015874
94,36,94,0.11036249099184978,1,1,0.1111111111111111
94,37,99,0.69799057614862314,4,4,0.125
94,38,28,0.6306255935823708,4,4,0.33333333333333331
94,39,60,0.5615426587772242,4,4,0.16666666666666666
94,40,94,0.16588277555281161,1,1,3.9535714285714287
94,41,94,0.11678123939039844,1,1,0.33333333333333331
94,42,29,0.7835322459351165,5,5,0.33333333333333331
94,43,10,0.20589677639706536,2,2,5.9162698412698411
94,44,35,0.67029236057720987,5,4,1
94,45,56,0.76287809164359877,5,5,0.20000000000000001
94,46,66,0.32514665694718814,2,2,7.4900793650793638
94,47,28,0.60986135204571124,4,4,0.16666666666666666
94,48,8,0.48152389517948962,3,3,0.20000000000000001
94,49,57,1.0019776557727698,6,6,0.5
94,50,9,0.51141924139242112,4,4,0.25
94,51,84,0.91000046662869016,7,6,1
94,52,9,0.50391948303572776,4,4,0.5
94,53,33,0.30644667047441687,2,2,0.20000000000000001
94,54,96,0.95619105409110472,6,6,1
94,55,33,0.33709121256844232,2,2,0.125
94,56,73,0.569696214218678,4,4,1.0666666666666667
94,57,19,0.88140346084846644,5,5,1.0999999999999999
94,58,9,0.51740756901073681,4,4,0.5
94,59,70,0.50513234572454391,3,3,0.14285714285714285
94,60,32,0.42478597004191515,3,3,3.6285714285714286
94,61,35,0.69385830106026192,5,4,0.10000000000000001
94,62,35,0.75644609196746826,5,5,0.14285714285714285
94,63,7,0.47149876147964709,3,3,2.0055555555555555
94,64,76,0.74987056849417777,5,5,0.20000000000000001
94,65,57,0.95018746652603714,6,6,0.33333333333333331
94,66,94,0.18598616700972775,1,1,9.4162698412698393
94,67,24,0.28707070304681148,2,2,0.1111111111111111
94,68,0,0.3681392591209347,2,2,0.66666666666666663
94,69,94,0.18328978608831523,1,1,0.125
94,70,66,0.35803565842514395,2,2,1.176190476190476
94,71,68,0.45993582284042711,3,3,0.33333333333333331
94,72,33,0.28546826289152172,2,2,0.20000000000000001
94,73,46,0.5057918766332764,3,3,4.4527777777777766
94,74,8,0.41041650510024141,3,3,0.20000000000000001
94,75,83,0.67025037195952109,5,5,0.1111111111111111
94,76,73,0.69999910241737051,4,4,0.30000000000000004
94,77,14,0.80047322106787577,6,5,0.33333333333333331
94,78,28,0.64033902286942812,4,4,0.16666666666666666
94,79,9,0.57564796437302868,4,4,0.16666666666666666
94,80,96,0.96621100415120298,6,6,0.16666666666666666
94,81,63,0.61779459394859948,4,4,1
94,82,66,0.22155885542606665,2,2,0.25
94,83,9,0.58227151242874531,4,4,0.27777777777777779
94,84,20,0.85620972880885993,6,6,1.1000000000000001
94,85,73,0.5468290309944096,4,3,0.33333333333333331
94,86,5,0.91667666989698382,7,6,0.14285714285714285
94,87,63,0.6644535429698919,4,4,0.125
94,88,20,0.84604900301371699,6,6,0.10000000000000001
94,89,9,0.53900433561498429,4,4,0.61111111111111116
94,90,1,0.67701076364902779,5,5,0.14285714285714285
94,91,33,0.23420545050918473,2,2,0.25
94,92,9,0.46886346230341813,4,3,0.20000000000000001
94,93,8,0.47078880713767557,3,3,1
94,94,-1,0,0,0,29.983333333333331
94,95,94,0.19123483732030452,1,1,1
94,96,19,0.87999395560250804,5,5,1.4166666666666665
94,97,63,0.65146140739076974,4,4,0.20000000000000001
94,98,31,0.65623378174868707,5,5,0.14285714285714285
94,99,23,0.55685964632719509,3,3,0.32500000000000001
95,0,10,0.32324583822175029,3,2,1.6666666666666665
95,1,9,0.62296435357043412,5,5,0.2857142857142857
95,2,57,1.2157515859700987,9,7,0.16666666666666666
95,3,9,0.71843735529302755,5,5,1.3333333333333333
95,4,35,0.85081850472395726,6,5,0.10000000000000001
95,5,20,0.95880902686094549,7,7,0.47619047619047616
95,6,60,0.76507827213974045,5,5,0.33333333333333331
95,7,33,0.52224881422242464,3,3,0.93611111111111112
95,8,24,0.42430326107187766,3,3,3.3194444444444446
95,9,43,0.5503289182540263,4,4,5.4162698412698411
95,10,36,0.23741377729758786,2,2,16.423809523809524
95,11,89,0.84836876701327069,6,6,0.1111111111111111
95,12,95,0.16506543250908376,1,1,3.9638888888888895
95,13,8,0.51441754522532268,4,4,0.10000000000000001
95,14,56,0.94473382626925428,6,6,0.20000000000000001
95,15,3,0.90062041447242747,6,6,0.33333333333333331
95,16,46,0.63717501808798627,4,4,2.0373015873015872
95,17,33,0.52875630136457019,3,3,0.1111111111111111
95,18,35,0.86282577929101845,6,5,0.1111111111111111
95,19,47,0.87747829906165842,7,5,2.6277777777777773
95,20,31,0.84367795411550806,6,6,2.6761904761904765
95,21,36,0.25575838024064745,2,2,0.41666666666666663
95,22,9,0.72349074949718006,5,5,0.33333333333333331
95,23,33,0.55578872332888341,3,3,0.65833333333333333
95,24,12,0.27555074751577691,2,2,3.7638888888888893
95,25,48,0.7992614924071102,5,5,0.1111111111111111
95,26,9,0.60284923886513042,5,4,0.125
95,27,9,0.74324894061634583,5,5,0.33333333333333331
95,28,70,0.62404233728232872,5,4,3.8277777777777775
95,29,63,0.85514995069304434,5,5,0.125
95,30,10,0.38449191927753951,3,3,4.3285714285714283
95,31,60,0.6988123198387266,5,5,2.961904761904762
95,32,30,0.47358811711947529,4,3,0.20000000000000001
95,33,94,0.38335084706594635,2,2,2.5805555555555557
95,34,35,0.94066565621408471,6,6,0.125
95,35,16,0.75474939491807724,5,5,1.9123015873015874
95,36,95,0.083705897067978513,1,1,16.951587301587303
95,37,99,0.88922541346892769,5,5,0.125
95,38,28,0.81381327707219386,6,5,0.33333333333333331
95,39,60,0.71888219747564652,5,5,0.16666666666666666
95,40,10,0.34457325095802949,3,2,4.2623015873015868
95,41,95,0.1433656734000523,1,1,0.45833333333333331
95,42,87,0.97433982422988785,7,6,0.33333333333333331
95,43,10,0.35055444767988364,3,3,5.9162698412698411
95,44,35,0.86152719789751453,6,5,1
95,45,56,0.95411292896390332,6,6,0.20000000000000001
95,46,66,0.51638149426749269,3,3,4.5289682539682534
95,47,28,0.79304903553553419,6,5,3.1277777777777773
95,48,8,0.6185430815357591,4,4,1.7694444444444444
95,49,57,1.1914640328999506,9,7,0.5
95,50,9,0.65607691267523938,5,5,0.25
95,51,84,1.0673400053271125,8,7,1
95,52,9,0.64857715431854601,5,5,0.5
95,53,33,0.49768150779472142,3,3,0.20000000000000001
95,54,96,1.1456774312182856,9,7,1
95,55,33,0.52832604988874687,3,3,0.125
95,56,73,0.76093105153898255,5,5,0.73333333333333339
95,57,19,1.0708898379756473,8,6,1.0999999999999999
95,58,9,0.66206524029355507,5,5,0.5
95,59,70,0.68832002921436697,5,4,0.14285714285714285
95,60,30,0.58212550874033742,4,4,3.6285714285714286
95,61,35,0.88509313838056658,6,5,0.10000000000000001
95,62,35,0.94768092928777292,6,6,0.14285714285714285
95,63,7,0.66273359879995164,4,4,0.43611111111111112
95,64,76,0.94110540581448232,6,6,0.20000000000000001
95,65,57,1.1396738436532181,9,7,0.33333333333333331
95,66,94,0.37722100433003225,2,2,5.0289682539682534
95,67,24,0.4240898894030809,3,3,0.1111111111111111
95,68,0,0.51288776078350962,4,3,0.66666666666666663
95,69,41,0.23323018609651097,2,2,0.125
95,70,40,0.54122334191496702,4,3,4.1373015873015868
95,71,68,0.60468432450300202,5,4,0.33333333333333331
95,72,33,0.47670310021182621,3,3,0.20000000000000001
95,73,46,0.69702671395358096,4,4,1.4916666666666667
95,74,8,0.54743569145651083,4,4,0.20000000000000001
95,75,83,0.81490804324233934,6,6,0.1111111111111111
95,76,73,0.89123393973767506,5,5,0.30000000000000004
95,77,47,0.99049489187085693,7,6,0.33333333333333331
95,78,28,0.82352670635925118,6,5,0.16666666666666666
95,79,9,0.72030563565584693,5,5,0.16666666666666666
95,80,96,1.155697381278384,9,7,0.16666666666666666
95,81,48,0.75940467797452371,5,5,1.4583333333333333
95,82,21,0.41251805933283525,3,3,0.25
95,83,9,0.72692918371156356,5,5,0.27777777777777779
95,84,20,1.0135492675072821,7,7,1.1000000000000001
95,85,73,0.73806386831471416,5,4,0.33333333333333331
95,86,5,1.0740162085954061,8,7,0.14285714285714285
95,87,81,0.82543793420765776,6,5,0.45833333333333331
95,88,20,1.0033885417121393,7,7,0.10000000000000001
95,89,9,0.68366200689780254,5,5,0.61111111111111116
95,90,1,0.82166843493184594,6,6,0.14285714285714285
95,91,33,0.42544028782948923,3,3,0.25
95,92,9,0.61352113358623639,5,4,0.20000000000000001
95,93,8,0.60780799349394499,4,4,1
95,94,95,0.19123483732030452,1,1,7.7345238095238091
95,95,-1,0,0,0,29.108333333333334
95,96,19,1.0694803327296889,8,6,1.4166666666666665
95,97,63,0.84269624471107429,5,5,0.20000000000000001
95,98,31,0.81357332044710939,6,6,0.14285714285714285
95,99,23,0.74809448364749964,4,4,0.32500000000000001
96,0,32,0.80229117781563186,5,5,1.3333333333333333
96,1,92,0.83716209604769487,6,6,0.14285714285714285
96,2,96,0.14730884998648824,1,1,0.16666666666666666
96,3,27,0.73363932058837289,6,5,1
96,4,18,0.38257873405258169,3,3,0.10000000000000001
96,5,86,0.28477911432702624,2,2,0.33333333333333331
96,6,39,0.62437739347802812,5,5,0.69841269841269837
96,7,16,0.69353393950683562,4,4,0.59999999999999998
96,8,55,0.89088624766872171,6,5,0.3611111111111111
96,9,92,0.80669524973571605,6,6,0.5
96,10,40,0.83206655543210106,6,5,1.3611111111111112
96,11,75,0.96545468234539167,7,7,0.1111111111111111
96,12,94,0.95481354705550436,6,6,0.20000000000000001
96,13,7,0.87844362080139426,5,5,0.10000000000000001
96,14,96,0.15138396250476935,1,1,0.20000000000000001
96,15,98,0.73992248606160094,5,5,0.33333333333333331
96,16,85,0.50822504661663925,3,3,3.1666666666666665
96,17,23,0.73941090784732,5,4,0.1111111111111111
96,18,77,0.35719528327007877,2,2,0.21111111111111111
96,19,96,0.19200203366803054,1,1,15.766269841269841
96,20,84,0.39981946162931048,3,3,4.9841269841269842
96,21,66,0.8181047381766049,5,5,0.5
96,22,27,0.80675846789736871,6,6,0.33333333333333331
96,23,16,0.61092215002946471,4,4,2.4416666666666664
96,24,21,0.99163112256134411,6,6,0.33333333333333331
96,25,97,0.84350352186484978,5,5,0.1111111111111111
96,26,92,0.75875228427229635,6,5,0.125
96,27,39,0.67741130241739733,5,5,1.8333333333333333
96,28,47,0.44543799544736024,3,3,4.3861111111111111
96,29,97,0.73151532349730364,5,5,0.125
96,30,32,0.71098932831224193,5,4,0.5
96,31,20,0.54468509590609193,4,4,0.14285714285714285
96,32,28,0.62189313047030614,4,4,2.5333333333333332
96,33,46,0.69167003585366127,4,4,0.10000000000000001
96,34,62,0.40819826331414788,3,3,0.125
96,35,44,0.44025308720719974,3,3,0.33333333333333331
96,36,10,0.98577443566171041,7,6,1.1111111111111112
96,37,61,0.55407952516686931,4,4,0.45833333333333331
96,38,19,0.25915246594828578,2,2,0.33333333333333331
96,39,20,0.52924417914320143,4,4,3.3650793650793647
96,40,70,0.72490708177165941,5,4,1.4861111111111112
96,41,94,0.99677519499290645,6,6,0.33333333333333331
96,42,37,0.74869754216764073,5,5,0.33333333333333331
96,43,32,0.74874043356023012,5,5,0.5
96,44,45,0.33347528422776246,2,2,3.0944444444444446
96,45,96,0.13799424743616448,1,1,3.3944444444444448
96,46,73,0.55484729865531979,3,3,3.7833333333333337
96,47,19,0.27643129719415471,2,2,4.552777777777778
96,48,93,0.81894216923139218,6,5,0.20000000000000001
96,49,96,0.13087129568928085,1,1,0.5
96,50,92,0.88527178106191451,6,6,0.25
96,51,96,0.1988533116598723,1,1,1
96,52,58,0.76341310424872033,6,6,0.5
96,53,46,0.66367417415946228,4,4,0.20000000000000001
96,54,96,0.076197098488596682,1,1,1
96,55,23,0.72071532374561686,5,4,0.68611111111111112
96,56,19,0.31223439901102024,2,2,0.33333333333333331
96,57,96,0.059732204801715504,1,1,5.2841269841269831
96,58,60,0.74301880043178659,5,5,1
96,59,78,0.40155084660119156,3,3,2.8607142857142858
96,60,59,0.55521752856698203,4,4,2.717857142857143
96,61,64,0.41713770446604037,3,3,0.55833333333333335
96,62,77,0.34991613288373591,2,2,0.26785714285714285
96,63,23,0.76583923716327829,5,5,0.1111111111111111
96,64,77,0.24425785232503427,2,2,0.7583333333333333
96,65,96,0.10547791537530744,1,1,0.33333333333333331
96,66,46,0.69400778859278023,4,4,1.7833333333333332
96,67,8,0.94567692061798247,7,6,0.1111111111111111
96,68,0,0.99193310037739124,6,6,0.33333333333333331
96,69,94,1.0632837416908232,6,6,0.125
96,70,28,0.52825699081472199,4,3,1.6527777777777779
96,71,92,0.93213567363023997,6,6,0.33333333333333331
96,72,46,0.67212257392551,4,4,0.20000000000000001
96,73,19,0.37420207896923152,2,2,3.9083333333333337
96,74,55,0.9022516822896145,6,5,0.20000000000000001
96,75,6,0.82101659439626751,6,6,0.36507936507936506
96,76,45,0.28078892116187526,2,2,0.10000000000000001
96,77,96,0.15950432888965693,1,1,1.5706349206349206
96,78,19,0.24731138710398728,2,2,3.0273809523809523
96,79,39,0.69988949213298857,5,5,0.66666666666666663
96,80,96,0.086217048548694983,1,1,0.16666666666666666
96,81,97,0.82676001391160103,5,5,1
96,82,46,0.66401162975594896,4,4,0.25
96,83,27,0.80503856043649202,6,6,0.16666666666666666
96,84,57,0.22994814823753634,2,2,5.1841269841269835
96,85,19,0.35947374494979412,2,2,3.5
96,86,96,0.16957193259256556,1,1,0.47619047619047616
96,87,97,0.8002210732306313,5,5,0.125
96,88,84,0.35433664096238382,3,2,0.10000000000000001
96,89,79,0.86578691922493356,6,6,0.5
96,90,75,0.88557424007718122,7,6,0.14285714285714285
96,91,46,0.65243102827612776,4,4,0.25
96,92,60,0.74350303440350596,5,5,1.5511904761904762
96,93,23,0.80527560816137611,5,5,1.2
96,94,66,0.87999395560250804,5,5,0.78333333333333321
96,95,36,1.0694803327296889,8,6,1
96,96,-1,0,0,0,29.858333333333327
96,97,99,0.66538706340997122,4,4,1.5611111111111111
96,98,20,0.56736978987077302,4,4,0.47619047619047616
96,99,44,0.52741075655133851,3,3,1.7611111111111111
97,0,40,0.71939403604557051,5,5,1.6666666666666665
97,1,26,0.94647990469288124,7,6,0.14285714285714285
97,2,96,0.81269591339645952,5,5,0.16666666666666666
97,3,79,0.90933677614326847,7,6,1.1428571428571428
97,4,99,0.29381340652101029,2,2,0.10000000000000001
97,5,86,0.91643504335840509,6,6,0.33333333333333331
97,6,31,0.83554747374330962,6,6,0.66666666666666663
97,7,63,0.32044743048864965,2,2,2.2527777777777778
97,8,93,0.42997970989821344,3,3,1.2416666666666667
97,9,43,0.88466056034692908,5,5,0.75
97,10,21,0.67221444045078094,5,4,0.25
97,11,83,1.1456597730929976,8,7,0.1111111111111111
97,12,24,0.68921753846100731,5,5,0.20000000000000001
97,13,63,0.34988970710401635,2,2,0.21111111111111111
97,14,44,0.5140498399805008,3,3,2.3095238095238098
97,15,6,1.0119907502942789,7,7,0.33333333333333331
97,16,99,0.28065879971266094,2,2,2.4595238095238097
97,17,63,0.32671014702946966,2,2,0.1111111111111111
97,18,99,0.31623162783178471,2,2,0.31111111111111112
97,19,44,0.51299557214869129,3,3,0.1111111111111111
97,20,31,0.88284744939182025,6,6,1
97,21,33,0.60065421192458013,4,4,0.41666666666666663
97,22,79,0.98229496640849256,7,6,0.33333333333333331
97,23,99,0.33028206717724901,2,2,0.33333333333333331
97,24,8,0.57873222345431419,4,4,0.9916666666666667
97,25,97,0.17811645845487853,1,1,0.1111111111111111
97,26,32,0.86777499260500768,6,5,0.26785714285714285
97,27,60,0.86346593599458754,6,6,0.44444444444444442
97,28,73,0.53601548891405892,4,4,3.7317460317460318
97,29,97,0.066128260087332455,1,1,0.125
97,30,82,0.65074163732092893,4,4,0.5
97,31,59,0.7379818151150388,5,5,2.1190476190476186
97,32,70,0.6792331647634261,5,4,1.1678571428571427
97,33,7,0.45934539764512794,3,3,1.7527777777777778
97,34,37,0.29720636597583411,2,2,0.26785714285714285
97,35,99,0.2378444151443061,2,2,7.7853174603174597
97,36,94,0.76182389838261966,5,5,0.1111111111111111
97,37,97,0.1394600015959864,1,1,0.49285714285714288
97,38,56,0.51506878774997966,4,4,0.33333333333333331
97,39,31,0.75858497889749521,6,6,0.16666666666666666
97,40,66,0.60503852777484068,4,4,1.7916666666666665
97,41,24,0.71304434648523152,5,5,0.33333333333333331
97,42,97,0.15814360246699485,1,1,0.33333333333333331
97,43,66,0.68488608977278642,4,4,1.25
97,44,99,0.33191177918220877,2,2,6.1373015873015868
97,45,44,0.52739281597380672,3,3,2.2833333333333332
97,46,16,0.40145232353315446,3,3,2.3345238095238097
97,47,56,0.48270893421582778,4,3,0.16666666666666666
97,48,63,0.24519740953521796,2,2,0.20000000000000001
97,49,96,0.79625835909925202,5,5,0.5
97,50,9,0.99040855476814216,6,6,0.25
97,51,57,0.83262205268524636,5,5,1
97,52,58,0.8933709397495313,7,6,0.5
97,53,63,0.35486846807150541,2,2,0.94999999999999996
97,54,96,0.74158416189856791,5,5,1
97,55,63,0.31852662757376826,2,2,0.125
97,56,35,0.4314528484357858,3,3,0.83333333333333326
97,57,14,0.68906533198467523,4,4,2.1095238095238096
97,58,60,0.87297663593259756,6,6,1
97,59,73,0.5464469177347242,4,4,2.2619047619047614
97,60,28,0.685175364067793,5,5,3.5317460317460316
97,61,37,0.27640182229681531,2,2,0.10000000000000001
97,62,34,0.35548849640624608,3,3,0.14285714285714285
97,63,97,0.17996264591112265,1,1,10.394444444444444
97,64,18,0.43126952234023497,3,3,0.20000000000000001
97,65,57,0.75784933766224594,5,5,0.33333333333333331
97,66,72,0.50269966774201602,3,3,3.5416666666666665
97,67,13,0.47584710612607012,3,3,0.1111111111111111
97,68,0,0.90903595860732989,6,6,0.66666666666666663
97,69,24,0.6940559667517392,5,5,0.125
97,70,46,0.51837701826858973,4,4,1.3345238095238094
97,71,68,1.0008325223268224,7,6,0.33333333333333331
97,72,63,0.36870432158522637,2,2,3.9916666666666667
97,73,35,0.39989858759904801,3,3,6.1186507936507937
97,74,63,0.34427741432263315,2,2,0.20000000000000001
97,75,27,1.0307863675905817,7,7,0.1111111111111111
97,76,44,0.38892088919976575,3,3,0.10000000000000001
97,77,44,0.51103383057043317,3,3,0.33333333333333331
97,78,85,0.51358805239676653,4,3,0.16666666666666666
97,79,60,0.87100620868242518,6,6,1.9206349206349205
97,80,96,0.75160411195866617,5,5,0.16666666666666666
97,81,97,0.16137295050162984,1,1,1
97,82,53,0.49931994459115137,3,3,0.75
97,83,79,0.98116660881707007,7,6,0.27777777777777779
97,84,57,0.85928127542049604,5,5,0.20000000000000001
97,85,35,0.36889810777557935,3,3,0.5
97,86,57,0.80122786162394444,5,5,0.47619047619047616
97,87,97,0.13483400982066007,1,1,0.125
97,88,84,0.98366976814534346,6,6,0.10000000000000001
97,89,92,1.0018823290363943,7,6,0.5
97,90,3,1.0776840701879453,8,7,0.14285714285714285
97,91,72,0.43544843548048456,3,3,0.25
97,92,32,0.85396542344442095,6,5,0.69999999999999996
97,93,63,0.24647497747614611,2,2,2.2416666666666667
97,94,33,0.65146140739076985,4,4,1.2361111111111112
97,95,94,0.8426962447110744,5,5,1
97,96,45,0.66538706340997122,4,4,2.083333333333333
97,97,-1,0,0,0,29.908333333333335
97,98,31,0.85274281572342159,6,6,0.14285714285714285
97,99,97,0.13797630685863274,1,1,17.326587301587303
98,0,32,0.52061071510756829,4,4,1
98,1,79,0.31550622309224252,2,2,0.14285714285714285
98,2,51,0.5630259532465085,4,4,0.16666666666666666
98,3,98,0.18438315347118611,1,1,1.75
98,4,85,0.66183778580682939,4,4,0.32500000000000001
98,5,20,0.28268140098690003,2,2,1.9761904761904761
98,6,98,0.068278560692138335,1,1,1.6984126984126984
98,7,46,0.68878036036125767,5,5,0.69999999999999996
98,8,17,0.87966695988704413,6,6,0.25
98,9,27,0.33432224817848555,2,2,1.1666666666666665
98,10,30,0.57615954314952145,4,4,1.6944444444444444
98,11,75,0.40935584955950194,3,3,0.1111111111111111
98,12,94,0.73105337320168351,6,5,0.20000000000000001
98,13,55,0.87282696906868773,6,6,0.10000000000000001
98,14,78,0.58965954631824202,4,4,0.20000000000000001
98,15,98,0.17255269619082797,1,1,0.33333333333333331
98,16,73,0.60316669338517603,4,4,0.125
98,17,46,0.72794721723258848,5,5,0.3611111111111111
98,18,44,0.64605268008448791,5,4,0.1111111111111111
98,19,78,0.51584471092185846,4,4,0.1111111111111111
98,20,98,0.1675503282414626,1,1,5.1928571428571431
98,21,30,0.59097726494663028,4,4,0.61111111111111105
98,22,6,0.25753092438411856,2,2,0.33333333333333331
98,23,46,0.64467806212585932,5,5,1.5555555555555556
98,24,21,0.76450364933136949,5,5,0.44444444444444442
98,25,63,0.9885426997237915,7,7,0.1111111111111111
98,26,27,0.28322001456774759,2,2,0.125
98,27,98,0.14140222581616599,1,1,2.3249999999999997
98,28,59,0.37071350556095839,3,3,0.20000000000000001
98,29,97,0.91887107581075389,7,6,0.125
98,30,60,0.42908140116956983,3,3,2.8055555555555554
98,31,98,0.1147610006083828,1,1,18.18968253968254
98,32,60,0.34021266776224252,3,3,3.125
98,33,82,0.60668067946936099,5,4,0.10000000000000001
98,34,44,0.75119390340326908,5,5,0.125
98,35,73,0.61489840057911538,4,4,1.3166666666666667
98,36,10,0.7298674233791308,5,5,1.1111111111111112
98,37,4,0.84469087440469437,5,5,0.125
98,38,59,0.44905353252440483,3,3,0.53333333333333333
98,39,98,0.10006751232579955,1,1,0.16666666666666666
98,40,32,0.49035100619587552,4,4,0.57499999999999996
98,41,10,0.771875170086187,5,5,0.33333333333333331
98,42,97,1.0108864181904162,7,6,0.33333333333333331
98,43,32,0.46705997085216644,4,3,0.5
98,44,56,0.60574204126446107,4,4,1.2361111111111112
98,45,38,0.59446375108452054,4,4,0.20000000000000001
98,46,70,0.53497341117733899,4,4,5.4416666666666673
98,47,59,0.43691070522794062,3,3,0.16666666666666666
98,48,7,0.85047096919018361,6,6,0.20000000000000001
98,49,84,0.53675783212466011,3,3,0.5
98,50,3,0.35525271254349378,2,2,0.25
98,51,84,0.39121237945306697,3,3,1.1666666666666667
98,52,27,0.23882002331687846,2,2,0.5
98,53,46,0.64380028668148159,5,5,1.2
98,54,86,0.5609291130950087,4,4,1
98,55,46,0.71389008474101778,5,5,0.42500000000000004
98,56,59,0.44128839187277991,3,3,1.8123015873015873
98,57,84,0.50763758506905754,3,3,0.34999999999999998
98,58,6,0.22260369241168668,2,2,0.5
98,59,31,0.30629589798869739,2,2,6.0912698412698418
98,60,31,0.23144781170677195,2,2,11.955555555555556
98,61,4,0.71753952637999652,5,5,0.10000000000000001
98,62,76,0.72437281581129065,5,5,0.14285714285714285
98,63,23,0.7995951492596729,6,6,1.2222222222222223
98,64,78,0.65230576557572129,4,4,0.20000000000000001
98,65,86,0.48395670118843148,4,3,0.33333333333333331
98,66,82,0.57513975520098082,5,4,0.5
98,67,24,0.91304279121867349,6,6,0.1111111111111111
98,68,9,0.532944626092833,3,3,0.33333333333333331
98,69,94,0.83952356783700244,6,6,0.125
98,70,60,0.41804871644190367,3,3,5.8583333333333343
98,71,9,0.4597629355682909,3,3,0.33333333333333331
98,72,46,0.6522486864475292,5,5,0.20000000000000001
98,73,59,0.45284422812437353,3,3,1.5666666666666667
98,74,55,0.89542644328501542,6,6,0.20000000000000001
98,75,6,0.26491776161037778,2,2,0.36507936507936506
98,76,56,0.60889863058505511,4,4,0.24285714285714285
98,77,78,0.63366850552152887,4,4,0.33333333333333331
98,78,59,0.46053535748590169,3,3,1.0111111111111111
98,79,98,0.16583928660771929,1,1,0.30952380952380953
98,80,86,0.54746019449577532,4,4,0.16666666666666666
98,81,63,0.94589098172862529,7,7,1
98,82,32,0.53956706678464195,4,4,0.84999999999999998
98,83,6,0.25476853268733224,2,2,0.16666666666666666
98,84,20,0.33742164163323674,2,2,2.1166666666666667
98,85,59,0.4866590990159203,3,3,0.65833333333333333
98,86,5,0.39788858272136074,3,3,1.6428571428571428
98,87,97,0.98757682554408155,7,7,0.125
98,88,20,0.3272609158380938,2,2,0.10000000000000001
98,89,3,0.32018826762950592,2,2,0.5
98,90,75,0.32947540729129143,3,2,0.14285714285714285
98,91,70,0.59576807693967893,4,4,0.25
98,92,27,0.27795134482234385,2,2,0.20000000000000001
98,93,53,0.837022889259734,6,6,1
98,94,40,0.65623378174868718,5,5,0.45000000000000001
98,95,36,0.81357332044710928,6,6,1
98,96,57,0.56736978987077302,4,4,0.25
98,97,99,0.85274281572342148,6,6,0.78333333333333333
98,98,-1,0,0,0,29.965476190476195
98,99,35,0.71476650886478876,5,5,0.98333333333333339
99,0,40,0.60205871848722148,5,4,1.6666666666666665
99,1,26,0.80850359783424852,6,5,0.14285714285714285
99,2,96,0.6747196065378267,4,4,0.16666666666666666
99,3,79,0.77136046928463564,6,5,1.1428571428571428
99,4,99,0.15583709966237755,1,1,0.10000000000000001
99,5,86,0.77845873649977237,5,5,0.33333333333333331
99,6,31,0.6975711668846768,5,5,0.66666666666666663
99,7,23,0.27513527527128823,2,2,0.59999999999999998
99,8,55,0.47226985795787324,3,3,0.81944444444444442
99,9,43,0.76302268157542441,5,4,0.5
99,10,66,0.5732189228411575,4,4,0.25
99,11,83,1.0076834662343648,7,6,0.1111111111111111
99,12,94,0.63167923778019142,4,4,0.20000000000000001
99,13,7,0.46004495656584687,3,3,0.10000000000000001
99,14,44,0.37607353312186809,2,2,2.3095238095238098
99,15,6,0.87401444343564594,6,6,0.33333333333333331
99,16,99,0.14268249285402818,1,1,6.2511904761904766
99,17,23,0.32079451813647158,2,2,0.1111111111111111
99,18,99,0.17825532097315194,1,1,0.31111111111111112
99,19,44,0.37501926529005858,2,2,0.1111111111111111
99,20,31,0.74487114253318742,5,5,1
99,21,33,0.50605245086100537,3,3,0.16666666666666666
99,22,79,0.84431865954985974,6,5,0.33333333333333331
99,23,99,0.19230576031861626,1,1,5.4249999999999998
99,24,8,0.62102237151397399,4,4,0.45833333333333331
99,25,97,0.31609276531351127,2,2,0.1111111111111111
99,26,32,0.72979868574637496,5,4,0.51785714285714279
99,27,60,0.72548962913595472,5,5,0.44444444444444442
99,28,73,0.3980391820554261,3,3,3.7317460317460318
99,29,97,0.20410456694596518,2,2,0.125
99,30,82,0.52406204050492833,4,3,0.5
99,31,59,0.60000550825640597,4,4,2.1190476190476186
99,32,70,0.54125685790479339,4,3,1.4178571428571427
99,33,23,0.36474363658155329,2,2,2.036111111111111
99,34,61,0.21140510944579169,2,2,0.125
99,35,99,0.099868108285673343,1,1,7.7853174603174597
99,36,94,0.66722213731904489,4,4,0.1111111111111111
99,37,99,0.14113092982142803,1,1,0.125
99,38,56,0.37709248089134695,3,3,0.33333333333333331
99,39,31,0.62060867203886239,5,5,0.16666666666666666
99,40,82,0.4877032102164916,4,3,1.7916666666666665
99,41,94,0.67364088571759351,4,4,0.33333333333333331
99,42,97,0.29611990932562759,2,2,0.33333333333333331
99,43,82,0.56324821100128175,4,3,1
99,44,99,0.19393547232357602,1,1,6.1373015873015868
99,45,44,0.389416509115174,2,2,2.2833333333333332
99,46,16,0.2634760166745217,2,2,6.1261904761904766
99,47,56,0.34473262735719506,3,2,0.16666666666666666
99,48,63,0.38317371639385067,3,3,0.20000000000000001
99,49,96,0.65828205224061942,4,4,0.5
99,50,26,0.85634993467065534,6,5,0.25
99,51,57,0.69464574582661365,4,4,1
99,52,58,0.75539463289089848,6,5,0.5
99,53,23,0.2562455582738018,2,2,0.20000000000000001
99,54,96,0.60360785503993519,4,4,1
99,55,23,0.3020989340347684,2,2,0.94444444444444442
99,56,35,0.29347654157715308,2,2,0.83333333333333326
99,57,14,0.55108902512604252,3,3,2.1095238095238096
99,58,60,0.73500032907396473,5,5,1
99,59,73,0.40847061087609138,3,3,2.2619047619047614
99,60,28,0.54719905720916018,4,4,3.5317460317460316
99,61,99,0.15384620378407704,1,1,0.36785714285714288
99,62,61,0.24299253416961636,2,2,0.14285714285714285
99,63,97,0.31793895276975537,2,2,1.5111111111111111
99,64,18,0.2932932154816022,2,2,0.20000000000000001
99,65,57,0.61987303080361322,4,4,0.33333333333333331
99,66,91,0.39602684038582625,3,3,0.75
99,67,8,0.52706053090713401,4,4,0.1111111111111111
99,68,0,0.79170064104898086,6,5,0.66666666666666663
99,69,24,0.736346114811399,5,4,0.125
99,70,46,0.38040071140995696,3,3,1.5845238095238094
99,71,68,0.88349720476847327,7,5,0.33333333333333331
99,72,23,0.28092755583104301,2,2,0.20000000000000001
99,73,35,0.26192228074041524,2,2,6.1186507936507937
99,74,63,0.48225372118126586,3,3,0.20000000000000001
99,75,27,0.89281006073194891,6,6,0.1111111111111111
99,76,44,0.25094458234113298,2,2,0.10000000000000001
99,77,44,0.37305752371180045,2,2,0.33333333333333331
99,78,85,0.3756117455381337,3,2,0.16666666666666666
99,79,60,0.73302990182379235,5,5,1.9206349206349205
99,80,96,0.61362780510003345,4,4,0.16666666666666666
99,81,97,0.29934925736026258,2,2,1
99,82,46,0.37264034777515082,3,2,3.5416666666666665
99,83,79,0.84319030195843725,6,5,0.27777777777777779
99,84,57,0.72130496856186332,4,4,0.20000000000000001
99,85,35,0.23092180091694658,2,2,0.5
99,86,57,0.66325155476531172,4,4,0.47619047619047616
99,87,97,0.27281031667929279,2,2,0.125
99,88,84,0.84569346128671075,5,5,0.10000000000000001
99,89,92,0.86390602217776169,6,5,0.5
99,90,3,0.9397077633293125,7,6,0.14285714285714285
99,91,23,0.3265537093762606,2,2,1
99,92,32,0.71598911658578834,5,4,0.69999999999999996
99,93,63,0.38445128433477882,3,2,1
99,94,33,0.55685964632719509,3,3,1.7694444444444444
99,95,94,0.74809448364749964,4,4,1
99,96,45,0.52741075655133851,3,3,2.083333333333333
99,97,99,0.13797630685863274,1,1,3.4055555555555554
99,98,31,0.71476650886478876,5,5,0.14285714285714285
99,99,-1,0,0,0,29.908333333333331
